employee_id,employee_code,first_name,last_name,full_name,gender,date_of_birth,email,phone_number,branch_id,department,designation,manager_id,joining_date,experience_years,salary,employment_type,performance_rating,employee_status
1,BKAIEMP356787,Daksh,Bakshi,Daksh Bakshi,Male,1991-07-13,daksh.bakshi1@bankai.com,3321819600,18,Corporate Banking,Assistant Manager,1.0,2008-07-08,17,73825,Permanent,2.7,Active
2,BKAIEMP539898,Zayyan,Bala,Zayyan Bala,Male,1991-07-13,zayyan.bala2@bankai.com,8637940265,58,Information Technology,Customer Service Executive,2.0,2026-07-04,34,30231,Permanent,3.4,Active
3,BKAIEMP498382,Pahal,Chaudry,Pahal Chaudry,Female,1999-07-11,pahal.chaudry3@bankai.com,6155940781,46,Finance,Cashier,3.0,2018-07-06,5,26423,Permanent,3.8,Inactive
4,BKAIEMP705397,Manan,Pathak,Manan Pathak,Male,1993-07-12,manan.pathak4@bankai.com,1034131647,91,Corporate Banking,Customer Service Executive,1.0,2019-07-06,23,34482,Contract,4.6,Active
5,BKAIEMP270555,Peter,Kadakia,Peter Kadakia,Male,1982-07-15,peter.kadakia5@bankai.com,1928327648,46,Operations,Cashier,3.0,2006-07-09,23,27339,Permanent,2.9,Active
6,BKAIEMP330283,Ishwar,Balay,Ishwar Balay,Male,1985-07-14,ishwar.balay6@bankai.com,6413953767,99,Retail Banking,Cashier,2.0,2025-07-04,35,35336,Permanent,2.7,Active
7,BKAIEMP787277,Jatin,Yohannan,Jatin Yohannan,Male,1974-07-17,jatin.yohannan7@bankai.com,9696532871,51,Compliance,Operations Executive,2.0,2018-07-06,13,34575,Permanent,3.9,Active
8,BKAIEMP479580,Fariq,Sami,Fariq Sami,Male,1991-07-13,fariq.sami8@bankai.com,6697848018,18,Human Resources,Credit Analyst,8.0,2024-07-04,25,53087,Permanent,2.9,Active
9,BKAIEMP500156,Manan,Saran,Manan Saran,Male,1967-07-19,manan.saran9@bankai.com,7048281489,60,Human Resources,Customer Service Executive,5.0,2009-07-08,24,25376,Permanent,2.8,Active
10,BKAIEMP216970,Gaurika,Zacharia,Gaurika Zacharia,Female,1987-07-14,gaurika.zacharia10@bankai.com,9570154303,56,Loans,Operations Executive,8.0,2026-07-04,21,53661,Permanent,3.2,Active
11,BKAIEMP982554,Xavier,Biswas,Xavier Biswas,Male,1973-07-17,xavier.biswas11@bankai.com,2782489638,78,Operations,Credit Analyst,3.0,2015-07-07,19,60587,Permanent,4.4,Active
12,BKAIEMP217301,Rachit,Sarma,Rachit Sarma,Male,1982-07-15,rachit.sarma12@bankai.com,1331509839,40,Operations,Cashier,1.0,2019-07-06,1,43591,Contract,2.7,Active
13,BKAIEMP234628,Ayushman,Karnik,Ayushman Karnik,Male,1975-07-17,ayushman.karnik13@bankai.com,0518347382,71,Loans,Operations Executive,5.0,2010-07-08,8,49876,Permanent,3.0,Active
14,BKAIEMP518373,Keya,Solanki,Keya Solanki,Female,1982-07-15,keya.solanki14@bankai.com,3116566701,57,Human Resources,Relationship Manager,8.0,2023-07-05,19,61246,Permanent,3.3,Active
15,BKAIEMP842225,Chatura,Kothari,Chatura Kothari,Male,2002-07-10,chatura.kothari15@bankai.com,3872624731,30,Corporate Banking,Loan Officer,15.0,2025-07-04,4,56654,Permanent,3.1,Active
16,BKAIEMP354801,Aryan,Zachariah,Aryan Zachariah,Male,1975-07-17,aryan.zachariah16@bankai.com,1326773602,53,Operations,Relationship Manager,4.0,2023-07-05,30,73249,Permanent,3.5,Active
17,BKAIEMP163556,Kevin,Sha,Kevin Sha,Male,1980-07-15,kevin.sha17@bankai.com,6872343098,94,Finance,Customer Service Executive,4.0,2019-07-06,6,31278,Permanent,3.6,Active
18,BKAIEMP564656,Aryan,Sood,Aryan Sood,Male,1970-07-18,aryan.sood18@bankai.com,0812191361,13,Retail Banking,Loan Officer,18.0,2026-07-04,4,41112,Contract,4.6,Active
19,BKAIEMP161483,Anmol,Bumb,Anmol Bumb,Male,1995-07-12,anmol.bumb19@bankai.com,9985435346,49,Retail Banking,Relationship Manager,13.0,2018-07-06,25,74819,Permanent,4.2,Active
20,BKAIEMP262316,Nisha,Bora,Nisha Bora,Female,1993-07-12,nisha.bora20@bankai.com,7991183842,38,Operations,Customer Service Executive,2.0,2008-07-08,31,42766,Permanent,3.3,Active
21,BKAIEMP265080,Qasim,Mane,Qasim Mane,Male,2002-07-10,qasim.mane21@bankai.com,7849808412,66,Corporate Banking,Credit Analyst,6.0,2024-07-04,33,88996,Permanent,4.7,Active
22,BKAIEMP749468,Garima,Magar,Garima Magar,Female,2000-07-10,garima.magar22@bankai.com,9353487401,54,Information Technology,Customer Service Executive,19.0,2010-07-08,2,35366,Contract,3.0,Active
23,BKAIEMP579434,Aarav,Nath,Aarav Nath,Male,1985-07-14,aarav.nath23@bankai.com,4278680112,97,Corporate Banking,Cashier,1.0,2012-07-07,19,43448,Contract,2.7,Active
24,BKAIEMP356150,Ethan,Sani,Ethan Sani,Male,1982-07-15,ethan.sani24@bankai.com,0450533158,37,Loans,Clerk,15.0,2009-07-08,4,33526,Permanent,5.0,Active
25,BKAIEMP413921,Jagat,Gaba,Jagat Gaba,Male,1999-07-11,jagat.gaba25@bankai.com,6025634216,18,Customer Service,Customer Service Executive,4.0,2023-07-05,35,43128,Permanent,3.2,Active
26,BKAIEMP629959,Harish,Sharma,Harish Sharma,Male,1974-07-17,harish.sharma26@bankai.com,4330365414,33,Retail Banking,Operations Executive,3.0,2006-07-09,16,43879,Permanent,2.6,Active
27,BKAIEMP877236,Noah,Bala,Noah Bala,Male,1977-07-16,noah.bala27@bankai.com,4294019655,71,Risk Management,Clerk,18.0,2026-07-04,10,23832,Permanent,4.7,Active
28,BKAIEMP255287,Dalbir,Rajan,Dalbir Rajan,Male,1978-07-16,dalbir.rajan28@bankai.com,4060883561,17,Retail Banking,Sales Executive,10.0,2015-07-07,35,59457,Contract,4.9,Active
29,BKAIEMP470858,David,Mital,David Mital,Male,1970-07-18,david.mital29@bankai.com,6564823662,53,Information Technology,Operations Executive,24.0,2022-07-05,6,37757,Permanent,4.9,Active
30,BKAIEMP920391,Tanmayi,Acharya,Tanmayi Acharya,Female,1979-07-16,tanmayi.acharya30@bankai.com,4369957773,86,Operations,Assistant Manager,9.0,2021-07-05,21,85800,Permanent,3.5,Active
31,BKAIEMP466643,Brijesh,Mander,Brijesh Mander,Male,1986-07-14,brijesh.mander31@bankai.com,1343320037,30,Operations,Relationship Manager,1.0,2020-07-05,29,71113,Permanent,4.7,Active
32,BKAIEMP812526,Sarthak,Hayer,Sarthak Hayer,Male,1971-07-18,sarthak.hayer32@bankai.com,7632016328,43,Retail Banking,Customer Service Executive,8.0,2018-07-06,25,30851,Permanent,5.0,Active
33,BKAIEMP557592,Jeet,Dara,Jeet Dara,Male,1967-07-19,jeet.dara33@bankai.com,2788957986,66,Corporate Banking,Cashier,25.0,2008-07-08,20,31228,Permanent,4.3,Active
34,BKAIEMP481913,Vyanjana,Sengupta,Vyanjana Sengupta,Female,1978-07-16,vyanjana.sengupta34@bankai.com,3487347143,9,Finance,Customer Service Executive,21.0,2023-07-05,12,34840,Permanent,4.2,Active
35,BKAIEMP540869,Banjeet,Devi,Banjeet Devi,Male,1981-07-15,banjeet.devi35@bankai.com,3623166587,87,Loans,Customer Service Executive,20.0,2014-07-07,12,42954,Permanent,3.3,Active
36,BKAIEMP587575,Ucchal,Ramachandran,Ucchal Ramachandran,Female,1977-07-16,ucchal.ramachandran36@bankai.com,9670546688,57,Operations,Customer Service Executive,33.0,2011-07-08,20,30560,Permanent,3.2,Active
37,BKAIEMP805477,Imaran,Mahajan,Imaran Mahajan,Male,1986-07-14,imaran.mahajan37@bankai.com,7065627298,29,Operations,Assistant Manager,10.0,2026-07-04,15,61514,Permanent,3.7,Active
38,BKAIEMP853240,Agastya,Chacko,Agastya Chacko,Male,1981-07-15,agastya.chacko38@bankai.com,2720465375,64,Risk Management,Cashier,16.0,2022-07-05,12,25181,Permanent,4.7,Active
39,BKAIEMP587115,Ucchal,Krishnan,Ucchal Krishnan,Female,2002-07-10,ucchal.krishnan39@bankai.com,7080531003,72,Operations,Relationship Manager,8.0,2012-07-07,33,53738,Permanent,4.2,Inactive
40,BKAIEMP742412,Faraj,Khare,Faraj Khare,Male,1973-07-17,faraj.khare40@bankai.com,7193745299,55,Human Resources,Clerk,29.0,2021-07-05,28,34184,Permanent,3.6,Active
41,BKAIEMP608136,Darika,Bal,Darika Bal,Female,1990-07-13,darika.bal41@bankai.com,9663193149,36,Compliance,Loan Officer,5.0,2017-07-06,33,50367,Permanent,3.3,Active
42,BKAIEMP840734,Oscar,Walia,Oscar Walia,Male,1992-07-12,oscar.walia42@bankai.com,5185067165,9,Risk Management,Loan Officer,27.0,2016-07-06,9,65534,Permanent,3.0,Active
43,BKAIEMP998348,Hema,Vig,Hema Vig,Female,1969-07-18,hema.vig43@bankai.com,9877694531,49,Compliance,Customer Service Executive,1.0,2015-07-07,1,34784,Permanent,4.6,Active
44,BKAIEMP938722,Vincent,Raghavan,Vincent Raghavan,Male,1967-07-19,vincent.raghavan44@bankai.com,0752735454,29,Compliance,Operations Executive,15.0,2018-07-06,34,44281,Permanent,3.5,Active
45,BKAIEMP233827,Aashi,Varughese,Aashi Varughese,Female,1966-07-19,aashi.varughese45@bankai.com,1367837770,69,Retail Banking,Operations Executive,26.0,2008-07-08,29,48493,Permanent,2.7,Active
46,BKAIEMP497519,Tanmayi,Kohli,Tanmayi Kohli,Female,1985-07-14,tanmayi.kohli46@bankai.com,9578856855,28,Compliance,Relationship Manager,21.0,2016-07-06,16,69846,Permanent,4.9,Active
47,BKAIEMP154615,Ladli,Kashyap,Ladli Kashyap,Female,1983-07-15,ladli.kashyap47@bankai.com,3518233749,29,Corporate Banking,Cashier,42.0,2025-07-04,34,26016,Contract,3.0,Active
48,BKAIEMP691364,Chandresh,Hari,Chandresh Hari,Male,1992-07-12,chandresh.hari48@bankai.com,3524082400,60,Customer Service,Relationship Manager,24.0,2021-07-05,7,52506,Permanent,2.9,Active
49,BKAIEMP515922,Yatan,Chauhan,Yatan Chauhan,Male,1993-07-12,yatan.chauhan49@bankai.com,9477752047,10,Information Technology,Credit Analyst,45.0,2006-07-09,24,65915,Permanent,4.4,Active
50,BKAIEMP464069,Yatan,Borah,Yatan Borah,Male,1971-07-18,yatan.borah50@bankai.com,2294131869,55,Finance,Relationship Manager,5.0,2010-07-08,2,67362,Permanent,3.6,Active
51,BKAIEMP841666,Ranveer,Seshadri,Ranveer Seshadri,Male,1996-07-11,ranveer.seshadri51@bankai.com,4964990913,56,Loans,Cashier,47.0,2010-07-08,29,33850,Permanent,4.8,Active
52,BKAIEMP437960,Farhan,Khatri,Farhan Khatri,Male,1990-07-13,farhan.khatri52@bankai.com,8120679740,12,Customer Service,Sales Executive,29.0,2019-07-06,17,54591,Permanent,4.0,Active
53,BKAIEMP611233,Utkarsh,Bobal,Utkarsh Bobal,Male,1992-07-12,utkarsh.bobal53@bankai.com,4936183242,46,Customer Service,Sales Executive,22.0,2018-07-06,11,58846,Permanent,4.7,Active
54,BKAIEMP855053,Mitesh,Mani,Mitesh Mani,Male,1979-07-16,mitesh.mani54@bankai.com,1746488771,63,Human Resources,Relationship Manager,49.0,2019-07-06,15,76201,Permanent,3.7,Active
55,BKAIEMP421080,Neel,Krishna,Neel Krishna,Male,1968-07-18,neel.krishna55@bankai.com,1399049027,48,Compliance,Loan Officer,36.0,2010-07-08,15,57528,Permanent,4.4,Active
56,BKAIEMP341736,Hemangini,Sarin,Hemangini Sarin,Female,1998-07-11,hemangini.sarin56@bankai.com,1756551256,93,Operations,Loan Officer,21.0,2023-07-05,16,47133,Permanent,4.3,Active
57,BKAIEMP205409,Andrew,Sha,Andrew Sha,Male,1993-07-12,andrew.sha57@bankai.com,5451680876,38,Operations,Operations Executive,24.0,2021-07-05,18,39904,Permanent,3.8,Active
58,BKAIEMP768854,Radhika,Tara,Radhika Tara,Female,1974-07-17,radhika.tara58@bankai.com,0348247710,14,Retail Banking,Customer Service Executive,37.0,2017-07-06,8,40381,Permanent,3.4,Active
59,BKAIEMP962050,Nachiket,Atwal,Nachiket Atwal,Male,2001-07-10,nachiket.atwal59@bankai.com,1317127484,52,Compliance,Sales Executive,5.0,2008-07-08,7,50625,Permanent,2.9,Active
60,BKAIEMP224205,Keya,Shan,Keya Shan,Female,1970-07-18,keya.shan60@bankai.com,6398214658,98,Risk Management,Assistant Manager,39.0,2007-07-09,15,85910,Permanent,4.4,Active
61,BKAIEMP420214,Neha,Suri,Neha Suri,Female,1969-07-18,neha.suri61@bankai.com,7875588675,80,Retail Banking,Loan Officer,40.0,2023-07-05,27,48617,Permanent,3.2,Active
62,BKAIEMP102805,Rehaan,Kaur,Rehaan Kaur,Male,1979-07-16,rehaan.kaur62@bankai.com,0576627028,58,Information Technology,Customer Service Executive,31.0,2017-07-06,10,26069,Permanent,4.3,Active
63,BKAIEMP926097,Thomas,Chaudhry,Thomas Chaudhry,Male,1968-07-18,thomas.chaudhry63@bankai.com,0262174596,85,Operations,Operations Executive,28.0,2023-07-05,16,47844,Permanent,2.9,Active
64,BKAIEMP723948,Ranveer,Nadig,Ranveer Nadig,Male,1969-07-18,ranveer.nadig64@bankai.com,8091343161,37,Compliance,Assistant Manager,16.0,2012-07-07,19,82566,Permanent,3.5,Active
65,BKAIEMP553014,Mason,Balakrishnan,Mason Balakrishnan,Male,1985-07-14,mason.balakrishnan65@bankai.com,5045562386,78,Customer Service,Cashier,4.0,2024-07-04,2,32501,Contract,4.6,Active
66,BKAIEMP704238,Harita,Brar,Harita Brar,Female,2003-07-10,harita.brar66@bankai.com,9379237474,98,Loans,Clerk,61.0,2010-07-08,17,32674,Permanent,3.2,Inactive
67,BKAIEMP592841,Farhan,Borah,Farhan Borah,Male,1983-07-15,farhan.borah67@bankai.com,5946474367,53,Finance,Sales Executive,42.0,2023-07-05,5,58106,Permanent,3.5,Active
68,BKAIEMP138479,Praneel,Merchant,Praneel Merchant,Male,1976-07-16,praneel.merchant68@bankai.com,0640909743,12,Finance,Cashier,33.0,2016-07-06,35,28798,Contract,3.5,Active
69,BKAIEMP584417,Ikshita,Krishna,Ikshita Krishna,Female,1979-07-16,ikshita.krishna69@bankai.com,1047095214,7,Operations,Customer Service Executive,67.0,2015-07-07,34,41334,Permanent,4.4,Active
70,BKAIEMP832168,Harish,Deo,Harish Deo,Male,1974-07-17,harish.deo70@bankai.com,8842474517,16,Retail Banking,Credit Analyst,31.0,2021-07-05,28,70365,Permanent,3.9,Active
71,BKAIEMP223172,Sneha,Pau,Sneha Pau,Female,1996-07-11,sneha.pau71@bankai.com,6048175496,64,Customer Service,Credit Analyst,66.0,2018-07-06,29,77229,Permanent,5.0,Active
72,BKAIEMP882544,Warinder,Bakshi,Warinder Bakshi,Male,1997-07-11,warinder.bakshi72@bankai.com,9317461200,9,Customer Service,Cashier,54.0,2016-07-06,32,41637,Permanent,2.5,Active
73,BKAIEMP255813,Chasmum,Keer,Chasmum Keer,Female,1977-07-16,chasmum.keer73@bankai.com,6758692617,69,Compliance,Customer Service Executive,45.0,2016-07-06,31,43085,Permanent,3.4,Active
74,BKAIEMP699573,Anamika,Prabhakar,Anamika Prabhakar,Female,1981-07-15,anamika.prabhakar74@bankai.com,7735158506,30,Risk Management,Clerk,6.0,2016-07-06,15,34201,Permanent,4.8,Active
75,BKAIEMP619389,Vasana,Chand,Vasana Chand,Female,2003-07-10,vasana.chand75@bankai.com,9005329318,17,Human Resources,Sales Executive,43.0,2023-07-05,9,58645,Permanent,2.7,Active
76,BKAIEMP178463,Jackson,Narasimhan,Jackson Narasimhan,Male,1975-07-17,jackson.narasimhan76@bankai.com,9042284210,34,Finance,Relationship Manager,51.0,2006-07-09,9,50263,Permanent,4.6,Active
77,BKAIEMP667296,Jagat,Naik,Jagat Naik,Male,2003-07-10,jagat.naik77@bankai.com,2402681177,80,Corporate Banking,Loan Officer,31.0,2006-07-09,31,53833,Contract,4.4,Active
78,BKAIEMP565230,Chatura,Seth,Chatura Seth,Male,1995-07-12,chatura.seth78@bankai.com,9084700766,89,Customer Service,Customer Service Executive,4.0,2025-07-04,6,35629,Permanent,3.2,Active
79,BKAIEMP278240,Balhaar,Buch,Balhaar Buch,Male,1994-07-12,balhaar.buch79@bankai.com,9212499856,11,Information Technology,Customer Service Executive,49.0,2007-07-09,11,32891,Permanent,4.0,Active
80,BKAIEMP943718,Utkarsh,Tiwari,Utkarsh Tiwari,Male,1976-07-16,utkarsh.tiwari80@bankai.com,1183673657,37,Human Resources,Cashier,21.0,2024-07-04,0,39474,Contract,5.0,Active
81,BKAIEMP986365,Nirja,Sane,Nirja Sane,Female,1986-07-14,nirja.sane81@bankai.com,4527111161,26,Risk Management,Operations Executive,62.0,2023-07-05,29,37772,Permanent,3.4,Active
82,BKAIEMP387813,Ayushman,Narayan,Ayushman Narayan,Male,2005-07-09,ayushman.narayan82@bankai.com,6560494519,73,Retail Banking,Assistant Manager,78.0,2011-07-08,25,87290,Permanent,3.2,Active
83,BKAIEMP751051,Wridesh,Kapur,Wridesh Kapur,Male,1989-07-13,wridesh.kapur83@bankai.com,5851493689,87,Loans,Cashier,81.0,2023-07-05,12,26291,Permanent,3.6,Active
84,BKAIEMP442589,Lila,Balakrishnan,Lila Balakrishnan,Female,1979-07-16,lila.balakrishnan84@bankai.com,4455022961,23,Operations,Assistant Manager,17.0,2009-07-08,18,88719,Contract,3.8,Active
85,BKAIEMP945664,Zilmil,Kale,Zilmil Kale,Female,1987-07-14,zilmil.kale85@bankai.com,6752545991,96,Finance,Loan Officer,15.0,2012-07-07,30,39934,Permanent,4.9,Active
86,BKAIEMP483542,Arya,Bumb,Arya Bumb,Female,2000-07-10,arya.bumb86@bankai.com,7679764381,51,Retail Banking,Clerk,34.0,2009-07-08,35,24024,Permanent,4.2,Active
87,BKAIEMP213609,Lucky,Sur,Lucky Sur,Male,1991-07-13,lucky.sur87@bankai.com,0369003432,61,Retail Banking,Sales Executive,80.0,2009-07-08,23,40748,Permanent,3.1,Active
88,BKAIEMP780776,Dipta,Amble,Dipta Amble,Female,1979-07-16,dipta.amble88@bankai.com,6226838851,15,Loans,Credit Analyst,6.0,2025-07-04,19,69946,Contract,2.8,Active
89,BKAIEMP803055,Aditya,Sharaf,Aditya Sharaf,Male,1971-07-18,aditya.sharaf89@bankai.com,5969664160,54,Information Technology,Cashier,20.0,2013-07-07,23,28244,Permanent,4.0,Active
90,BKAIEMP564920,Victor,Pathak,Victor Pathak,Male,1977-07-16,victor.pathak90@bankai.com,6136968164,31,Finance,Operations Executive,13.0,2015-07-07,13,47841,Permanent,4.1,Active
91,BKAIEMP196126,Frado,Bose,Frado Bose,Male,1992-07-12,frado.bose91@bankai.com,8835523124,83,Information Technology,Clerk,3.0,2025-07-04,29,34890,Permanent,5.0,Active
92,BKAIEMP317220,Faraj,Borra,Faraj Borra,Male,1968-07-18,faraj.borra92@bankai.com,7799799552,28,Operations,Sales Executive,43.0,2022-07-05,35,55842,Permanent,2.5,Active
93,BKAIEMP937302,Timothy,Mitter,Timothy Mitter,Male,1994-07-12,timothy.mitter93@bankai.com,9058147700,15,Retail Banking,Relationship Manager,17.0,2026-07-04,16,68477,Permanent,3.1,Active
94,BKAIEMP651640,Chakradev,Tripathi,Chakradev Tripathi,Male,1998-07-11,chakradev.tripathi94@bankai.com,7980793597,96,Corporate Banking,Assistant Manager,61.0,2012-07-07,26,85494,Permanent,4.0,Active
95,BKAIEMP416282,Umang,Chauhan,Umang Chauhan,Male,1976-07-16,umang.chauhan95@bankai.com,1820377889,83,Retail Banking,Customer Service Executive,8.0,2011-07-08,33,38160,Permanent,2.8,Active
96,BKAIEMP737846,Lohit,Ram,Lohit Ram,Male,1996-07-11,lohit.ram96@bankai.com,5905151864,9,Loans,Credit Analyst,36.0,2007-07-09,20,88362,Permanent,3.3,Inactive
97,BKAIEMP203996,Ojas,Bumb,Ojas Bumb,Male,1998-07-11,ojas.bumb97@bankai.com,5462914865,84,Human Resources,Cashier,93.0,2020-07-05,27,39092,Permanent,3.1,Active
98,BKAIEMP427730,Siddharth,Trivedi,Siddharth Trivedi,Male,1978-07-16,siddharth.trivedi98@bankai.com,0542357332,41,Customer Service,Cashier,48.0,2022-07-05,6,40540,Permanent,4.6,Active
99,BKAIEMP683397,Chandresh,Tripathi,Chandresh Tripathi,Male,2002-07-10,chandresh.tripathi99@bankai.com,5929622292,76,Human Resources,Operations Executive,72.0,2016-07-06,8,51954,Permanent,3.4,Active
100,BKAIEMP401601,Rajata,Khanna,Rajata Khanna,Female,1967-07-19,rajata.khanna100@bankai.com,9473834735,40,Finance,Sales Executive,14.0,2008-07-08,3,46626,Permanent,4.1,Active
101,BKAIEMP220465,Lohit,Raja,Lohit Raja,Male,1988-07-13,lohit.raja101@bankai.com,2392407581,74,Operations,Sales Executive,55.0,2009-07-08,23,55147,Permanent,4.0,Active
102,BKAIEMP130359,Benjamin,Dyal,Benjamin Dyal,Male,1994-07-12,benjamin.dyal102@bankai.com,7826137506,35,Customer Service,Credit Analyst,44.0,2015-07-07,17,50400,Permanent,2.9,Active
103,BKAIEMP196214,Rachit,Keer,Rachit Keer,Male,1972-07-17,rachit.keer103@bankai.com,1530515220,28,Risk Management,Operations Executive,54.0,2012-07-07,1,41170,Permanent,3.3,Active
104,BKAIEMP263137,Vrinda,Sen,Vrinda Sen,Female,1995-07-12,vrinda.sen104@bankai.com,1043289861,97,Information Technology,Customer Service Executive,7.0,2024-07-04,3,33916,Permanent,3.6,Active
105,BKAIEMP219346,Darsh,Batta,Darsh Batta,Male,1983-07-15,darsh.batta105@bankai.com,6971179808,56,Corporate Banking,Relationship Manager,37.0,2008-07-08,32,76891,Permanent,3.3,Active
106,BKAIEMP416061,Mugdha,Sanghvi,Mugdha Sanghvi,Female,1992-07-12,mugdha.sanghvi106@bankai.com,9539621851,99,Loans,Assistant Manager,98.0,2018-07-06,13,69484,Permanent,2.5,Active
107,BKAIEMP624563,Zehaan,Bahri,Zehaan Bahri,Male,1970-07-18,zehaan.bahri107@bankai.com,7065405153,86,Finance,Cashier,10.0,2014-07-07,14,26386,Permanent,3.6,Active
108,BKAIEMP843963,Ekalinga,Basu,Ekalinga Basu,Male,1979-07-16,ekalinga.basu108@bankai.com,8527722170,38,Corporate Banking,Cashier,52.0,2026-07-04,25,35642,Permanent,4.9,Active
109,BKAIEMP985506,Harish,Barman,Harish Barman,Male,1999-07-11,harish.barman109@bankai.com,4868740345,32,Risk Management,Cashier,76.0,2014-07-07,27,42169,Permanent,4.7,Active
110,BKAIEMP635280,David,Pillai,David Pillai,Male,1998-07-11,david.pillai110@bankai.com,6765277584,68,Human Resources,Operations Executive,25.0,2015-07-07,4,41504,Permanent,4.5,Active
111,BKAIEMP281926,Tanveer,Gole,Tanveer Gole,Male,1967-07-19,tanveer.gole111@bankai.com,5115447962,20,Corporate Banking,Relationship Manager,23.0,2006-07-09,12,77382,Permanent,3.9,Active
112,BKAIEMP757685,Ansh,Pandit,Ansh Pandit,Male,1985-07-14,ansh.pandit112@bankai.com,4016582029,20,Compliance,Credit Analyst,9.0,2011-07-08,20,78980,Permanent,4.5,Active
113,BKAIEMP573866,Bahadurjit,Keer,Bahadurjit Keer,Male,2003-07-10,bahadurjit.keer113@bankai.com,5690927557,8,Finance,Assistant Manager,107.0,2017-07-06,29,62514,Permanent,4.9,Active
114,BKAIEMP930281,Qadim,Rao,Qadim Rao,Male,2003-07-10,qadim.rao114@bankai.com,4310278681,58,Information Technology,Cashier,84.0,2020-07-05,35,35535,Permanent,3.8,Active
115,BKAIEMP849014,Hredhaan,Mangal,Hredhaan Mangal,Male,2000-07-10,hredhaan.mangal115@bankai.com,3121727155,65,Loans,Sales Executive,6.0,2019-07-06,21,53187,Permanent,3.6,Active
116,BKAIEMP506235,Maanav,Mital,Maanav Mital,Male,1979-07-16,maanav.mital116@bankai.com,2583132370,100,Finance,Cashier,87.0,2007-07-09,18,26715,Permanent,4.1,Active
117,BKAIEMP364236,Qarin,Sibal,Qarin Sibal,Male,1967-07-19,qarin.sibal117@bankai.com,9114678669,20,Finance,Customer Service Executive,11.0,2008-07-08,18,29634,Permanent,3.3,Active
118,BKAIEMP424620,Balhaar,Sengupta,Balhaar Sengupta,Male,1970-07-18,balhaar.sengupta118@bankai.com,8528922680,49,Finance,Relationship Manager,105.0,2022-07-05,5,79497,Permanent,4.2,Active
119,BKAIEMP458332,Max,Gala,Max Gala,Male,1974-07-17,max.gala119@bankai.com,5358414384,25,Operations,Loan Officer,18.0,2022-07-05,13,40057,Permanent,4.5,Active
120,BKAIEMP139581,Chakradhar,Thakkar,Chakradhar Thakkar,Male,1984-07-14,chakradhar.thakkar120@bankai.com,9922995900,99,Information Technology,Operations Executive,17.0,2007-07-09,33,42344,Permanent,3.0,Active
121,BKAIEMP145814,Kevin,Kade,Kevin Kade,Male,1979-07-16,kevin.kade121@bankai.com,9078447364,47,Operations,Credit Analyst,57.0,2007-07-09,28,68673,Permanent,4.5,Active
122,BKAIEMP975679,Farhan,Sarraf,Farhan Sarraf,Male,1993-07-12,farhan.sarraf122@bankai.com,7735925556,48,Information Technology,Clerk,57.0,2012-07-07,30,34606,Permanent,3.5,Active
123,BKAIEMP362147,Damyanti,Nagar,Damyanti Nagar,Female,2002-07-10,damyanti.nagar123@bankai.com,7147321046,83,Compliance,Sales Executive,112.0,2015-07-07,8,48171,Contract,4.3,Active
124,BKAIEMP386042,Fariq,Narang,Fariq Narang,Male,1977-07-16,fariq.narang124@bankai.com,3278774701,66,Loans,Assistant Manager,107.0,2013-07-07,10,63005,Contract,3.1,Active
125,BKAIEMP515712,Jai,Kale,Jai Kale,Male,1973-07-17,jai.kale125@bankai.com,0047974801,48,Operations,Assistant Manager,50.0,2024-07-04,3,72285,Permanent,3.3,Active
126,BKAIEMP244283,Rajeshri,Rau,Rajeshri Rau,Female,2003-07-10,rajeshri.rau126@bankai.com,0609835841,37,Compliance,Cashier,90.0,2022-07-05,9,40371,Permanent,2.5,Active
127,BKAIEMP862560,Logan,Dani,Logan Dani,Male,1967-07-19,logan.dani127@bankai.com,1655852398,68,Risk Management,Sales Executive,15.0,2017-07-06,35,37786,Permanent,2.6,Active
128,BKAIEMP977330,Aradhana,Barad,Aradhana Barad,Female,1974-07-17,aradhana.barad128@bankai.com,5787298259,77,Human Resources,Cashier,5.0,2006-07-09,7,41887,Permanent,4.3,Active
129,BKAIEMP296412,Mason,Nayar,Mason Nayar,Male,2000-07-10,mason.nayar129@bankai.com,9470551694,68,Finance,Cashier,18.0,2010-07-08,26,42828,Permanent,5.0,Active
130,BKAIEMP491435,Kevin,Kari,Kevin Kari,Male,1989-07-13,kevin.kari130@bankai.com,9728962309,96,Retail Banking,Cashier,92.0,2024-07-04,24,36298,Permanent,4.1,Active
131,BKAIEMP146489,Thomas,Murthy,Thomas Murthy,Male,1983-07-15,thomas.murthy131@bankai.com,2636897028,70,Finance,Operations Executive,45.0,2012-07-07,8,52786,Permanent,3.0,Active
132,BKAIEMP407696,Waida,Vora,Waida Vora,Female,1993-07-12,waida.vora132@bankai.com,5278585497,6,Operations,Clerk,11.0,2016-07-06,2,27080,Permanent,5.0,Active
133,BKAIEMP400009,Manthan,Kar,Manthan Kar,Male,1983-07-15,manthan.kar133@bankai.com,4375758441,100,Retail Banking,Operations Executive,85.0,2018-07-06,12,34078,Permanent,3.6,Active
134,BKAIEMP295892,Rudra,Pai,Rudra Pai,Male,1974-07-17,rudra.pai134@bankai.com,4041574733,89,Compliance,Clerk,95.0,2010-07-08,21,26369,Permanent,4.3,Active
135,BKAIEMP408036,Laban,Devan,Laban Devan,Male,1985-07-14,laban.devan135@bankai.com,9933083301,14,Corporate Banking,Sales Executive,84.0,2017-07-06,34,40043,Permanent,4.3,Active
136,BKAIEMP744718,Chandresh,Devan,Chandresh Devan,Male,1978-07-16,chandresh.devan136@bankai.com,8267734540,36,Retail Banking,Cashier,20.0,2006-07-09,22,38310,Permanent,4.5,Active
137,BKAIEMP136489,Anjali,Gill,Anjali Gill,Female,1997-07-11,anjali.gill137@bankai.com,2067240049,9,Operations,Relationship Manager,94.0,2015-07-07,28,70090,Contract,2.6,Active
138,BKAIEMP900152,Lucky,Sha,Lucky Sha,Male,2001-07-10,lucky.sha138@bankai.com,2874315274,74,Loans,Cashier,136.0,2015-07-07,28,38042,Permanent,3.2,Active
139,BKAIEMP505785,Manbir,Hans,Manbir Hans,Male,1970-07-18,manbir.hans139@bankai.com,9668516122,16,Customer Service,Relationship Manager,67.0,2012-07-07,33,59062,Contract,3.2,Active
140,BKAIEMP574001,Aarush,Lal,Aarush Lal,Male,1994-07-12,aarush.lal140@bankai.com,3745499045,92,Compliance,Relationship Manager,23.0,2016-07-06,4,67768,Permanent,3.9,Active
141,BKAIEMP932250,Viraj,Mohanty,Viraj Mohanty,Male,1982-07-15,viraj.mohanty141@bankai.com,6841459332,66,Operations,Relationship Manager,32.0,2020-07-05,11,54101,Permanent,3.7,Active
142,BKAIEMP236074,Rachit,Sagar,Rachit Sagar,Male,1966-07-19,rachit.sagar142@bankai.com,8339187851,12,Corporate Banking,Cashier,80.0,2014-07-07,35,40684,Permanent,4.4,Active
143,BKAIEMP571832,Zayyan,Jain,Zayyan Jain,Male,1976-07-16,zayyan.jain143@bankai.com,2587139718,88,Human Resources,Clerk,89.0,2022-07-05,4,34783,Permanent,4.0,Active
144,BKAIEMP971776,Dominic,Varghese,Dominic Varghese,Male,1998-07-11,dominic.varghese144@bankai.com,7908740640,67,Loans,Customer Service Executive,78.0,2021-07-05,3,30307,Permanent,4.3,Active
145,BKAIEMP362778,Aradhana,Sampath,Aradhana Sampath,Female,1993-07-12,aradhana.sampath145@bankai.com,1801704622,82,Human Resources,Credit Analyst,71.0,2022-07-05,5,69845,Permanent,2.7,Active
146,BKAIEMP790731,Udarsh,Purohit,Udarsh Purohit,Male,1966-07-19,udarsh.purohit146@bankai.com,1825128682,93,Information Technology,Customer Service Executive,87.0,2008-07-08,10,26349,Permanent,2.6,Active
147,BKAIEMP904214,Manthan,Sheth,Manthan Sheth,Male,1969-07-18,manthan.sheth147@bankai.com,8633752431,54,Information Technology,Customer Service Executive,8.0,2011-07-08,13,42877,Permanent,4.9,Active
148,BKAIEMP575575,Adweta,Khosla,Adweta Khosla,Female,2001-07-10,adweta.khosla148@bankai.com,1190790306,89,Retail Banking,Operations Executive,41.0,2012-07-07,19,43619,Permanent,3.0,Active
149,BKAIEMP518084,Ikbal,Bhalla,Ikbal Bhalla,Male,1997-07-11,ikbal.bhalla149@bankai.com,8439599534,98,Finance,Operations Executive,132.0,2009-07-08,22,33479,Permanent,3.7,Active
150,BKAIEMP502810,Samuel,Mital,Samuel Mital,Male,1966-07-19,samuel.mital150@bankai.com,0892687056,54,Operations,Assistant Manager,41.0,2016-07-06,18,78929,Permanent,3.0,Active
151,BKAIEMP621530,Tara,Dixit,Tara Dixit,Female,2004-07-09,tara.dixit151@bankai.com,6287334270,12,Risk Management,Cashier,130.0,2012-07-07,19,32888,Permanent,3.4,Active
152,BKAIEMP399628,Ekalinga,Rama,Ekalinga Rama,Male,1971-07-18,ekalinga.rama152@bankai.com,4351751830,2,Corporate Banking,Credit Analyst,111.0,2022-07-05,30,67332,Permanent,4.4,Active
153,BKAIEMP480133,Anmol,Bora,Anmol Bora,Male,1970-07-18,anmol.bora153@bankai.com,9837354033,37,Corporate Banking,Customer Service Executive,99.0,2010-07-08,12,39757,Permanent,3.2,Inactive
154,BKAIEMP513037,Harsh,Ranganathan,Harsh Ranganathan,Male,1982-07-15,harsh.ranganathan154@bankai.com,8546785445,44,Human Resources,Relationship Manager,94.0,2022-07-05,6,58045,Permanent,3.5,Active
155,BKAIEMP644559,Chandran,Singh,Chandran Singh,Male,1976-07-16,chandran.singh155@bankai.com,3556093204,20,Information Technology,Operations Executive,132.0,2022-07-05,30,40746,Contract,3.3,Active
156,BKAIEMP631958,Sathvik,Merchant,Sathvik Merchant,Male,1973-07-17,sathvik.merchant156@bankai.com,3536937854,69,Compliance,Sales Executive,145.0,2017-07-06,21,45561,Permanent,3.4,Active
157,BKAIEMP725905,Hamsini,Pandey,Hamsini Pandey,Female,1975-07-17,hamsini.pandey157@bankai.com,2872808010,34,Information Technology,Customer Service Executive,148.0,2019-07-06,1,26682,Permanent,2.9,Active
158,BKAIEMP961574,Jack,Bir,Jack Bir,Male,1990-07-13,jack.bir158@bankai.com,0387509977,5,Information Technology,Sales Executive,29.0,2020-07-05,9,30620,Permanent,3.5,Active
159,BKAIEMP989587,Samesh,Arora,Samesh Arora,Male,2002-07-10,samesh.arora159@bankai.com,8484086211,91,Loans,Customer Service Executive,133.0,2020-07-05,30,43379,Permanent,4.2,Active
160,BKAIEMP458955,Gopal,Vyas,Gopal Vyas,Male,1971-07-18,gopal.vyas160@bankai.com,5461567933,46,Customer Service,Relationship Manager,157.0,2011-07-08,34,57600,Contract,3.2,Active
161,BKAIEMP839142,Charita,Ravi,Charita Ravi,Female,1992-07-12,charita.ravi161@bankai.com,6870021765,89,Compliance,Clerk,82.0,2011-07-08,18,27714,Permanent,4.8,Active
162,BKAIEMP498138,Ansh,Karpe,Ansh Karpe,Male,1980-07-15,ansh.karpe162@bankai.com,9740148902,45,Loans,Customer Service Executive,75.0,2025-07-04,34,34425,Contract,2.7,Active
163,BKAIEMP311883,Ekbal,Rao,Ekbal Rao,Male,1971-07-18,ekbal.rao163@bankai.com,4293968562,35,Human Resources,Operations Executive,70.0,2022-07-05,13,33579,Permanent,4.0,Active
164,BKAIEMP155040,Avi,Chaudhari,Avi Chaudhari,Male,1999-07-11,avi.chaudhari164@bankai.com,3159996504,53,Finance,Customer Service Executive,121.0,2023-07-05,14,29504,Permanent,3.9,Active
165,BKAIEMP600641,Pranav,Prashad,Pranav Prashad,Male,1993-07-12,pranav.prashad165@bankai.com,2961943114,97,Customer Service,Clerk,83.0,2017-07-06,30,32582,Permanent,4.4,Active
166,BKAIEMP283568,Robert,Nadig,Robert Nadig,Male,1979-07-16,robert.nadig166@bankai.com,1104754121,23,Retail Banking,Operations Executive,102.0,2011-07-08,2,36105,Contract,4.9,Active
167,BKAIEMP451317,Yashvi,Reddy,Yashvi Reddy,Female,1987-07-14,yashvi.reddy167@bankai.com,0158199560,59,Human Resources,Branch Manager,,2010-07-08,6,154738,Permanent,2.8,Active
168,BKAIEMP270387,Brijesh,Kibe,Brijesh Kibe,Male,1976-07-16,brijesh.kibe168@bankai.com,6224447212,83,Customer Service,Sales Executive,48.0,2026-07-04,21,54137,Permanent,3.2,Active
169,BKAIEMP967161,Mason,Sule,Mason Sule,Male,1978-07-16,mason.sule169@bankai.com,5437993712,66,Finance,Customer Service Executive,23.0,2014-07-07,25,28125,Permanent,2.9,Active
170,BKAIEMP568436,Ojas,Rai,Ojas Rai,Male,1988-07-13,ojas.rai170@bankai.com,7569245937,43,Customer Service,Loan Officer,150.0,2008-07-08,15,35749,Permanent,3.4,Active
171,BKAIEMP525110,Nathaniel,Manne,Nathaniel Manne,Male,1973-07-17,nathaniel.manne171@bankai.com,9356465193,91,Customer Service,Cashier,31.0,2006-07-09,10,34667,Permanent,3.1,Active
172,BKAIEMP536045,Agastya,Shenoy,Agastya Shenoy,Male,1970-07-18,agastya.shenoy172@bankai.com,7416724342,61,Human Resources,Cashier,171.0,2020-07-05,23,33108,Permanent,4.0,Active
173,BKAIEMP181896,Udarsh,Srinivas,Udarsh Srinivas,Male,1969-07-18,udarsh.srinivas173@bankai.com,8868058911,15,Retail Banking,Customer Service Executive,141.0,2010-07-08,23,31624,Permanent,2.9,Active
174,BKAIEMP851742,Anthony,Ratta,Anthony Ratta,Male,1968-07-18,anthony.ratta174@bankai.com,6101438889,63,Corporate Banking,Relationship Manager,131.0,2012-07-07,13,48646,Permanent,3.8,Active
175,BKAIEMP858414,Rachit,Raman,Rachit Raman,Male,2004-07-09,rachit.raman175@bankai.com,9825071461,51,Customer Service,Cashier,1.0,2020-07-05,19,43950,Permanent,3.6,Active
176,BKAIEMP595002,Nachiket,Oza,Nachiket Oza,Male,2003-07-10,nachiket.oza176@bankai.com,3875717751,37,Risk Management,Assistant Manager,47.0,2022-07-05,4,85094,Permanent,4.3,Active
177,BKAIEMP495833,Advay,Oza,Advay Oza,Male,1981-07-15,advay.oza177@bankai.com,2382825867,11,Human Resources,Credit Analyst,35.0,2006-07-09,28,72791,Permanent,5.0,Active
178,BKAIEMP892911,Girik,Sankaran,Girik Sankaran,Male,2004-07-09,girik.sankaran178@bankai.com,0937966033,39,Compliance,Clerk,173.0,2009-07-08,0,28948,Permanent,4.6,Active
179,BKAIEMP133782,Charan,Yadav,Charan Yadav,Male,1979-07-16,charan.yadav179@bankai.com,5537147859,79,Retail Banking,Loan Officer,62.0,2020-07-05,7,39409,Permanent,2.6,Active
180,BKAIEMP521805,Deepa,Pall,Deepa Pall,Female,1977-07-16,deepa.pall180@bankai.com,7924991251,30,Human Resources,Assistant Manager,56.0,2025-07-04,2,64591,Permanent,3.2,Active
181,BKAIEMP348411,Hemani,Prakash,Hemani Prakash,Female,1986-07-14,hemani.prakash181@bankai.com,8669296627,19,Human Resources,Loan Officer,57.0,2013-07-07,20,54693,Permanent,3.9,Active
182,BKAIEMP682851,Geetika,Suri,Geetika Suri,Female,1974-07-17,geetika.suri182@bankai.com,2257905072,7,Finance,Relationship Manager,165.0,2014-07-07,27,79371,Permanent,3.5,Active
183,BKAIEMP352673,Zayyan,Talwar,Zayyan Talwar,Male,1991-07-13,zayyan.talwar183@bankai.com,7677219034,39,Loans,Operations Executive,119.0,2025-07-04,30,48428,Permanent,3.5,Active
184,BKAIEMP778120,Maanas,Ganguly,Maanas Ganguly,Male,2000-07-10,maanas.ganguly184@bankai.com,9788191485,58,Finance,Loan Officer,24.0,2009-07-08,21,47483,Permanent,3.4,Active
185,BKAIEMP327558,Ikbal,Sandal,Ikbal Sandal,Male,1975-07-17,ikbal.sandal185@bankai.com,3407451713,27,Finance,Assistant Manager,78.0,2026-07-04,35,66940,Contract,4.9,Active
186,BKAIEMP829417,Upadhriti,Gandhi,Upadhriti Gandhi,Female,1967-07-19,upadhriti.gandhi186@bankai.com,3309584982,91,Operations,Cashier,102.0,2019-07-06,15,43090,Permanent,3.2,Active
187,BKAIEMP637727,Kiaan,Varkey,Kiaan Varkey,Male,1974-07-17,kiaan.varkey187@bankai.com,2604223253,60,Corporate Banking,Loan Officer,185.0,2011-07-08,23,55986,Permanent,3.4,Active
188,BKAIEMP117007,Krish,Sachdeva,Krish Sachdeva,Male,1989-07-13,krish.sachdeva188@bankai.com,7116845775,71,Information Technology,Loan Officer,149.0,2013-07-07,9,54345,Permanent,3.3,Active
189,BKAIEMP369826,Vasudha,Parmar,Vasudha Parmar,Female,1974-07-17,vasudha.parmar189@bankai.com,8636374545,93,Compliance,Cashier,118.0,2021-07-05,21,36540,Permanent,4.3,Active
190,BKAIEMP649395,Watika,Oza,Watika Oza,Female,2003-07-10,watika.oza190@bankai.com,0170127706,10,Retail Banking,Customer Service Executive,2.0,2013-07-07,3,29505,Permanent,3.1,Active
191,BKAIEMP163386,Fariq,Mahal,Fariq Mahal,Male,1966-07-19,fariq.mahal191@bankai.com,5415206436,82,Information Technology,Customer Service Executive,124.0,2011-07-08,23,25515,Permanent,3.9,Active
192,BKAIEMP117975,Hredhaan,Sood,Hredhaan Sood,Male,1973-07-17,hredhaan.sood192@bankai.com,2938700516,90,Risk Management,Loan Officer,46.0,2023-07-05,18,41312,Permanent,3.1,Active
193,BKAIEMP182857,Ishwar,Rajagopal,Ishwar Rajagopal,Male,1982-07-15,ishwar.rajagopal193@bankai.com,1155426221,52,Compliance,Cashier,145.0,2019-07-06,25,32400,Permanent,4.6,Active
194,BKAIEMP198042,Gayathri,Sarraf,Gayathri Sarraf,Female,1980-07-15,gayathri.sarraf194@bankai.com,3269731121,49,Risk Management,Customer Service Executive,142.0,2011-07-08,2,26838,Permanent,4.3,Active
195,BKAIEMP693343,Upadhriti,Murty,Upadhriti Murty,Female,1999-07-11,upadhriti.murty195@bankai.com,3413899940,68,Retail Banking,Customer Service Executive,59.0,2020-07-05,21,43572,Permanent,2.6,Active
196,BKAIEMP288066,Yashoda,Gulati,Yashoda Gulati,Female,1985-07-14,yashoda.gulati196@bankai.com,4037613791,3,Operations,Credit Analyst,151.0,2022-07-05,2,76102,Contract,3.2,Active
197,BKAIEMP447843,Nathan,Deo,Nathan Deo,Male,1981-07-15,nathan.deo197@bankai.com,9658271091,97,Loans,Sales Executive,177.0,2024-07-04,34,46409,Permanent,3.4,Active
198,BKAIEMP911131,Anmol,Bhasin,Anmol Bhasin,Male,1985-07-14,anmol.bhasin198@bankai.com,8486661889,4,Customer Service,Assistant Manager,116.0,2011-07-08,25,67475,Permanent,4.9,Active
199,BKAIEMP909676,Mohammed,Brar,Mohammed Brar,Male,1966-07-19,mohammed.brar199@bankai.com,2856914630,38,Operations,Customer Service Executive,183.0,2024-07-04,5,27688,Permanent,3.4,Active
200,BKAIEMP211726,Dalbir,Setty,Dalbir Setty,Male,2000-07-10,dalbir.setty200@bankai.com,4210202758,1,Customer Service,Cashier,114.0,2015-07-07,23,33839,Permanent,2.7,Active
201,BKAIEMP127537,Quincy,Date,Quincy Date,Male,2000-07-10,quincy.date201@bankai.com,1056481491,46,Human Resources,Customer Service Executive,24.0,2007-07-09,6,44596,Permanent,4.7,Active
202,BKAIEMP354533,Pranit,Bhakta,Pranit Bhakta,Male,1969-07-18,pranit.bhakta202@bankai.com,9252419138,67,Loans,Operations Executive,176.0,2014-07-07,35,35554,Permanent,3.3,Active
203,BKAIEMP414313,Jason,Batra,Jason Batra,Male,1975-07-17,jason.batra203@bankai.com,5622086353,10,Finance,Cashier,65.0,2019-07-06,26,41246,Permanent,3.0,Active
204,BKAIEMP982495,Balvan,Pradhan,Balvan Pradhan,Male,1966-07-19,balvan.pradhan204@bankai.com,8023806174,49,Finance,Clerk,113.0,2016-07-06,21,29055,Permanent,4.6,Inactive
205,BKAIEMP602278,Vedant,Anand,Vedant Anand,Male,1985-07-14,vedant.anand205@bankai.com,3494937597,23,Risk Management,Cashier,82.0,2017-07-06,12,41089,Contract,4.5,Active
206,BKAIEMP219420,Faqid,Ahuja,Faqid Ahuja,Male,1969-07-18,faqid.ahuja206@bankai.com,0385050641,26,Information Technology,Sales Executive,140.0,2021-07-05,23,52338,Permanent,2.6,Active
207,BKAIEMP971662,Ubika,Swamy,Ubika Swamy,Female,2001-07-10,ubika.swamy207@bankai.com,2410386571,53,Compliance,Relationship Manager,36.0,2006-07-09,18,64846,Permanent,4.1,Active
208,BKAIEMP710527,Ekani,Ramesh,Ekani Ramesh,Female,1980-07-15,ekani.ramesh208@bankai.com,9906234456,69,Human Resources,Assistant Manager,178.0,2013-07-07,30,77814,Permanent,4.9,Active
209,BKAIEMP214682,Madhavi,Kaur,Madhavi Kaur,Female,1990-07-13,madhavi.kaur209@bankai.com,3291212775,85,Finance,Customer Service Executive,43.0,2006-07-09,5,26451,Permanent,4.1,Active
210,BKAIEMP211090,Rachita,Johal,Rachita Johal,Female,2005-07-09,rachita.johal210@bankai.com,4741124903,13,Customer Service,Cashier,57.0,2010-07-08,27,41999,Permanent,4.2,Active
211,BKAIEMP258067,Jeet,Parekh,Jeet Parekh,Male,1983-07-15,jeet.parekh211@bankai.com,8044206788,4,Compliance,Cashier,27.0,2017-07-06,32,38630,Contract,2.7,Active
212,BKAIEMP577450,Dalaja,Dey,Dalaja Dey,Female,1992-07-12,dalaja.dey212@bankai.com,0032365199,67,Compliance,Cashier,90.0,2011-07-08,21,28198,Permanent,4.2,Active
213,BKAIEMP123682,Bachittar,Hora,Bachittar Hora,Male,1984-07-14,bachittar.hora213@bankai.com,2151070296,83,Corporate Banking,Sales Executive,174.0,2021-07-05,7,54264,Permanent,2.9,Active
214,BKAIEMP936507,Rayaan,Sandhu,Rayaan Sandhu,Male,1980-07-15,rayaan.sandhu214@bankai.com,5324472099,81,Loans,Clerk,48.0,2006-07-09,14,32769,Permanent,2.6,Active
215,BKAIEMP104666,Zaid,Sabharwal,Zaid Sabharwal,Male,1992-07-12,zaid.sabharwal215@bankai.com,0146263838,27,Customer Service,Customer Service Executive,193.0,2024-07-04,24,43918,Permanent,4.7,Active
216,BKAIEMP803281,Wriddhish,Sundaram,Wriddhish Sundaram,Male,1974-07-17,wriddhish.sundaram216@bankai.com,9856420593,68,Finance,Cashier,153.0,2014-07-07,16,37862,Permanent,3.4,Active
217,BKAIEMP744333,Warinder,Wagle,Warinder Wagle,Male,1968-07-18,warinder.wagle217@bankai.com,9321334803,11,Loans,Sales Executive,81.0,2023-07-05,19,37817,Permanent,3.0,Active
218,BKAIEMP702727,Gabriel,Goda,Gabriel Goda,Male,1981-07-15,gabriel.goda218@bankai.com,9559059929,55,Loans,Cashier,125.0,2006-07-09,8,42608,Permanent,4.1,Inactive
219,BKAIEMP296187,Mohammed,Gill,Mohammed Gill,Male,1985-07-14,mohammed.gill219@bankai.com,0103930870,58,Information Technology,Cashier,14.0,2015-07-07,8,25314,Permanent,3.0,Active
220,BKAIEMP817956,Dhruv,Oak,Dhruv Oak,Male,1974-07-17,dhruv.oak220@bankai.com,5002921851,54,Compliance,Customer Service Executive,126.0,2021-07-05,26,27708,Permanent,4.5,Active
221,BKAIEMP276379,Chandresh,Nayar,Chandresh Nayar,Male,1976-07-16,chandresh.nayar221@bankai.com,5226752895,73,Compliance,Loan Officer,141.0,2010-07-08,18,42419,Permanent,3.2,Active
222,BKAIEMP896922,Saanvi,Mohanty,Saanvi Mohanty,Female,1977-07-16,saanvi.mohanty222@bankai.com,2209690295,70,Operations,Customer Service Executive,109.0,2023-07-05,2,33111,Permanent,5.0,Active
223,BKAIEMP223088,Charles,Taneja,Charles Taneja,Male,1990-07-13,charles.taneja223@bankai.com,5135521570,27,Information Technology,Sales Executive,177.0,2015-07-07,28,58214,Permanent,4.1,Active
224,BKAIEMP944565,Bahadurjit,Palla,Bahadurjit Palla,Male,2002-07-10,bahadurjit.palla224@bankai.com,1006762676,73,Finance,Relationship Manager,137.0,2018-07-06,13,56034,Permanent,4.3,Active
225,BKAIEMP242175,Chandresh,Srinivas,Chandresh Srinivas,Male,1979-07-16,chandresh.srinivas225@bankai.com,2710405411,8,Customer Service,Sales Executive,222.0,2006-07-09,6,34157,Permanent,2.8,Active
226,BKAIEMP613234,Faris,Borde,Faris Borde,Male,1996-07-11,faris.borde226@bankai.com,5997062962,74,Customer Service,Loan Officer,161.0,2013-07-07,25,59587,Permanent,4.1,Active
227,BKAIEMP828449,Harshil,Gupta,Harshil Gupta,Male,1982-07-15,harshil.gupta227@bankai.com,8844431069,59,Compliance,Customer Service Executive,84.0,2008-07-08,17,25081,Permanent,4.6,Active
228,BKAIEMP991401,Avni,Patel,Avni Patel,Female,2001-07-10,avni.patel228@bankai.com,6149731032,69,Risk Management,Customer Service Executive,56.0,2013-07-07,22,31941,Permanent,3.3,Active
229,BKAIEMP926596,Dalbir,Morar,Dalbir Morar,Male,1984-07-14,dalbir.morar229@bankai.com,7741862565,88,Retail Banking,Relationship Manager,12.0,2023-07-05,31,75119,Permanent,4.8,Active
230,BKAIEMP312146,Karan,Sarraf,Karan Sarraf,Male,1997-07-11,karan.sarraf230@bankai.com,4349021158,84,Customer Service,Clerk,41.0,2018-07-06,27,23529,Permanent,3.1,Active
231,BKAIEMP755993,Bhavani,Ram,Bhavani Ram,Female,1986-07-14,bhavani.ram231@bankai.com,8793741608,93,Operations,Relationship Manager,110.0,2006-07-09,25,50976,Permanent,2.5,Active
232,BKAIEMP109738,Ethan,Dara,Ethan Dara,Male,2005-07-09,ethan.dara232@bankai.com,2233206163,90,Finance,Loan Officer,210.0,2023-07-05,28,62676,Permanent,3.7,Active
233,BKAIEMP428572,Nathaniel,Bhavsar,Nathaniel Bhavsar,Male,1982-07-15,nathaniel.bhavsar233@bankai.com,6868548709,39,Loans,Sales Executive,98.0,2022-07-05,6,51023,Contract,2.9,Active
234,BKAIEMP468247,Daksh,Sachdeva,Daksh Sachdeva,Male,1992-07-12,daksh.sachdeva234@bankai.com,2999119148,81,Loans,Customer Service Executive,106.0,2007-07-09,28,39496,Permanent,2.7,Active
235,BKAIEMP468611,Sanaya,Sunder,Sanaya Sunder,Female,1978-07-16,sanaya.sunder235@bankai.com,0246299606,41,Loans,Customer Service Executive,64.0,2018-07-06,24,27760,Permanent,4.0,Active
236,BKAIEMP989079,Wazir,Luthra,Wazir Luthra,Male,1986-07-14,wazir.luthra236@bankai.com,0544471324,27,Human Resources,Clerk,156.0,2010-07-08,1,25090,Permanent,3.2,Active
237,BKAIEMP504630,Turvi,Chakraborty,Turvi Chakraborty,Female,1998-07-11,turvi.chakraborty237@bankai.com,7367850821,31,Compliance,Clerk,164.0,2007-07-09,31,23163,Permanent,4.9,Inactive
238,BKAIEMP483162,Ekanta,Viswanathan,Ekanta Viswanathan,Female,1971-07-18,ekanta.viswanathan238@bankai.com,2330307053,88,Loans,Relationship Manager,196.0,2011-07-08,26,49783,Permanent,2.7,Active
239,BKAIEMP631219,Zayyan,Ranganathan,Zayyan Ranganathan,Male,1987-07-14,zayyan.ranganathan239@bankai.com,0357972798,81,Human Resources,Assistant Manager,197.0,2013-07-07,25,73879,Permanent,2.7,Active
240,BKAIEMP182860,Kai,Chana,Kai Chana,Male,1973-07-17,kai.chana240@bankai.com,0602933334,27,Loans,Loan Officer,138.0,2016-07-06,19,60606,Permanent,4.4,Active
241,BKAIEMP865416,Aayush,Som,Aayush Som,Male,1990-07-13,aayush.som241@bankai.com,2903494466,8,Operations,Loan Officer,23.0,2013-07-07,27,42601,Permanent,4.0,Active
242,BKAIEMP113280,Janani,Shukla,Janani Shukla,Female,1997-07-11,janani.shukla242@bankai.com,8969108589,90,Retail Banking,Operations Executive,42.0,2011-07-08,7,41360,Permanent,4.5,Active
243,BKAIEMP868538,Chatura,Subramaniam,Chatura Subramaniam,Male,1998-07-11,chatura.subramaniam243@bankai.com,5454443283,99,Retail Banking,Relationship Manager,86.0,2013-07-07,17,62824,Permanent,3.2,Inactive
244,BKAIEMP477617,Nathaniel,Dey,Nathaniel Dey,Male,2002-07-10,nathaniel.dey244@bankai.com,7446660993,64,Information Technology,Cashier,43.0,2015-07-07,32,30154,Permanent,2.8,Active
245,BKAIEMP102693,Vyanjana,Parmer,Vyanjana Parmer,Female,2003-07-10,vyanjana.parmer245@bankai.com,2824172482,2,Operations,Loan Officer,12.0,2011-07-08,32,58853,Permanent,2.9,Active
246,BKAIEMP335421,Raagini,Kapoor,Raagini Kapoor,Female,1985-07-14,raagini.kapoor246@bankai.com,6554947170,32,Risk Management,Customer Service Executive,235.0,2016-07-06,26,33888,Permanent,3.9,Active
247,BKAIEMP943409,Balendra,Sodhi,Balendra Sodhi,Male,1972-07-17,balendra.sodhi247@bankai.com,8168460223,6,Risk Management,Assistant Manager,18.0,2012-07-07,14,88378,Permanent,4.6,Active
248,BKAIEMP405759,Veer,Dhar,Veer Dhar,Male,1969-07-18,veer.dhar248@bankai.com,2175250074,39,Information Technology,Branch Manager,,2019-07-06,12,150807,Permanent,4.9,Inactive
249,BKAIEMP897423,Gauri,Suri,Gauri Suri,Female,1990-07-13,gauri.suri249@bankai.com,2966667600,20,Retail Banking,Operations Executive,239.0,2013-07-07,34,30783,Permanent,3.4,Active
250,BKAIEMP895794,Advika,Nagy,Advika Nagy,Female,1981-07-15,advika.nagy250@bankai.com,0033542168,95,Customer Service,Clerk,27.0,2020-07-05,0,30680,Contract,3.5,Active
251,BKAIEMP197545,Bhavini,Bath,Bhavini Bath,Female,2003-07-10,bhavini.bath251@bankai.com,4789856257,30,Human Resources,Relationship Manager,106.0,2015-07-07,17,75045,Contract,2.7,Active
252,BKAIEMP720647,Saksham,Bahl,Saksham Bahl,Male,1969-07-18,saksham.bahl252@bankai.com,3230982150,8,Risk Management,Sales Executive,170.0,2022-07-05,4,37758,Permanent,4.6,Active
253,BKAIEMP433507,Arjun,Bava,Arjun Bava,Male,1977-07-16,arjun.bava253@bankai.com,0016761847,35,Operations,Sales Executive,20.0,2020-07-05,20,34460,Permanent,4.0,Active
254,BKAIEMP226601,Matthew,Salvi,Matthew Salvi,Male,1971-07-18,matthew.salvi254@bankai.com,8499261891,46,Operations,Cashier,116.0,2017-07-06,26,40182,Permanent,2.8,Active
255,BKAIEMP325465,Yuvraj,Issac,Yuvraj Issac,Male,1985-07-14,yuvraj.issac255@bankai.com,4835642087,19,Corporate Banking,Sales Executive,183.0,2019-07-06,2,41656,Permanent,2.6,Active
256,BKAIEMP996114,Kamya,Agate,Kamya Agate,Female,1977-07-16,kamya.agate256@bankai.com,1197218114,72,Human Resources,Relationship Manager,128.0,2023-07-05,25,75280,Permanent,4.5,Active
257,BKAIEMP237064,Kevin,Shetty,Kevin Shetty,Male,1993-07-12,kevin.shetty257@bankai.com,1204556110,52,Finance,Sales Executive,44.0,2008-07-08,14,49205,Permanent,4.5,Active
258,BKAIEMP948611,Nitesh,Parmar,Nitesh Parmar,Male,1997-07-11,nitesh.parmar258@bankai.com,9415521667,12,Finance,Credit Analyst,63.0,2025-07-04,28,80211,Permanent,4.8,Active
259,BKAIEMP816400,Ucchal,Ganesan,Ucchal Ganesan,Female,1978-07-16,ucchal.ganesan259@bankai.com,2021697972,23,Finance,Cashier,110.0,2021-07-05,24,34010,Permanent,4.7,Active
260,BKAIEMP623125,Akshay,De,Akshay De,Male,1979-07-16,akshay.de260@bankai.com,7167014508,71,Compliance,Loan Officer,32.0,2024-07-04,18,53335,Permanent,3.5,Active
261,BKAIEMP933456,Pallavi,Venkataraman,Pallavi Venkataraman,Female,2004-07-09,pallavi.venkataraman261@bankai.com,6375628900,49,Finance,Loan Officer,246.0,2009-07-08,34,66763,Permanent,3.9,Active
262,BKAIEMP130726,Yug,Gandhi,Yug Gandhi,Male,1988-07-13,yug.gandhi262@bankai.com,7535408386,8,Compliance,Assistant Manager,184.0,2008-07-08,14,67627,Contract,2.8,Active
263,BKAIEMP901164,Victor,Sawhney,Victor Sawhney,Male,1991-07-13,victor.sawhney263@bankai.com,1775170166,74,Risk Management,Sales Executive,182.0,2021-07-05,3,35770,Permanent,3.3,Active
264,BKAIEMP695225,Aadi,Chand,Aadi Chand,Male,1969-07-18,aadi.chand264@bankai.com,8837550375,19,Information Technology,Customer Service Executive,97.0,2011-07-08,22,42764,Permanent,3.7,Active
265,BKAIEMP601207,Warjas,Patla,Warjas Patla,Male,2005-07-09,warjas.patla265@bankai.com,1130554885,43,Information Technology,Relationship Manager,104.0,2022-07-05,33,67331,Permanent,4.8,Active
266,BKAIEMP911982,Yatin,Dey,Yatin Dey,Male,1998-07-11,yatin.dey266@bankai.com,1493316373,68,Finance,Assistant Manager,38.0,2015-07-07,9,83086,Contract,3.5,Active
267,BKAIEMP867926,Arin,Dasgupta,Arin Dasgupta,Male,1978-07-16,arin.dasgupta267@bankai.com,7982708086,82,Compliance,Relationship Manager,163.0,2021-07-05,10,68384,Permanent,4.0,Active
268,BKAIEMP286340,Gaurang,Ghose,Gaurang Ghose,Male,2005-07-09,gaurang.ghose268@bankai.com,1699586693,90,Information Technology,Operations Executive,201.0,2008-07-08,8,31061,Permanent,3.3,Active
269,BKAIEMP620287,Manan,Sethi,Manan Sethi,Male,1996-07-11,manan.sethi269@bankai.com,2698485833,43,Corporate Banking,Customer Service Executive,122.0,2015-07-07,6,35469,Permanent,4.7,Active
270,BKAIEMP568325,Pooja,Deo,Pooja Deo,Female,2005-07-09,pooja.deo270@bankai.com,8851587996,34,Operations,Customer Service Executive,128.0,2024-07-04,21,36484,Permanent,2.8,Active
271,BKAIEMP534130,Abeer,Virk,Abeer Virk,Male,1974-07-17,abeer.virk271@bankai.com,0620034244,49,Finance,Operations Executive,193.0,2023-07-05,10,45711,Permanent,3.9,Active
272,BKAIEMP409234,Harsh,Bali,Harsh Bali,Male,2004-07-09,harsh.bali272@bankai.com,7198386384,41,Customer Service,Cashier,54.0,2024-07-04,2,36200,Permanent,3.4,Active
273,BKAIEMP454366,Sathvik,Munshi,Sathvik Munshi,Male,1967-07-19,sathvik.munshi273@bankai.com,0439735989,79,Compliance,Credit Analyst,16.0,2013-07-07,5,60813,Permanent,3.6,Active
274,BKAIEMP831063,Udarsh,Goel,Udarsh Goel,Male,1970-07-18,udarsh.goel274@bankai.com,2281606484,93,Human Resources,Clerk,136.0,2017-07-06,26,26872,Permanent,2.6,Active
275,BKAIEMP104000,Lakshmi,Ahluwalia,Lakshmi Ahluwalia,Female,1978-07-16,lakshmi.ahluwalia275@bankai.com,7202590947,12,Customer Service,Relationship Manager,246.0,2020-07-05,23,51356,Permanent,2.9,Active
276,BKAIEMP923002,Balhaar,Nadkarni,Balhaar Nadkarni,Male,1980-07-15,balhaar.nadkarni276@bankai.com,2818268861,61,Compliance,Sales Executive,136.0,2024-07-04,19,51032,Permanent,3.0,Active
277,BKAIEMP561101,Noah,Narula,Noah Narula,Male,1976-07-16,noah.narula277@bankai.com,4398780157,34,Operations,Cashier,138.0,2008-07-08,16,27019,Permanent,4.2,Active
278,BKAIEMP893202,Jairaj,Baral,Jairaj Baral,Male,1968-07-18,jairaj.baral278@bankai.com,6164840858,30,Human Resources,Sales Executive,32.0,2014-07-07,26,56817,Permanent,4.9,Active
279,BKAIEMP599397,Anya,Minhas,Anya Minhas,Female,1986-07-14,anya.minhas279@bankai.com,5811288013,11,Risk Management,Customer Service Executive,18.0,2010-07-08,15,43717,Permanent,4.5,Active
280,BKAIEMP281276,Harshil,Yogi,Harshil Yogi,Male,1995-07-12,harshil.yogi280@bankai.com,1207501102,28,Operations,Relationship Manager,65.0,2025-07-04,28,72746,Permanent,4.2,Active
281,BKAIEMP435281,Jhalak,Kuruvilla,Jhalak Kuruvilla,Female,2001-07-10,jhalak.kuruvilla281@bankai.com,6766506180,12,Risk Management,Relationship Manager,204.0,2009-07-08,16,66373,Permanent,3.8,Active
282,BKAIEMP919656,Arin,Bora,Arin Bora,Male,1979-07-16,arin.bora282@bankai.com,8144914766,15,Risk Management,Operations Executive,77.0,2022-07-05,33,48566,Permanent,4.4,Active
283,BKAIEMP923914,Januja,Deshpande,Januja Deshpande,Female,1987-07-14,januja.deshpande283@bankai.com,8424508821,69,Finance,Customer Service Executive,211.0,2018-07-06,6,37551,Permanent,3.9,Active
284,BKAIEMP140666,Ronith,Yogi,Ronith Yogi,Male,1980-07-15,ronith.yogi284@bankai.com,4353682223,43,Operations,Cashier,26.0,2011-07-08,25,33800,Permanent,2.6,Active
285,BKAIEMP999924,Dakshesh,Golla,Dakshesh Golla,Male,1999-07-11,dakshesh.golla285@bankai.com,8781414139,30,Loans,Loan Officer,154.0,2012-07-07,31,56028,Permanent,3.5,Active
286,BKAIEMP876936,Devansh,Keer,Devansh Keer,Male,1974-07-17,devansh.keer286@bankai.com,4913577594,98,Human Resources,Relationship Manager,192.0,2025-07-04,26,78768,Permanent,2.7,Active
287,BKAIEMP696296,Qabil,Mutti,Qabil Mutti,Male,2004-07-09,qabil.mutti287@bankai.com,2053364525,23,Operations,Sales Executive,103.0,2025-07-04,33,38175,Permanent,2.6,Active
288,BKAIEMP629663,Praneel,Mody,Praneel Mody,Male,1980-07-15,praneel.mody288@bankai.com,8129142834,82,Corporate Banking,Cashier,16.0,2019-07-06,29,37204,Permanent,3.6,Active
289,BKAIEMP271456,Zehaan,Balasubramanian,Zehaan Balasubramanian,Male,1989-07-13,zehaan.balasubramanian289@bankai.com,9308488725,96,Corporate Banking,Customer Service Executive,146.0,2026-07-04,22,37666,Permanent,4.6,Active
290,BKAIEMP810614,Maanav,Desai,Maanav Desai,Male,1992-07-12,maanav.desai290@bankai.com,8816580392,35,Risk Management,Loan Officer,263.0,2026-07-04,14,35583,Permanent,2.8,Active
291,BKAIEMP847362,Gauri,Gola,Gauri Gola,Female,1988-07-13,gauri.gola291@bankai.com,7503731453,55,Risk Management,Loan Officer,179.0,2012-07-07,19,51514,Permanent,3.3,Active
292,BKAIEMP636361,Pranit,Rama,Pranit Rama,Male,1982-07-15,pranit.rama292@bankai.com,7005184498,72,Information Technology,Customer Service Executive,145.0,2017-07-06,0,28542,Permanent,3.3,Active
293,BKAIEMP297509,Ranbir,Pau,Ranbir Pau,Male,1996-07-11,ranbir.pau293@bankai.com,8463865577,67,Operations,Loan Officer,30.0,2007-07-09,19,61482,Permanent,4.2,Active
294,BKAIEMP538897,Ekaraj,Sarraf,Ekaraj Sarraf,Male,1980-07-15,ekaraj.sarraf294@bankai.com,3184322259,50,Retail Banking,Clerk,293.0,2020-07-05,16,27622,Permanent,3.1,Active
295,BKAIEMP414777,Oni,Comar,Oni Comar,Female,1995-07-12,oni.comar295@bankai.com,7739260302,85,Human Resources,Credit Analyst,93.0,2017-07-06,22,56396,Permanent,4.4,Active
296,BKAIEMP786224,Ekalinga,Vala,Ekalinga Vala,Male,2000-07-10,ekalinga.vala296@bankai.com,9202428699,29,Finance,Credit Analyst,115.0,2017-07-06,21,77556,Permanent,3.3,Active
297,BKAIEMP156284,Hritik,Sen,Hritik Sen,Male,1968-07-18,hritik.sen297@bankai.com,7236929298,75,Information Technology,Sales Executive,37.0,2011-07-08,30,59144,Permanent,2.8,Active
298,BKAIEMP244037,Utkarsh,Biswas,Utkarsh Biswas,Male,1993-07-12,utkarsh.biswas298@bankai.com,6621038862,44,Risk Management,Cashier,292.0,2012-07-07,9,29693,Permanent,4.3,Active
299,BKAIEMP428638,Wazir,Barad,Wazir Barad,Male,2002-07-10,wazir.barad299@bankai.com,1729806865,1,Compliance,Customer Service Executive,141.0,2020-07-05,11,30524,Permanent,2.9,Active
300,BKAIEMP764259,Jyoti,Subramaniam,Jyoti Subramaniam,Female,1978-07-16,jyoti.subramaniam300@bankai.com,5991624731,52,Risk Management,Relationship Manager,245.0,2014-07-07,27,45305,Permanent,3.0,Active
301,BKAIEMP299834,Samarth,Kurian,Samarth Kurian,Male,2004-07-09,samarth.kurian301@bankai.com,0098180635,87,Retail Banking,Cashier,128.0,2019-07-06,33,36283,Permanent,2.8,Active
302,BKAIEMP412687,Faras,Sandhu,Faras Sandhu,Male,1987-07-14,faras.sandhu302@bankai.com,4869594636,59,Human Resources,Assistant Manager,269.0,2016-07-06,2,74210,Permanent,5.0,Active
303,BKAIEMP272892,Hemal,Prabhakar,Hemal Prabhakar,Female,1980-07-15,hemal.prabhakar303@bankai.com,4495621372,3,Operations,Cashier,115.0,2022-07-05,12,31920,Permanent,4.0,Active
304,BKAIEMP493417,Sai,Nigam,Sai Nigam,Male,1989-07-13,sai.nigam304@bankai.com,2601279611,99,Human Resources,Customer Service Executive,25.0,2007-07-09,2,26571,Permanent,4.1,Active
305,BKAIEMP229598,Balveer,Barad,Balveer Barad,Male,1970-07-18,balveer.barad305@bankai.com,6984902770,33,Compliance,Cashier,79.0,2020-07-05,24,25304,Permanent,4.2,Active
306,BKAIEMP539170,Gunbir,Bandi,Gunbir Bandi,Male,1999-07-11,gunbir.bandi306@bankai.com,9205302146,66,Information Technology,Customer Service Executive,61.0,2017-07-06,8,28735,Permanent,3.7,Active
307,BKAIEMP475308,Irya,Vasa,Irya Vasa,Female,1979-07-16,irya.vasa307@bankai.com,1184895543,38,Loans,Sales Executive,21.0,2009-07-08,12,46264,Permanent,4.2,Active
308,BKAIEMP215795,Saksham,Agrawal,Saksham Agrawal,Male,1969-07-18,saksham.agrawal308@bankai.com,2681818451,86,Compliance,Branch Manager,,2022-07-05,5,101807,Permanent,2.7,Active
309,BKAIEMP410401,Ladli,Savant,Ladli Savant,Female,1989-07-13,ladli.savant309@bankai.com,9735779071,60,Retail Banking,Customer Service Executive,52.0,2021-07-05,29,26292,Permanent,3.4,Active
310,BKAIEMP110142,Imaran,Karpe,Imaran Karpe,Male,1997-07-11,imaran.karpe310@bankai.com,6588043416,85,Loans,Relationship Manager,169.0,2015-07-07,2,73686,Contract,3.2,Active
311,BKAIEMP520245,Gaurav,Soni,Gaurav Soni,Male,1980-07-15,gaurav.soni311@bankai.com,5394237333,59,Customer Service,Cashier,198.0,2011-07-08,7,38819,Permanent,4.5,Active
312,BKAIEMP208751,Harrison,Krish,Harrison Krish,Male,1979-07-16,harrison.krish312@bankai.com,2111790807,76,Compliance,Assistant Manager,292.0,2012-07-07,10,65939,Permanent,4.4,Active
313,BKAIEMP606545,Xiti,Maharaj,Xiti Maharaj,Female,1974-07-17,xiti.maharaj313@bankai.com,2846392086,15,Risk Management,Sales Executive,226.0,2025-07-04,8,32075,Permanent,3.3,Active
314,BKAIEMP802382,Zayan,Palan,Zayan Palan,Male,1984-07-14,zayan.palan314@bankai.com,2718750036,67,Human Resources,Operations Executive,49.0,2013-07-07,14,51683,Permanent,3.7,Active
315,BKAIEMP742686,Pratyush,Lad,Pratyush Lad,Male,2002-07-10,pratyush.lad315@bankai.com,8434795527,2,Loans,Relationship Manager,259.0,2011-07-08,35,77495,Permanent,2.7,Active
316,BKAIEMP631553,Quincy,Patla,Quincy Patla,Male,1991-07-13,quincy.patla316@bankai.com,4729293143,71,Risk Management,Clerk,207.0,2019-07-06,3,23291,Permanent,4.5,Active
317,BKAIEMP621533,Indira,Dhingra,Indira Dhingra,Female,2004-07-09,indira.dhingra317@bankai.com,7026728857,14,Risk Management,Cashier,212.0,2025-07-04,7,43256,Permanent,4.6,Active
318,BKAIEMP689648,Arunima,Rao,Arunima Rao,Female,1992-07-12,arunima.rao318@bankai.com,2034717545,84,Compliance,Customer Service Executive,175.0,2015-07-07,32,26778,Permanent,4.6,Active
319,BKAIEMP850689,Lavanya,Padmanabhan,Lavanya Padmanabhan,Female,1977-07-16,lavanya.padmanabhan319@bankai.com,6159399824,15,Corporate Banking,Customer Service Executive,114.0,2026-07-04,23,36185,Permanent,4.1,Active
320,BKAIEMP148001,Yagnesh,Sekhon,Yagnesh Sekhon,Male,1995-07-12,yagnesh.sekhon320@bankai.com,6947225699,64,Loans,Cashier,210.0,2023-07-05,6,33332,Permanent,3.0,Active
321,BKAIEMP851606,Faris,Oza,Faris Oza,Male,1984-07-14,faris.oza321@bankai.com,5544964759,14,Risk Management,Cashier,24.0,2006-07-09,12,44294,Permanent,4.7,Active
322,BKAIEMP104548,Fiyaz,Gour,Fiyaz Gour,Male,1972-07-17,fiyaz.gour322@bankai.com,2341326111,95,Retail Banking,Customer Service Executive,284.0,2013-07-07,31,44173,Permanent,3.8,Active
323,BKAIEMP208584,Agastya,Ranganathan,Agastya Ranganathan,Male,1981-07-15,agastya.ranganathan323@bankai.com,1492164334,85,Information Technology,Customer Service Executive,311.0,2016-07-06,8,41518,Permanent,3.5,Active
324,BKAIEMP459513,Frederick,Balakrishnan,Frederick Balakrishnan,Male,1987-07-14,frederick.balakrishnan324@bankai.com,5577848728,58,Loans,Loan Officer,71.0,2013-07-07,25,68573,Permanent,4.3,Active
325,BKAIEMP310647,Vasatika,Saran,Vasatika Saran,Female,1992-07-12,vasatika.saran325@bankai.com,5783174564,80,Customer Service,Clerk,177.0,2022-07-05,13,33639,Permanent,4.9,Active
326,BKAIEMP897730,Aadi,Virk,Aadi Virk,Male,1983-07-15,aadi.virk326@bankai.com,5478077406,72,Compliance,Cashier,299.0,2008-07-08,7,38679,Permanent,4.7,Active
327,BKAIEMP648122,Aarini,Prakash,Aarini Prakash,Female,1999-07-11,aarini.prakash327@bankai.com,6866326634,4,Risk Management,Cashier,75.0,2025-07-04,0,26854,Permanent,4.4,Active
328,BKAIEMP824141,Laban,Mane,Laban Mane,Male,1987-07-14,laban.mane328@bankai.com,6312241797,27,Human Resources,Loan Officer,17.0,2015-07-07,3,64661,Permanent,4.7,Active
329,BKAIEMP507777,Ijaya,Nagi,Ijaya Nagi,Female,1990-07-13,ijaya.nagi329@bankai.com,2080214427,66,Customer Service,Operations Executive,25.0,2014-07-07,35,42699,Permanent,4.5,Active
330,BKAIEMP312952,Forum,Aurora,Forum Aurora,Female,1966-07-19,forum.aurora330@bankai.com,3564757051,100,Compliance,Assistant Manager,116.0,2006-07-09,16,83089,Permanent,3.4,Active
331,BKAIEMP408467,Shivani,Bora,Shivani Bora,Female,1977-07-16,shivani.bora331@bankai.com,2346013673,23,Corporate Banking,Relationship Manager,96.0,2021-07-05,12,78675,Permanent,2.6,Active
332,BKAIEMP105919,Champak,Verma,Champak Verma,Male,1984-07-14,champak.verma332@bankai.com,7645208814,60,Loans,Relationship Manager,21.0,2022-07-05,16,66143,Permanent,4.4,Active
333,BKAIEMP475479,Radha,Ben,Radha Ben,Female,2001-07-10,radha.ben333@bankai.com,1365024916,91,Finance,Loan Officer,270.0,2019-07-06,35,47050,Permanent,4.5,Active
334,BKAIEMP331942,Wazir,Dubey,Wazir Dubey,Male,1992-07-12,wazir.dubey334@bankai.com,1327195005,85,Finance,Cashier,170.0,2015-07-07,22,34619,Permanent,4.4,Active
335,BKAIEMP220294,Edhitha,Sura,Edhitha Sura,Female,1983-07-15,edhitha.sura335@bankai.com,5857306524,58,Operations,Sales Executive,329.0,2007-07-09,0,50353,Permanent,2.6,Active
336,BKAIEMP504620,Manan,Suri,Manan Suri,Male,1989-07-13,manan.suri336@bankai.com,9285574982,70,Customer Service,Sales Executive,13.0,2010-07-08,7,56938,Permanent,3.8,Active
337,BKAIEMP435872,Umang,Merchant,Umang Merchant,Male,1973-07-17,umang.merchant337@bankai.com,8570862095,11,Corporate Banking,Loan Officer,86.0,2009-07-08,12,69944,Permanent,2.7,Active
338,BKAIEMP976258,Bhavika,Yohannan,Bhavika Yohannan,Female,1999-07-11,bhavika.yohannan338@bankai.com,3878294565,27,Human Resources,Sales Executive,223.0,2006-07-09,27,56763,Contract,4.4,Active
339,BKAIEMP176806,Bahadurjit,Bassi,Bahadurjit Bassi,Male,2002-07-10,bahadurjit.bassi339@bankai.com,2031731096,23,Customer Service,Cashier,286.0,2024-07-04,5,43840,Permanent,4.8,Active
340,BKAIEMP117711,Kabir,Bawa,Kabir Bawa,Male,1981-07-15,kabir.bawa340@bankai.com,3910371705,87,Corporate Banking,Cashier,274.0,2026-07-04,20,27072,Permanent,4.0,Active
341,BKAIEMP403915,Ayush,Lata,Ayush Lata,Male,1986-07-14,ayush.lata341@bankai.com,1413811386,78,Corporate Banking,Credit Analyst,145.0,2012-07-07,6,74996,Permanent,4.2,Active
342,BKAIEMP935474,Jeet,Gola,Jeet Gola,Male,1971-07-18,jeet.gola342@bankai.com,1957612286,38,Loans,Relationship Manager,153.0,2006-07-09,25,69453,Contract,2.5,Active
343,BKAIEMP663244,Timothy,Pandey,Timothy Pandey,Male,1970-07-18,timothy.pandey343@bankai.com,8556659398,11,Customer Service,Assistant Manager,108.0,2015-07-07,25,66938,Permanent,4.1,Active
344,BKAIEMP303765,Joshua,Parsa,Joshua Parsa,Male,1998-07-11,joshua.parsa344@bankai.com,7600490824,24,Information Technology,Loan Officer,28.0,2009-07-08,16,65229,Permanent,2.7,Active
345,BKAIEMP446922,Hredhaan,Murty,Hredhaan Murty,Male,1983-07-15,hredhaan.murty345@bankai.com,4888992107,17,Operations,Relationship Manager,52.0,2017-07-06,31,49574,Permanent,3.3,Active
346,BKAIEMP693024,Kevin,Peri,Kevin Peri,Male,1969-07-18,kevin.peri346@bankai.com,3441969315,47,Finance,Loan Officer,220.0,2021-07-05,9,35316,Permanent,4.5,Active
347,BKAIEMP240829,Champak,Mital,Champak Mital,Male,1984-07-14,champak.mital347@bankai.com,9610556613,62,Compliance,Loan Officer,229.0,2015-07-07,23,55019,Permanent,2.8,Active
348,BKAIEMP664781,Avi,Mody,Avi Mody,Male,1993-07-12,avi.mody348@bankai.com,5892583206,34,Corporate Banking,Loan Officer,39.0,2026-07-04,8,68238,Permanent,4.5,Active
349,BKAIEMP678388,Yashawini,Chana,Yashawini Chana,Female,1989-07-13,yashawini.chana349@bankai.com,6462251790,70,Human Resources,Relationship Manager,242.0,2006-07-09,2,54740,Permanent,3.1,Active
350,BKAIEMP625465,Chaman,Rastogi,Chaman Rastogi,Female,1973-07-17,chaman.rastogi350@bankai.com,2278376938,12,Risk Management,Loan Officer,187.0,2010-07-08,29,35694,Permanent,4.6,Active
351,BKAIEMP247189,Jairaj,Bora,Jairaj Bora,Male,1977-07-16,jairaj.bora351@bankai.com,6591166553,21,Loans,Relationship Manager,290.0,2008-07-08,32,54581,Permanent,3.7,Active
352,BKAIEMP377198,Advik,Mody,Advik Mody,Male,1982-07-15,advik.mody352@bankai.com,5979270335,30,Retail Banking,Cashier,343.0,2020-07-05,4,41970,Permanent,3.4,Active
353,BKAIEMP208239,Avi,Kibe,Avi Kibe,Male,1972-07-17,avi.kibe353@bankai.com,4051477053,82,Customer Service,Assistant Manager,135.0,2008-07-08,20,77837,Permanent,3.4,Active
354,BKAIEMP641760,Kai,Subramanian,Kai Subramanian,Male,1989-07-13,kai.subramanian354@bankai.com,0698042043,49,Operations,Credit Analyst,265.0,2014-07-07,4,73127,Permanent,3.4,Active
355,BKAIEMP561267,Vidhi,Anand,Vidhi Anand,Female,1995-07-12,vidhi.anand355@bankai.com,6451046368,30,Corporate Banking,Branch Manager,,2010-07-08,8,174341,Permanent,2.9,Active
356,BKAIEMP534753,Chaitanya,Grewal,Chaitanya Grewal,Male,1984-07-14,chaitanya.grewal356@bankai.com,8780038457,93,Corporate Banking,Sales Executive,247.0,2011-07-08,14,45696,Permanent,2.9,Active
357,BKAIEMP241268,Oscar,Pandey,Oscar Pandey,Male,1973-07-17,oscar.pandey357@bankai.com,4384046084,6,Information Technology,Assistant Manager,76.0,2025-07-04,10,65450,Permanent,3.0,Active
358,BKAIEMP854500,Ronith,Devan,Ronith Devan,Male,1987-07-14,ronith.devan358@bankai.com,6893639264,11,Operations,Customer Service Executive,230.0,2007-07-09,1,40447,Permanent,2.9,Active
359,BKAIEMP753484,Dominic,Jhaveri,Dominic Jhaveri,Male,1973-07-17,dominic.jhaveri359@bankai.com,9832482629,34,Loans,Sales Executive,352.0,2016-07-06,11,44859,Permanent,2.7,Active
360,BKAIEMP628859,Daniel,Gour,Daniel Gour,Male,1979-07-16,daniel.gour360@bankai.com,2056647423,20,Information Technology,Branch Manager,,2023-07-05,33,113255,Permanent,4.0,Active
361,BKAIEMP197716,Amara,Loke,Amara Loke,Female,1975-07-17,amara.loke361@bankai.com,9330517289,85,Loans,Customer Service Executive,309.0,2009-07-08,7,25039,Permanent,4.4,Active
362,BKAIEMP831531,Rishi,Swamy,Rishi Swamy,Male,1972-07-17,rishi.swamy362@bankai.com,2233060463,55,Operations,Cashier,247.0,2014-07-07,2,36485,Permanent,4.4,Active
363,BKAIEMP366881,Gaurang,Sarna,Gaurang Sarna,Male,1975-07-17,gaurang.sarna363@bankai.com,5736609656,99,Operations,Assistant Manager,43.0,2017-07-06,8,79604,Permanent,3.5,Active
364,BKAIEMP223552,Zaitra,Barad,Zaitra Barad,Female,1972-07-17,zaitra.barad364@bankai.com,7703886086,1,Risk Management,Sales Executive,336.0,2020-07-05,33,52536,Permanent,3.5,Active
365,BKAIEMP996508,Madhav,Sarraf,Madhav Sarraf,Male,1971-07-18,madhav.sarraf365@bankai.com,4472649082,55,Information Technology,Customer Service Executive,188.0,2007-07-09,16,34029,Contract,3.5,Active
366,BKAIEMP488196,Zashil,Chowdhury,Zashil Chowdhury,Male,1970-07-18,zashil.chowdhury366@bankai.com,9826657027,72,Compliance,Customer Service Executive,130.0,2017-07-06,11,43928,Permanent,4.3,Active
367,BKAIEMP568288,Chandani,Krishna,Chandani Krishna,Female,1995-07-12,chandani.krishna367@bankai.com,2111751868,13,Operations,Customer Service Executive,261.0,2014-07-07,14,36089,Permanent,4.0,Active
368,BKAIEMP943442,Ranveer,Bassi,Ranveer Bassi,Male,2000-07-10,ranveer.bassi368@bankai.com,5922220644,19,Compliance,Cashier,308.0,2013-07-07,0,27888,Permanent,3.1,Active
369,BKAIEMP743789,Daniel,Deep,Daniel Deep,Male,1972-07-17,daniel.deep369@bankai.com,0940777809,37,Information Technology,Cashier,30.0,2021-07-05,25,41199,Permanent,3.0,Active
370,BKAIEMP922041,Vyanjana,Setty,Vyanjana Setty,Female,1967-07-19,vyanjana.setty370@bankai.com,7199038498,66,Human Resources,Loan Officer,358.0,2019-07-06,2,46107,Permanent,3.4,Active
371,BKAIEMP917546,Falak,Bhakta,Falak Bhakta,Female,1980-07-15,falak.bhakta371@bankai.com,0209945101,46,Risk Management,Assistant Manager,208.0,2008-07-08,17,66563,Permanent,4.3,Active
372,BKAIEMP711248,Lucky,Goel,Lucky Goel,Male,1983-07-15,lucky.goel372@bankai.com,9501455616,45,Customer Service,Loan Officer,116.0,2007-07-09,35,47748,Permanent,3.5,Active
373,BKAIEMP175902,Warinder,Desai,Warinder Desai,Male,1973-07-17,warinder.desai373@bankai.com,4586833901,38,Finance,Customer Service Executive,60.0,2010-07-08,35,33444,Permanent,4.5,Active
374,BKAIEMP907369,Wyatt,Mani,Wyatt Mani,Male,1990-07-13,wyatt.mani374@bankai.com,9548995299,97,Finance,Clerk,235.0,2012-07-07,30,31614,Permanent,3.7,Active
375,BKAIEMP809794,Yatin,Gole,Yatin Gole,Male,1991-07-13,yatin.gole375@bankai.com,4301071396,41,Risk Management,Sales Executive,181.0,2010-07-08,14,47552,Permanent,4.6,Active
376,BKAIEMP179721,Parth,Kala,Parth Kala,Male,1970-07-18,parth.kala376@bankai.com,3441448850,23,Compliance,Customer Service Executive,161.0,2015-07-07,21,32161,Permanent,3.2,Active
377,BKAIEMP872918,Rudra,Balakrishnan,Rudra Balakrishnan,Male,1993-07-12,rudra.balakrishnan377@bankai.com,3557702727,31,Operations,Credit Analyst,136.0,2020-07-05,31,65021,Permanent,3.1,Active
378,BKAIEMP808640,Samuel,Bhalla,Samuel Bhalla,Male,1974-07-17,samuel.bhalla378@bankai.com,9588039551,79,Retail Banking,Relationship Manager,278.0,2025-07-04,5,76607,Permanent,3.3,Active
379,BKAIEMP614646,Pallavi,Prashad,Pallavi Prashad,Female,1994-07-12,pallavi.prashad379@bankai.com,9962914504,98,Human Resources,Customer Service Executive,144.0,2014-07-07,17,32277,Permanent,2.8,Active
380,BKAIEMP626883,Jagat,Prabhu,Jagat Prabhu,Male,1983-07-15,jagat.prabhu380@bankai.com,4384215031,51,Loans,Clerk,235.0,2023-07-05,2,33440,Permanent,3.3,Active
381,BKAIEMP441244,Wyatt,Tella,Wyatt Tella,Male,1982-07-15,wyatt.tella381@bankai.com,3578452182,79,Customer Service,Cashier,96.0,2009-07-08,6,33613,Permanent,3.7,Active
382,BKAIEMP539450,Rishi,Vig,Rishi Vig,Male,1982-07-15,rishi.vig382@bankai.com,0409157018,47,Risk Management,Cashier,144.0,2012-07-07,13,30894,Permanent,4.9,Active
383,BKAIEMP682316,Nimrat,Kadakia,Nimrat Kadakia,Female,1978-07-16,nimrat.kadakia383@bankai.com,3344857142,49,Operations,Operations Executive,75.0,2022-07-05,15,45498,Permanent,2.9,Active
384,BKAIEMP659921,Advika,Varkey,Advika Varkey,Female,1985-07-14,advika.varkey384@bankai.com,3858542493,63,Customer Service,Sales Executive,129.0,2009-07-08,33,58131,Permanent,3.5,Active
385,BKAIEMP979725,Omkaar,Zachariah,Omkaar Zachariah,Male,1999-07-11,omkaar.zachariah385@bankai.com,0207016016,58,Finance,Sales Executive,134.0,2015-07-07,30,41806,Permanent,4.8,Active
386,BKAIEMP704875,Udant,Parekh,Udant Parekh,Male,1969-07-18,udant.parekh386@bankai.com,5381792171,84,Human Resources,Relationship Manager,90.0,2017-07-06,12,68272,Permanent,3.8,Active
387,BKAIEMP586279,Wahab,Kata,Wahab Kata,Male,1996-07-11,wahab.kata387@bankai.com,2945625577,22,Finance,Assistant Manager,216.0,2006-07-09,18,80064,Permanent,4.6,Active
388,BKAIEMP784733,Daksh,Panchal,Daksh Panchal,Male,1987-07-14,daksh.panchal388@bankai.com,7245992816,91,Customer Service,Loan Officer,310.0,2006-07-09,20,60916,Permanent,3.6,Active
389,BKAIEMP534098,Balendra,Mittal,Balendra Mittal,Male,1995-07-12,balendra.mittal389@bankai.com,6963938276,24,Retail Banking,Customer Service Executive,65.0,2019-07-06,28,33245,Contract,4.3,Active
390,BKAIEMP596171,Tanveer,Saran,Tanveer Saran,Male,1970-07-18,tanveer.saran390@bankai.com,8321971997,7,Retail Banking,Relationship Manager,204.0,2010-07-08,4,50455,Permanent,4.0,Active
391,BKAIEMP359414,Vamakshi,Goda,Vamakshi Goda,Female,1987-07-14,vamakshi.goda391@bankai.com,6191965701,57,Loans,Cashier,68.0,2010-07-08,14,30590,Permanent,4.2,Active
392,BKAIEMP385647,Aadi,Din,Aadi Din,Male,1970-07-18,aadi.din392@bankai.com,7846997335,57,Loans,Cashier,358.0,2009-07-08,34,30801,Permanent,3.6,Active
393,BKAIEMP424703,Urishilla,Padmanabhan,Urishilla Padmanabhan,Female,1983-07-15,urishilla.padmanabhan393@bankai.com,9098624058,62,Human Resources,Cashier,117.0,2024-07-04,34,39478,Permanent,3.5,Active
394,BKAIEMP460589,Praneel,Choudhary,Praneel Choudhary,Male,1987-07-14,praneel.choudhary394@bankai.com,0369656666,61,Human Resources,Customer Service Executive,5.0,2011-07-08,8,40632,Permanent,4.4,Active
395,BKAIEMP491794,Wazir,Dewan,Wazir Dewan,Male,1993-07-12,wazir.dewan395@bankai.com,8656242201,53,Human Resources,Sales Executive,224.0,2014-07-07,35,38188,Permanent,4.3,Active
396,BKAIEMP755698,Tejas,Deshpande,Tejas Deshpande,Male,1990-07-13,tejas.deshpande396@bankai.com,2679692786,67,Information Technology,Loan Officer,356.0,2018-07-06,27,53656,Permanent,3.8,Active
397,BKAIEMP403662,Peter,Kara,Peter Kara,Male,1998-07-11,peter.kara397@bankai.com,6909738468,82,Compliance,Assistant Manager,317.0,2012-07-07,8,68917,Permanent,3.7,Active
398,BKAIEMP294969,Anirudh,Subramanian,Anirudh Subramanian,Male,1999-07-11,anirudh.subramanian398@bankai.com,1971284781,37,Customer Service,Clerk,65.0,2012-07-07,1,33912,Permanent,2.7,Active
399,BKAIEMP489438,Jason,Sodhi,Jason Sodhi,Male,1976-07-16,jason.sodhi399@bankai.com,8949058077,90,Retail Banking,Cashier,170.0,2024-07-04,31,29787,Permanent,4.4,Active
400,BKAIEMP956949,Noah,Sama,Noah Sama,Male,1981-07-15,noah.sama400@bankai.com,4420949407,2,Corporate Banking,Relationship Manager,394.0,2019-07-06,16,70218,Permanent,3.6,Active
401,BKAIEMP646453,Atharv,Manne,Atharv Manne,Male,1992-07-12,atharv.manne401@bankai.com,4712814429,61,Risk Management,Cashier,349.0,2017-07-06,6,35586,Permanent,4.3,Active
402,BKAIEMP769536,Abhimanyu,Choudhury,Abhimanyu Choudhury,Male,1986-07-14,abhimanyu.choudhury402@bankai.com,9275243728,26,Finance,Relationship Manager,27.0,2020-07-05,30,52400,Permanent,3.6,Active
403,BKAIEMP927477,Eta,Dube,Eta Dube,Female,1990-07-13,eta.dube403@bankai.com,6637239504,2,Retail Banking,Customer Service Executive,298.0,2011-07-08,25,44536,Permanent,4.4,Active
404,BKAIEMP896456,Vincent,Rastogi,Vincent Rastogi,Male,2002-07-10,vincent.rastogi404@bankai.com,4783667428,8,Finance,Operations Executive,331.0,2022-07-05,21,52981,Permanent,2.8,Active
405,BKAIEMP944654,Udarsh,Raja,Udarsh Raja,Male,1977-07-16,udarsh.raja405@bankai.com,8018569454,94,Operations,Customer Service Executive,11.0,2014-07-07,22,36736,Permanent,3.1,Active
406,BKAIEMP830897,Shivani,Shenoy,Shivani Shenoy,Female,1974-07-17,shivani.shenoy406@bankai.com,9385258001,25,Information Technology,Customer Service Executive,96.0,2009-07-08,34,36392,Permanent,3.7,Active
407,BKAIEMP172222,Charles,Sehgal,Charles Sehgal,Male,1972-07-17,charles.sehgal407@bankai.com,3443009109,20,Compliance,Sales Executive,152.0,2018-07-06,10,47747,Permanent,2.5,Active
408,BKAIEMP749838,Darpan,Chadha,Darpan Chadha,Male,1982-07-15,darpan.chadha408@bankai.com,6921244717,100,Information Technology,Relationship Manager,123.0,2016-07-06,1,49151,Permanent,3.8,Active
409,BKAIEMP261618,Kabir,Edwin,Kabir Edwin,Male,1966-07-19,kabir.edwin409@bankai.com,4066504427,37,Finance,Cashier,210.0,2006-07-09,35,35552,Permanent,3.8,Active
410,BKAIEMP311895,Shravya,Gokhale,Shravya Gokhale,Female,1999-07-11,shravya.gokhale410@bankai.com,1286391741,63,Operations,Relationship Manager,51.0,2025-07-04,2,70467,Permanent,3.8,Active
411,BKAIEMP113721,Jeremiah,Sehgal,Jeremiah Sehgal,Male,1992-07-12,jeremiah.sehgal411@bankai.com,7200642569,84,Compliance,Cashier,41.0,2012-07-07,4,26989,Permanent,4.4,Active
412,BKAIEMP963652,Waida,Sarin,Waida Sarin,Female,1966-07-19,waida.sarin412@bankai.com,1830671985,35,Human Resources,Sales Executive,21.0,2024-07-04,3,57343,Permanent,4.9,Active
413,BKAIEMP504048,Ayaan,Chana,Ayaan Chana,Male,1993-07-12,ayaan.chana413@bankai.com,8517432806,25,Human Resources,Operations Executive,337.0,2019-07-06,34,48678,Permanent,2.9,Active
414,BKAIEMP807256,Chatresh,Parmer,Chatresh Parmer,Male,1976-07-16,chatresh.parmer414@bankai.com,1732030937,90,Risk Management,Relationship Manager,54.0,2021-07-05,22,56822,Permanent,3.8,Active
415,BKAIEMP430463,Mitesh,Tata,Mitesh Tata,Male,1970-07-18,mitesh.tata415@bankai.com,0050506138,42,Finance,Customer Service Executive,212.0,2006-07-09,22,39109,Permanent,3.3,Active
416,BKAIEMP880746,Jackson,Bora,Jackson Bora,Male,1989-07-13,jackson.bora416@bankai.com,2707903202,47,Compliance,Cashier,230.0,2014-07-07,35,25006,Permanent,5.0,Active
417,BKAIEMP106887,Vedant,Garde,Vedant Garde,Male,1986-07-14,vedant.garde417@bankai.com,1179931365,29,Operations,Clerk,162.0,2026-07-04,19,34640,Permanent,4.2,Active
418,BKAIEMP198867,Ekapad,Nagy,Ekapad Nagy,Male,2003-07-10,ekapad.nagy418@bankai.com,0925114262,59,Finance,Customer Service Executive,80.0,2022-07-05,9,33683,Permanent,4.0,Active
419,BKAIEMP696707,Urvashi,Kohli,Urvashi Kohli,Female,1992-07-12,urvashi.kohli419@bankai.com,2196207100,94,Corporate Banking,Assistant Manager,371.0,2016-07-06,25,85981,Permanent,3.7,Active
420,BKAIEMP724145,Meghana,Saha,Meghana Saha,Female,1986-07-14,meghana.saha420@bankai.com,2324876329,5,Information Technology,Sales Executive,196.0,2024-07-04,6,55563,Permanent,4.4,Active
421,BKAIEMP907812,Yahvi,Chakrabarti,Yahvi Chakrabarti,Female,1991-07-13,yahvi.chakrabarti421@bankai.com,5608331819,96,Information Technology,Cashier,6.0,2006-07-09,7,37533,Permanent,3.8,Active
422,BKAIEMP260639,Imaran,Shetty,Imaran Shetty,Male,2002-07-10,imaran.shetty422@bankai.com,4031277220,87,Risk Management,Cashier,229.0,2007-07-09,14,43849,Permanent,3.1,Active
423,BKAIEMP598969,Henry,Saran,Henry Saran,Male,1969-07-18,henry.saran423@bankai.com,5970108220,96,Retail Banking,Relationship Manager,281.0,2014-07-07,5,62206,Permanent,3.8,Active
424,BKAIEMP307731,Balendra,Keer,Balendra Keer,Male,1974-07-17,balendra.keer424@bankai.com,9956353153,51,Information Technology,Relationship Manager,101.0,2009-07-08,35,79357,Permanent,2.7,Active
425,BKAIEMP217996,Harish,Prashad,Harish Prashad,Male,1979-07-16,harish.prashad425@bankai.com,1797062397,55,Finance,Credit Analyst,179.0,2020-07-05,5,71019,Permanent,4.1,Active
426,BKAIEMP753453,Ekansh,Shankar,Ekansh Shankar,Male,1996-07-11,ekansh.shankar426@bankai.com,5435209042,57,Retail Banking,Cashier,419.0,2019-07-06,28,31543,Permanent,2.9,Active
427,BKAIEMP751168,Shaurya,Garg,Shaurya Garg,Male,1996-07-11,shaurya.garg427@bankai.com,3492929831,37,Retail Banking,Operations Executive,176.0,2023-07-05,15,39998,Permanent,2.6,Active
428,BKAIEMP886804,Hritik,Solanki,Hritik Solanki,Male,1989-07-13,hritik.solanki428@bankai.com,4063356939,71,Compliance,Relationship Manager,319.0,2022-07-05,33,46205,Permanent,4.8,Active
429,BKAIEMP927524,Sathvik,Basu,Sathvik Basu,Male,1966-07-19,sathvik.basu429@bankai.com,7806867177,35,Retail Banking,Assistant Manager,239.0,2006-07-09,12,60273,Permanent,4.2,Active
430,BKAIEMP120005,Abha,Ray,Abha Ray,Female,1987-07-14,abha.ray430@bankai.com,2543107427,84,Risk Management,Cashier,119.0,2014-07-07,6,41663,Contract,2.7,Active
431,BKAIEMP308535,Vasana,Sheth,Vasana Sheth,Female,1973-07-17,vasana.sheth431@bankai.com,6257016580,59,Human Resources,Customer Service Executive,365.0,2026-07-04,11,26302,Permanent,3.8,Active
432,BKAIEMP817552,Hemang,Buch,Hemang Buch,Male,1983-07-15,hemang.buch432@bankai.com,0850165790,46,Customer Service,Relationship Manager,121.0,2010-07-08,22,63079,Permanent,4.1,Active
433,BKAIEMP681896,Bhavna,Jayaraman,Bhavna Jayaraman,Female,1988-07-13,bhavna.jayaraman433@bankai.com,5381793355,29,Loans,Sales Executive,175.0,2014-07-07,1,51526,Permanent,4.3,Active
434,BKAIEMP537605,Lakshit,Bhagat,Lakshit Bhagat,Male,1990-07-13,lakshit.bhagat434@bankai.com,5577881788,74,Loans,Sales Executive,219.0,2017-07-06,14,59810,Permanent,3.6,Active
435,BKAIEMP244818,Qarin,Bhatti,Qarin Bhatti,Male,1986-07-14,qarin.bhatti435@bankai.com,7116241124,89,Human Resources,Customer Service Executive,70.0,2013-07-07,12,29756,Permanent,3.9,Active
436,BKAIEMP293079,Faqid,Jayaraman,Faqid Jayaraman,Male,1985-07-14,faqid.jayaraman436@bankai.com,4682756704,19,Retail Banking,Customer Service Executive,392.0,2016-07-06,7,38567,Contract,3.3,Active
437,BKAIEMP259338,Kala,Venkatesh,Kala Venkatesh,Female,1993-07-12,kala.venkatesh437@bankai.com,6955798877,14,Loans,Customer Service Executive,95.0,2026-07-04,17,33744,Permanent,4.0,Active
438,BKAIEMP821568,Michael,Garg,Michael Garg,Male,1975-07-17,michael.garg438@bankai.com,3754025472,18,Human Resources,Assistant Manager,434.0,2007-07-09,5,75360,Permanent,3.4,Active
439,BKAIEMP337264,Luke,Gopal,Luke Gopal,Male,2003-07-10,luke.gopal439@bankai.com,2231059274,53,Retail Banking,Relationship Manager,139.0,2013-07-07,12,59585,Permanent,5.0,Active
440,BKAIEMP747033,Anay,Nadig,Anay Nadig,Male,1974-07-17,anay.nadig440@bankai.com,2578284106,89,Finance,Credit Analyst,235.0,2019-07-06,28,78020,Permanent,2.6,Active
441,BKAIEMP650744,Nathaniel,Dugal,Nathaniel Dugal,Male,2003-07-10,nathaniel.dugal441@bankai.com,8854749297,67,Corporate Banking,Loan Officer,232.0,2012-07-07,34,37779,Permanent,3.1,Active
442,BKAIEMP641198,Anusha,Dewan,Anusha Dewan,Female,2002-07-10,anusha.dewan442@bankai.com,4069375150,25,Customer Service,Assistant Manager,226.0,2014-07-07,24,88979,Permanent,4.6,Active
443,BKAIEMP823468,Indrajit,Mall,Indrajit Mall,Male,1972-07-17,indrajit.mall443@bankai.com,0187186375,19,Compliance,Customer Service Executive,425.0,2006-07-09,3,39801,Permanent,3.8,Active
444,BKAIEMP241879,Ayaan,Patel,Ayaan Patel,Male,1980-07-15,ayaan.patel444@bankai.com,2656504554,53,Finance,Credit Analyst,231.0,2026-07-04,34,61722,Permanent,4.7,Active
445,BKAIEMP825318,Janaki,Sawhney,Janaki Sawhney,Female,1995-07-12,janaki.sawhney445@bankai.com,7426629912,92,Corporate Banking,Assistant Manager,47.0,2023-07-05,20,83141,Permanent,3.4,Active
446,BKAIEMP741804,Oliver,Bhatti,Oliver Bhatti,Male,1995-07-12,oliver.bhatti446@bankai.com,1064628792,49,Human Resources,Sales Executive,195.0,2025-07-04,32,55174,Permanent,3.3,Active
447,BKAIEMP287555,Mohini,Swaminathan,Mohini Swaminathan,Female,2002-07-10,mohini.swaminathan447@bankai.com,4947873002,54,Customer Service,Relationship Manager,159.0,2012-07-07,9,63925,Permanent,2.8,Active
448,BKAIEMP112800,David,Mani,David Mani,Male,1976-07-16,david.mani448@bankai.com,2730147195,64,Compliance,Customer Service Executive,279.0,2026-07-04,16,44922,Permanent,3.1,Active
449,BKAIEMP730421,Tejas,Kuruvilla,Tejas Kuruvilla,Male,1967-07-19,tejas.kuruvilla449@bankai.com,1589042902,1,Operations,Cashier,281.0,2018-07-06,5,43269,Permanent,3.0,Active
450,BKAIEMP995304,Pranav,Gade,Pranav Gade,Male,2003-07-10,pranav.gade450@bankai.com,4565044818,86,Information Technology,Cashier,430.0,2007-07-09,9,34779,Permanent,2.7,Active
451,BKAIEMP740774,Geetika,Naidu,Geetika Naidu,Female,1967-07-19,geetika.naidu451@bankai.com,4451895202,74,Human Resources,Relationship Manager,91.0,2012-07-07,18,68605,Contract,2.7,Active
452,BKAIEMP895284,Xavier,Sabharwal,Xavier Sabharwal,Male,1978-07-16,xavier.sabharwal452@bankai.com,2132833898,71,Corporate Banking,Cashier,150.0,2011-07-08,4,29408,Permanent,4.6,Active
453,BKAIEMP741784,Sathvik,Sharma,Sathvik Sharma,Male,2002-07-10,sathvik.sharma453@bankai.com,1207545279,14,Information Technology,Relationship Manager,374.0,2006-07-09,13,79665,Contract,3.7,Active
454,BKAIEMP547798,Nidra,Balakrishnan,Nidra Balakrishnan,Female,1967-07-19,nidra.balakrishnan454@bankai.com,3223423216,41,Customer Service,Clerk,270.0,2008-07-08,18,32211,Permanent,2.8,Active
455,BKAIEMP947228,Wyatt,Sankar,Wyatt Sankar,Male,1994-07-12,wyatt.sankar455@bankai.com,3108907140,79,Operations,Customer Service Executive,363.0,2017-07-06,31,31342,Permanent,2.6,Active
456,BKAIEMP534153,Chanakya,Dasgupta,Chanakya Dasgupta,Male,2003-07-10,chanakya.dasgupta456@bankai.com,9325012495,43,Finance,Sales Executive,287.0,2006-07-09,26,36957,Permanent,3.0,Active
457,BKAIEMP676710,Kavya,Tiwari,Kavya Tiwari,Female,1985-07-14,kavya.tiwari457@bankai.com,1908334280,99,Retail Banking,Loan Officer,59.0,2016-07-06,32,57371,Permanent,3.9,Active
458,BKAIEMP805139,Vyanjana,Peri,Vyanjana Peri,Female,1975-07-17,vyanjana.peri458@bankai.com,7125663836,61,Retail Banking,Relationship Manager,331.0,2022-07-05,21,76555,Permanent,3.7,Active
459,BKAIEMP878656,Vidhi,Choudhary,Vidhi Choudhary,Female,2002-07-10,vidhi.choudhary459@bankai.com,7548015716,67,Customer Service,Cashier,290.0,2016-07-06,26,43192,Permanent,3.0,Active
460,BKAIEMP169429,Nimrat,Sawhney,Nimrat Sawhney,Female,1996-07-11,nimrat.sawhney460@bankai.com,8646317520,36,Retail Banking,Credit Analyst,174.0,2014-07-07,22,85014,Permanent,3.9,Active
461,BKAIEMP839525,Theodore,Virk,Theodore Virk,Male,1985-07-14,theodore.virk461@bankai.com,1266912153,91,Retail Banking,Sales Executive,140.0,2013-07-07,19,32844,Permanent,3.1,Active
462,BKAIEMP283514,Tamanna,Das,Tamanna Das,Female,1998-07-11,tamanna.das462@bankai.com,6749946579,48,Retail Banking,Relationship Manager,399.0,2020-07-05,19,51068,Permanent,2.6,Active
463,BKAIEMP868020,Liam,Din,Liam Din,Male,1972-07-17,liam.din463@bankai.com,1147732010,40,Finance,Relationship Manager,74.0,2023-07-05,30,78826,Permanent,2.8,Active
464,BKAIEMP221462,Gaurav,Raja,Gaurav Raja,Male,2005-07-09,gaurav.raja464@bankai.com,2499118773,40,Retail Banking,Operations Executive,352.0,2007-07-09,33,32853,Permanent,4.7,Active
465,BKAIEMP705615,Yashawini,Lal,Yashawini Lal,Female,1986-07-14,yashawini.lal465@bankai.com,8800616756,82,Operations,Operations Executive,165.0,2020-07-05,1,36309,Permanent,3.8,Active
466,BKAIEMP386929,Amol,Goel,Amol Goel,Male,1998-07-11,amol.goel466@bankai.com,2762467197,2,Information Technology,Loan Officer,287.0,2010-07-08,10,41709,Permanent,3.4,Active
467,BKAIEMP701969,Wahab,Soni,Wahab Soni,Male,1990-07-13,wahab.soni467@bankai.com,8064796954,22,Corporate Banking,Operations Executive,160.0,2007-07-09,18,41099,Permanent,2.6,Active
468,BKAIEMP156413,Aradhana,Dave,Aradhana Dave,Female,2000-07-10,aradhana.dave468@bankai.com,5905616556,55,Risk Management,Assistant Manager,92.0,2007-07-09,24,89205,Permanent,4.6,Active
469,BKAIEMP847528,Jatin,Keer,Jatin Keer,Male,1971-07-18,jatin.keer469@bankai.com,9114152085,11,Compliance,Loan Officer,291.0,2022-07-05,12,41089,Permanent,4.8,Active
470,BKAIEMP593403,Shivansh,Loke,Shivansh Loke,Male,1991-07-13,shivansh.loke470@bankai.com,7905696591,29,Loans,Operations Executive,441.0,2007-07-09,29,38455,Permanent,3.5,Active
471,BKAIEMP575301,Om,Taneja,Om Taneja,Male,1974-07-17,om.taneja471@bankai.com,2945637183,4,Corporate Banking,Sales Executive,244.0,2023-07-05,20,41516,Permanent,4.6,Active
472,BKAIEMP207932,Manthan,Ratti,Manthan Ratti,Male,1980-07-15,manthan.ratti472@bankai.com,9191954198,92,Corporate Banking,Customer Service Executive,167.0,2009-07-08,32,27324,Permanent,3.8,Active
473,BKAIEMP266744,Oscar,Bose,Oscar Bose,Male,1975-07-17,oscar.bose473@bankai.com,8468536649,50,Corporate Banking,Customer Service Executive,175.0,2020-07-05,35,44364,Permanent,5.0,Active
474,BKAIEMP794799,Gautam,Bahl,Gautam Bahl,Male,2001-07-10,gautam.bahl474@bankai.com,9737489690,95,Information Technology,Operations Executive,429.0,2011-07-08,11,33746,Permanent,3.7,Active
475,BKAIEMP172988,Vedhika,Divan,Vedhika Divan,Female,1967-07-19,vedhika.divan475@bankai.com,2466513644,14,Information Technology,Relationship Manager,395.0,2014-07-07,25,66457,Permanent,4.2,Active
476,BKAIEMP893853,Kamya,Ravi,Kamya Ravi,Female,1996-07-11,kamya.ravi476@bankai.com,1230347786,85,Loans,Credit Analyst,232.0,2009-07-08,0,69103,Permanent,3.9,Active
477,BKAIEMP555844,Fariq,Mahajan,Fariq Mahajan,Male,1983-07-15,fariq.mahajan477@bankai.com,0448207001,12,Information Technology,Loan Officer,5.0,2007-07-09,19,68451,Permanent,2.8,Active
478,BKAIEMP100884,Azad,Ray,Azad Ray,Male,1970-07-18,azad.ray478@bankai.com,1623198189,46,Corporate Banking,Customer Service Executive,441.0,2017-07-06,3,26021,Permanent,4.3,Active
479,BKAIEMP556329,Chakradev,Khanna,Chakradev Khanna,Male,1971-07-18,chakradev.khanna479@bankai.com,5596363212,28,Loans,Cashier,244.0,2022-07-05,24,31167,Permanent,4.6,Active
480,BKAIEMP240800,Samarth,Kumar,Samarth Kumar,Male,2005-07-09,samarth.kumar480@bankai.com,7851586734,10,Retail Banking,Loan Officer,74.0,2011-07-08,8,63621,Contract,2.8,Active
481,BKAIEMP753523,Raksha,Morar,Raksha Morar,Female,1994-07-12,raksha.morar481@bankai.com,9003486451,59,Human Resources,Sales Executive,218.0,2009-07-08,27,56872,Permanent,3.4,Active
482,BKAIEMP846722,Rishi,Anand,Rishi Anand,Male,1973-07-17,rishi.anand482@bankai.com,4413432756,35,Risk Management,Customer Service Executive,475.0,2009-07-08,15,43885,Permanent,4.9,Active
483,BKAIEMP824038,Xalak,Sinha,Xalak Sinha,Female,2000-07-10,xalak.sinha483@bankai.com,5612481569,19,Human Resources,Relationship Manager,440.0,2018-07-06,30,75470,Permanent,3.8,Active
484,BKAIEMP817303,Akshay,Ben,Akshay Ben,Male,1971-07-18,akshay.ben484@bankai.com,7206345911,75,Customer Service,Customer Service Executive,314.0,2025-07-04,4,36257,Permanent,2.5,Active
485,BKAIEMP541467,Eiravati,Roy,Eiravati Roy,Female,1983-07-15,eiravati.roy485@bankai.com,7724295431,38,Customer Service,Customer Service Executive,86.0,2025-07-04,21,44583,Permanent,4.3,Active
486,BKAIEMP700687,Ronith,Purohit,Ronith Purohit,Male,2002-07-10,ronith.purohit486@bankai.com,0089317342,85,Customer Service,Cashier,415.0,2007-07-09,10,25894,Permanent,2.7,Active
487,BKAIEMP745710,Upadhriti,Lad,Upadhriti Lad,Female,1988-07-13,upadhriti.lad487@bankai.com,1529108677,36,Customer Service,Loan Officer,8.0,2023-07-05,8,46443,Permanent,4.3,Active
488,BKAIEMP608473,Girish,Lata,Girish Lata,Male,1994-07-12,girish.lata488@bankai.com,7626393436,68,Retail Banking,Relationship Manager,176.0,2024-07-04,15,54507,Permanent,4.6,Active
489,BKAIEMP349505,Amrita,Mannan,Amrita Mannan,Female,1977-07-16,amrita.mannan489@bankai.com,3973597107,93,Loans,Cashier,108.0,2008-07-08,24,36307,Permanent,3.2,Active
490,BKAIEMP416006,Hitesh,Rajagopal,Hitesh Rajagopal,Male,1975-07-17,hitesh.rajagopal490@bankai.com,9411800537,96,Human Resources,Cashier,120.0,2014-07-07,30,37781,Permanent,2.9,Active
491,BKAIEMP500560,Arin,Ahluwalia,Arin Ahluwalia,Male,1985-07-14,arin.ahluwalia491@bankai.com,8964652809,68,Retail Banking,Credit Analyst,50.0,2009-07-08,28,73188,Contract,3.6,Active
492,BKAIEMP941289,Yashasvi,Tailor,Yashasvi Tailor,Female,1999-07-11,yashasvi.tailor492@bankai.com,7215862415,33,Information Technology,Cashier,201.0,2012-07-07,17,32923,Permanent,4.0,Active
493,BKAIEMP428487,Logan,Patel,Logan Patel,Male,1970-07-18,logan.patel493@bankai.com,4494856257,2,Retail Banking,Operations Executive,426.0,2024-07-04,11,30391,Permanent,3.8,Active
494,BKAIEMP302458,Avi,Gulati,Avi Gulati,Male,2003-07-10,avi.gulati494@bankai.com,0320742761,4,Information Technology,Operations Executive,48.0,2025-07-04,16,49468,Permanent,4.6,Active
495,BKAIEMP190582,Pranav,Sundaram,Pranav Sundaram,Male,1967-07-19,pranav.sundaram495@bankai.com,7121513422,17,Risk Management,Operations Executive,337.0,2006-07-09,7,48548,Permanent,3.0,Active
496,BKAIEMP769809,Hitesh,Agrawal,Hitesh Agrawal,Male,1976-07-16,hitesh.agrawal496@bankai.com,6137150416,36,Risk Management,Loan Officer,355.0,2016-07-06,4,51864,Permanent,2.7,Active
497,BKAIEMP370782,Neel,Dube,Neel Dube,Male,1989-07-13,neel.dube497@bankai.com,1777490509,23,Compliance,Cashier,36.0,2011-07-08,3,31575,Permanent,2.9,Active
498,BKAIEMP743790,Dhruv,Kakar,Dhruv Kakar,Male,1999-07-11,dhruv.kakar498@bankai.com,4501896164,57,Customer Service,Operations Executive,53.0,2025-07-04,13,32389,Permanent,4.3,Active
499,BKAIEMP139673,Chaitanya,Bail,Chaitanya Bail,Male,1981-07-15,chaitanya.bail499@bankai.com,2664214764,35,Loans,Cashier,359.0,2016-07-06,0,37823,Permanent,3.8,Active
500,BKAIEMP666366,Chanakya,Pillai,Chanakya Pillai,Male,1991-07-13,chanakya.pillai500@bankai.com,7767499616,1,Risk Management,Cashier,489.0,2011-07-08,4,28971,Permanent,4.8,Active
501,BKAIEMP483102,Teerth,Sandhu,Teerth Sandhu,Male,1971-07-18,teerth.sandhu501@bankai.com,0857327881,44,Corporate Banking,Cashier,431.0,2012-07-07,5,34501,Permanent,2.9,Active
502,BKAIEMP211954,Balveer,Sridhar,Balveer Sridhar,Male,1983-07-15,balveer.sridhar502@bankai.com,2243864908,63,Corporate Banking,Relationship Manager,454.0,2006-07-09,24,73703,Permanent,2.8,Active
503,BKAIEMP507652,Darika,Uppal,Darika Uppal,Female,2001-07-10,darika.uppal503@bankai.com,6179454918,70,Customer Service,Customer Service Executive,256.0,2009-07-08,31,39722,Contract,2.5,Active
504,BKAIEMP223928,Gaurav,Gopal,Gaurav Gopal,Male,1992-07-12,gaurav.gopal504@bankai.com,0164597794,84,Human Resources,Operations Executive,235.0,2009-07-08,25,34880,Permanent,3.1,Active
505,BKAIEMP594109,Hiral,Brar,Hiral Brar,Female,1966-07-19,hiral.brar505@bankai.com,1680061027,6,Operations,Cashier,360.0,2006-07-09,1,29277,Permanent,4.1,Active
506,BKAIEMP975930,Widisha,Mitter,Widisha Mitter,Female,1968-07-18,widisha.mitter506@bankai.com,6412203103,9,Corporate Banking,Assistant Manager,59.0,2011-07-08,10,79496,Permanent,3.1,Active
507,BKAIEMP439984,Elijah,Khurana,Elijah Khurana,Male,1998-07-11,elijah.khurana507@bankai.com,8314727601,88,Information Technology,Sales Executive,280.0,2022-07-05,25,40537,Permanent,4.5,Active
508,BKAIEMP387198,Xavier,Sinha,Xavier Sinha,Male,1996-07-11,xavier.sinha508@bankai.com,7933496050,97,Risk Management,Cashier,87.0,2015-07-07,7,43134,Permanent,3.1,Active
509,BKAIEMP915437,Yug,Mannan,Yug Mannan,Male,1995-07-12,yug.mannan509@bankai.com,7678997308,3,Compliance,Sales Executive,42.0,2026-07-04,24,30236,Permanent,2.7,Active
510,BKAIEMP825990,Nisha,Bhatt,Nisha Bhatt,Female,1997-07-11,nisha.bhatt510@bankai.com,6717957602,27,Loans,Cashier,328.0,2018-07-06,30,42140,Permanent,3.1,Active
511,BKAIEMP741780,Orinder,Sarma,Orinder Sarma,Male,2000-07-10,orinder.sarma511@bankai.com,8395972466,81,Customer Service,Customer Service Executive,179.0,2013-07-07,31,25149,Permanent,3.0,Inactive
512,BKAIEMP632195,Ishita,Mandal,Ishita Mandal,Female,1991-07-13,ishita.mandal512@bankai.com,7223297167,60,Operations,Customer Service Executive,284.0,2025-07-04,34,31347,Permanent,2.9,Active
513,BKAIEMP802695,Arunima,Badami,Arunima Badami,Female,2003-07-10,arunima.badami513@bankai.com,4522801561,7,Finance,Cashier,292.0,2020-07-05,10,39243,Permanent,4.0,Active
514,BKAIEMP663463,Isaac,Sur,Isaac Sur,Male,1994-07-12,isaac.sur514@bankai.com,5508428910,21,Retail Banking,Relationship Manager,497.0,2010-07-08,3,52606,Permanent,3.1,Active
515,BKAIEMP341238,Chatresh,Chaudry,Chatresh Chaudry,Male,1998-07-11,chatresh.chaudry515@bankai.com,8121352478,42,Operations,Cashier,101.0,2019-07-06,20,38519,Permanent,3.4,Active
516,BKAIEMP251981,Qabil,Natt,Qabil Natt,Male,1992-07-12,qabil.natt516@bankai.com,1376037548,79,Compliance,Cashier,183.0,2014-07-07,27,37238,Permanent,4.3,Active
517,BKAIEMP133653,Ria,Sachdeva,Ria Sachdeva,Female,1969-07-18,ria.sachdeva517@bankai.com,3286326667,8,Customer Service,Relationship Manager,140.0,2023-07-05,8,75509,Permanent,2.9,Active
518,BKAIEMP706204,Vaishnavi,Dhingra,Vaishnavi Dhingra,Female,1970-07-18,vaishnavi.dhingra518@bankai.com,8115562606,30,Corporate Banking,Customer Service Executive,422.0,2010-07-08,10,41030,Permanent,3.0,Active
519,BKAIEMP871939,Ayush,Venkatesh,Ayush Venkatesh,Male,1990-07-13,ayush.venkatesh519@bankai.com,6684550489,32,Finance,Branch Manager,,2013-07-07,27,165951,Permanent,4.8,Active
520,BKAIEMP146372,Ishanvi,Sathe,Ishanvi Sathe,Female,2003-07-10,ishanvi.sathe520@bankai.com,6341085628,61,Human Resources,Credit Analyst,35.0,2013-07-07,26,84807,Permanent,4.5,Active
521,BKAIEMP685616,Chakradhar,Vaidya,Chakradhar Vaidya,Male,2005-07-09,chakradhar.vaidya521@bankai.com,8520089434,89,Risk Management,Cashier,224.0,2022-07-05,5,36744,Permanent,4.1,Active
522,BKAIEMP999596,Ayushman,Pradhan,Ayushman Pradhan,Male,1969-07-18,ayushman.pradhan522@bankai.com,8510174907,96,Information Technology,Loan Officer,25.0,2012-07-07,29,65393,Permanent,4.7,Active
523,BKAIEMP838094,Kamala,Palla,Kamala Palla,Female,2005-07-09,kamala.palla523@bankai.com,4926831589,81,Corporate Banking,Cashier,395.0,2016-07-06,29,42397,Permanent,3.6,Active
524,BKAIEMP925954,Chavvi,Din,Chavvi Din,Female,2000-07-10,chavvi.din524@bankai.com,6110627371,80,Finance,Customer Service Executive,57.0,2010-07-08,13,36927,Permanent,2.8,Active
525,BKAIEMP779658,Rudra,Lalla,Rudra Lalla,Male,1970-07-18,rudra.lalla525@bankai.com,6776228277,91,Corporate Banking,Cashier,210.0,2022-07-05,11,35974,Permanent,2.8,Active
526,BKAIEMP889759,Dhriti,Kala,Dhriti Kala,Female,1991-07-13,dhriti.kala526@bankai.com,7028519611,42,Finance,Customer Service Executive,274.0,2010-07-08,13,38858,Permanent,2.7,Active
527,BKAIEMP593002,Anmol,Virk,Anmol Virk,Male,1971-07-18,anmol.virk527@bankai.com,1545447022,87,Human Resources,Customer Service Executive,300.0,2012-07-07,7,37063,Permanent,4.9,Active
528,BKAIEMP191549,Niharika,Mander,Niharika Mander,Female,2000-07-10,niharika.mander528@bankai.com,2701851067,51,Loans,Assistant Manager,296.0,2024-07-04,29,63583,Permanent,2.8,Active
529,BKAIEMP407410,Upkaar,Nazareth,Upkaar Nazareth,Male,1979-07-16,upkaar.nazareth529@bankai.com,7922877725,88,Human Resources,Relationship Manager,136.0,2011-07-08,1,67721,Permanent,4.3,Active
530,BKAIEMP975505,Samarth,Ram,Samarth Ram,Male,1972-07-17,samarth.ram530@bankai.com,6580741209,83,Finance,Assistant Manager,422.0,2008-07-08,14,71232,Permanent,4.5,Active
531,BKAIEMP566885,Brijesh,Hans,Brijesh Hans,Male,1976-07-16,brijesh.hans531@bankai.com,9837801820,39,Information Technology,Customer Service Executive,136.0,2017-07-06,35,30627,Permanent,3.1,Active
532,BKAIEMP470274,Tristan,Chad,Tristan Chad,Male,1987-07-14,tristan.chad532@bankai.com,6907056260,59,Loans,Sales Executive,165.0,2009-07-08,9,39346,Permanent,2.9,Active
533,BKAIEMP349461,Lavanya,Chand,Lavanya Chand,Female,1998-07-11,lavanya.chand533@bankai.com,1824224124,6,Finance,Sales Executive,130.0,2012-07-07,10,38533,Permanent,3.0,Active
534,BKAIEMP491029,Nicholas,Golla,Nicholas Golla,Male,1977-07-16,nicholas.golla534@bankai.com,0461526546,70,Loans,Clerk,309.0,2023-07-05,9,22408,Permanent,3.7,Active
535,BKAIEMP874368,Jagdish,Khalsa,Jagdish Khalsa,Male,1971-07-18,jagdish.khalsa535@bankai.com,8861405786,65,Finance,Cashier,303.0,2011-07-08,0,34497,Contract,4.4,Inactive
536,BKAIEMP455136,Samar,Kaur,Samar Kaur,Male,1998-07-11,samar.kaur536@bankai.com,4891382496,94,Compliance,Sales Executive,42.0,2022-07-05,28,52216,Permanent,3.3,Active
537,BKAIEMP442220,Ishani,Dhar,Ishani Dhar,Female,2002-07-10,ishani.dhar537@bankai.com,8238687007,78,Operations,Cashier,228.0,2018-07-06,5,31413,Permanent,3.8,Active
538,BKAIEMP513583,Aadi,Bhasin,Aadi Bhasin,Male,1993-07-12,aadi.bhasin538@bankai.com,4946539840,63,Finance,Assistant Manager,524.0,2025-07-04,32,89767,Permanent,3.5,Active
539,BKAIEMP398477,Bakhshi,Mital,Bakhshi Mital,Male,1983-07-15,bakhshi.mital539@bankai.com,6128463985,45,Customer Service,Cashier,457.0,2009-07-08,0,27870,Permanent,4.7,Active
540,BKAIEMP944809,Laban,Korpal,Laban Korpal,Male,1978-07-16,laban.korpal540@bankai.com,5379502097,94,Risk Management,Cashier,143.0,2008-07-08,10,44593,Permanent,3.0,Active
541,BKAIEMP719371,Triveni,Suresh,Triveni Suresh,Female,1981-07-15,triveni.suresh541@bankai.com,8118071569,12,Retail Banking,Clerk,420.0,2006-07-09,4,26478,Permanent,3.9,Active
542,BKAIEMP972712,Aarna,Dash,Aarna Dash,Female,1981-07-15,aarna.dash542@bankai.com,5370304531,38,Human Resources,Relationship Manager,503.0,2025-07-04,11,64791,Permanent,3.3,Active
543,BKAIEMP261505,Jackson,Tak,Jackson Tak,Male,1989-07-13,jackson.tak543@bankai.com,0479303614,39,Compliance,Assistant Manager,128.0,2006-07-09,0,81820,Permanent,3.5,Active
544,BKAIEMP901865,Frederick,Hari,Frederick Hari,Male,1988-07-13,frederick.hari544@bankai.com,1921249384,64,Corporate Banking,Loan Officer,371.0,2008-07-08,7,66489,Permanent,4.7,Active
545,BKAIEMP491330,Jonathan,Setty,Jonathan Setty,Male,1973-07-17,jonathan.setty545@bankai.com,6056641877,94,Information Technology,Operations Executive,18.0,2018-07-06,7,35336,Permanent,2.9,Active
546,BKAIEMP385915,Isaac,Batta,Isaac Batta,Male,1982-07-15,isaac.batta546@bankai.com,6875063519,54,Finance,Cashier,50.0,2017-07-06,3,34557,Permanent,4.8,Active
547,BKAIEMP727847,Bishakha,Krish,Bishakha Krish,Female,1995-07-12,bishakha.krish547@bankai.com,2541107609,70,Finance,Relationship Manager,324.0,2017-07-06,6,62790,Permanent,4.2,Active
548,BKAIEMP243601,Chatura,Solanki,Chatura Solanki,Male,1972-07-17,chatura.solanki548@bankai.com,5058319971,37,Finance,Sales Executive,497.0,2013-07-07,0,41151,Contract,2.9,Active
549,BKAIEMP743226,Brijesh,Bhat,Brijesh Bhat,Male,1972-07-17,brijesh.bhat549@bankai.com,6512070496,69,Human Resources,Sales Executive,117.0,2013-07-07,35,45089,Permanent,2.8,Active
550,BKAIEMP245766,Atharv,Menon,Atharv Menon,Male,1977-07-16,atharv.menon550@bankai.com,6196399076,77,Human Resources,Cashier,351.0,2021-07-05,23,34983,Permanent,4.5,Active
551,BKAIEMP422361,Daksha,Nori,Daksha Nori,Female,1997-07-11,daksha.nori551@bankai.com,7859311091,27,Loans,Relationship Manager,81.0,2013-07-07,14,52321,Permanent,4.4,Active
552,BKAIEMP721990,Dev,Upadhyay,Dev Upadhyay,Male,2002-07-10,dev.upadhyay552@bankai.com,5679723200,61,Corporate Banking,Relationship Manager,260.0,2025-07-04,32,49341,Permanent,2.5,Active
553,BKAIEMP293757,Tejas,Varghese,Tejas Varghese,Male,1983-07-15,tejas.varghese553@bankai.com,4982274954,4,Corporate Banking,Customer Service Executive,150.0,2018-07-06,12,43997,Permanent,2.9,Active
554,BKAIEMP203919,Eta,Bhandari,Eta Bhandari,Female,1968-07-18,eta.bhandari554@bankai.com,8806533315,98,Retail Banking,Loan Officer,542.0,2020-07-05,4,47553,Contract,2.9,Active
555,BKAIEMP628687,Noah,Nayak,Noah Nayak,Male,1975-07-17,noah.nayak555@bankai.com,6521707303,47,Information Technology,Operations Executive,190.0,2012-07-07,13,52070,Contract,3.0,Active
556,BKAIEMP527376,Hredhaan,Khare,Hredhaan Khare,Male,1998-07-11,hredhaan.khare556@bankai.com,5636205015,98,Finance,Relationship Manager,127.0,2012-07-07,14,52229,Permanent,3.7,Active
557,BKAIEMP444053,Ekavir,Mannan,Ekavir Mannan,Male,1974-07-17,ekavir.mannan557@bankai.com,3950033423,15,Risk Management,Operations Executive,291.0,2012-07-07,5,49673,Permanent,4.2,Active
558,BKAIEMP297955,Jason,Gokhale,Jason Gokhale,Male,2001-07-10,jason.gokhale558@bankai.com,0241026153,61,Finance,Cashier,184.0,2026-07-04,27,41110,Permanent,3.5,Active
559,BKAIEMP520085,Qasim,Pradhan,Qasim Pradhan,Male,1968-07-18,qasim.pradhan559@bankai.com,8961122338,14,Loans,Relationship Manager,67.0,2015-07-07,25,58047,Permanent,4.0,Inactive
560,BKAIEMP392047,Tanish,Konda,Tanish Konda,Male,1968-07-18,tanish.konda560@bankai.com,9938425304,76,Customer Service,Sales Executive,410.0,2015-07-07,31,45591,Permanent,4.9,Inactive
561,BKAIEMP213284,Yash,Kadakia,Yash Kadakia,Male,1998-07-11,yash.kadakia561@bankai.com,7912868578,33,Compliance,Relationship Manager,510.0,2019-07-06,29,53821,Permanent,4.3,Active
562,BKAIEMP501219,Rachit,Vora,Rachit Vora,Male,1967-07-19,rachit.vora562@bankai.com,7749690333,87,Finance,Assistant Manager,157.0,2017-07-06,11,80380,Permanent,4.4,Active
563,BKAIEMP311740,Ikbal,Mohan,Ikbal Mohan,Male,1987-07-14,ikbal.mohan563@bankai.com,6925481214,85,Compliance,Cashier,503.0,2010-07-08,29,33574,Permanent,4.5,Active
564,BKAIEMP224921,Ishwar,Barman,Ishwar Barman,Male,1981-07-15,ishwar.barman564@bankai.com,8956776657,58,Finance,Operations Executive,386.0,2012-07-07,27,45062,Permanent,2.9,Active
565,BKAIEMP615353,Amaira,Gola,Amaira Gola,Female,1978-07-16,amaira.gola565@bankai.com,3415148881,18,Customer Service,Credit Analyst,399.0,2011-07-08,10,57168,Permanent,3.7,Active
566,BKAIEMP995852,Daniel,Bora,Daniel Bora,Male,1995-07-12,daniel.bora566@bankai.com,0835354443,65,Retail Banking,Cashier,401.0,2018-07-06,35,41210,Permanent,3.4,Active
567,BKAIEMP129514,Leena,Anand,Leena Anand,Female,1968-07-18,leena.anand567@bankai.com,4566907826,6,Loans,Loan Officer,376.0,2015-07-07,3,36762,Permanent,4.1,Active
568,BKAIEMP468332,Warjas,Kaur,Warjas Kaur,Male,2002-07-10,warjas.kaur568@bankai.com,7515366377,85,Operations,Clerk,254.0,2019-07-06,26,32618,Permanent,2.7,Active
569,BKAIEMP120669,Ekiya,Dave,Ekiya Dave,Female,1971-07-18,ekiya.dave569@bankai.com,0755366684,42,Retail Banking,Relationship Manager,472.0,2013-07-07,10,78735,Permanent,3.2,Active
570,BKAIEMP698059,Amol,Dewan,Amol Dewan,Male,1981-07-15,amol.dewan570@bankai.com,5999966361,42,Information Technology,Clerk,101.0,2011-07-08,24,23639,Permanent,3.0,Active
571,BKAIEMP744693,Vyanjana,Chopra,Vyanjana Chopra,Female,1986-07-14,vyanjana.chopra571@bankai.com,9741218209,47,Risk Management,Customer Service Executive,207.0,2011-07-08,10,27468,Permanent,3.8,Active
572,BKAIEMP943687,Hardik,Boase,Hardik Boase,Male,1991-07-13,hardik.boase572@bankai.com,4334817058,80,Corporate Banking,Clerk,98.0,2008-07-08,25,27518,Permanent,3.9,Active
573,BKAIEMP783185,Samesh,Raman,Samesh Raman,Male,1986-07-14,samesh.raman573@bankai.com,1286716323,65,Customer Service,Cashier,444.0,2009-07-08,4,35267,Permanent,3.5,Active
574,BKAIEMP119506,Fariq,Mukherjee,Fariq Mukherjee,Male,1972-07-17,fariq.mukherjee574@bankai.com,8743027169,24,Information Technology,Operations Executive,512.0,2020-07-05,11,51653,Contract,4.4,Active
575,BKAIEMP693616,Xalak,Sharma,Xalak Sharma,Female,2002-07-10,xalak.sharma575@bankai.com,9014754692,67,Operations,Customer Service Executive,374.0,2012-07-07,27,29841,Permanent,4.4,Active
576,BKAIEMP764721,Upma,Shankar,Upma Shankar,Female,1992-07-12,upma.shankar576@bankai.com,2916032484,53,Customer Service,Cashier,294.0,2006-07-09,4,30262,Permanent,4.0,Active
577,BKAIEMP935762,Samesh,Dara,Samesh Dara,Male,1986-07-14,samesh.dara577@bankai.com,1185672438,60,Compliance,Relationship Manager,574.0,2013-07-07,15,72657,Permanent,2.6,Active
578,BKAIEMP790666,Balhaar,Shenoy,Balhaar Shenoy,Male,1970-07-18,balhaar.shenoy578@bankai.com,5636004125,23,Retail Banking,Loan Officer,498.0,2026-07-04,17,38625,Permanent,2.7,Active
579,BKAIEMP481088,Bhavna,Butala,Bhavna Butala,Female,2000-07-10,bhavna.butala579@bankai.com,7274220912,51,Loans,Credit Analyst,242.0,2023-07-05,26,87419,Permanent,4.8,Active
580,BKAIEMP364039,Shivani,Ganguly,Shivani Ganguly,Female,1974-07-17,shivani.ganguly580@bankai.com,0427523083,12,Operations,Clerk,126.0,2016-07-06,33,27395,Permanent,4.3,Active
581,BKAIEMP251286,Dalaja,Ramakrishnan,Dalaja Ramakrishnan,Female,1999-07-11,dalaja.ramakrishnan581@bankai.com,7090063353,23,Operations,Clerk,282.0,2012-07-07,13,28690,Permanent,4.0,Active
582,BKAIEMP672255,Shivansh,Bala,Shivansh Bala,Male,1978-07-16,shivansh.bala582@bankai.com,5313122068,61,Operations,Clerk,285.0,2022-07-05,20,27947,Permanent,3.4,Active
583,BKAIEMP982348,Girish,Johal,Girish Johal,Male,2002-07-10,girish.johal583@bankai.com,6133155206,89,Operations,Credit Analyst,260.0,2009-07-08,2,75211,Permanent,4.9,Active
584,BKAIEMP999308,Jagvi,Shanker,Jagvi Shanker,Female,1977-07-16,jagvi.shanker584@bankai.com,1495013649,50,Retail Banking,Relationship Manager,403.0,2018-07-06,15,64719,Permanent,4.6,Active
585,BKAIEMP762021,Frederick,Krishnamurthy,Frederick Krishnamurthy,Male,1985-07-14,frederick.krishnamurthy585@bankai.com,9562525715,99,Risk Management,Credit Analyst,35.0,2018-07-06,28,55249,Permanent,4.9,Active
586,BKAIEMP960085,Udarsh,Raja,Udarsh Raja,Male,1999-07-11,udarsh.raja586@bankai.com,8903091436,21,Customer Service,Sales Executive,519.0,2024-07-04,27,41529,Permanent,4.3,Active
587,BKAIEMP772528,Ayushman,Devan,Ayushman Devan,Male,1994-07-12,ayushman.devan587@bankai.com,7432630397,81,Compliance,Operations Executive,140.0,2026-07-04,3,43128,Permanent,3.3,Active
588,BKAIEMP988102,Nathan,Baral,Nathan Baral,Male,1967-07-19,nathan.baral588@bankai.com,4035533803,88,Risk Management,Loan Officer,328.0,2012-07-07,8,66350,Permanent,2.8,Active
589,BKAIEMP308314,Naveen,Goswami,Naveen Goswami,Male,2000-07-10,naveen.goswami589@bankai.com,0171302321,54,Finance,Cashier,187.0,2014-07-07,18,37364,Contract,4.7,Active
590,BKAIEMP193298,Ishani,Keer,Ishani Keer,Female,1976-07-16,ishani.keer590@bankai.com,6742336293,26,Customer Service,Credit Analyst,173.0,2025-07-04,14,76282,Permanent,4.0,Active
591,BKAIEMP114800,Vanya,Jaggi,Vanya Jaggi,Female,1972-07-17,vanya.jaggi591@bankai.com,7156627768,56,Compliance,Relationship Manager,507.0,2023-07-05,7,59711,Permanent,3.0,Active
592,BKAIEMP500633,Warda,Bahri,Warda Bahri,Female,1997-07-11,warda.bahri592@bankai.com,6149828246,56,Operations,Loan Officer,221.0,2017-07-06,31,47410,Permanent,3.5,Active
593,BKAIEMP360380,Lucky,Prashad,Lucky Prashad,Male,1982-07-15,lucky.prashad593@bankai.com,1527323008,75,Compliance,Loan Officer,88.0,2026-07-04,28,65728,Permanent,3.3,Active
594,BKAIEMP871861,Sarthak,Rana,Sarthak Rana,Male,1967-07-19,sarthak.rana594@bankai.com,6749160169,33,Corporate Banking,Operations Executive,98.0,2009-07-08,27,31925,Permanent,4.8,Active
595,BKAIEMP105621,Joshua,Pall,Joshua Pall,Male,1989-07-13,joshua.pall595@bankai.com,5066337050,65,Information Technology,Customer Service Executive,391.0,2017-07-06,2,37933,Permanent,2.8,Active
596,BKAIEMP628216,Vedant,Din,Vedant Din,Male,1974-07-17,vedant.din596@bankai.com,3992011669,44,Compliance,Relationship Manager,136.0,2024-07-04,10,65795,Permanent,3.6,Active
597,BKAIEMP975355,Siddharth,Gandhi,Siddharth Gandhi,Male,1988-07-13,siddharth.gandhi597@bankai.com,4488694611,96,Finance,Clerk,441.0,2017-07-06,31,26312,Permanent,4.4,Active
598,BKAIEMP872663,Krish,Kadakia,Krish Kadakia,Male,1974-07-17,krish.kadakia598@bankai.com,4027011686,98,Loans,Credit Analyst,570.0,2006-07-09,20,78835,Permanent,2.9,Active
599,BKAIEMP557629,Gaurang,Prasad,Gaurang Prasad,Male,1998-07-11,gaurang.prasad599@bankai.com,2372817932,64,Retail Banking,Loan Officer,453.0,2015-07-07,29,66798,Permanent,2.8,Active
600,BKAIEMP397917,Gopal,Lad,Gopal Lad,Male,1994-07-12,gopal.lad600@bankai.com,7912141614,22,Human Resources,Cashier,280.0,2008-07-08,13,44191,Permanent,5.0,Active
601,BKAIEMP358114,Kamya,Sridhar,Kamya Sridhar,Female,1974-07-17,kamya.sridhar601@bankai.com,1004090138,87,Corporate Banking,Relationship Manager,337.0,2026-07-04,4,63630,Permanent,4.2,Active
602,BKAIEMP261245,Kiaan,Sunder,Kiaan Sunder,Male,2004-07-09,kiaan.sunder602@bankai.com,5965555356,11,Compliance,Clerk,492.0,2012-07-07,20,32294,Contract,4.0,Active
603,BKAIEMP440698,Rachana,Narayanan,Rachana Narayanan,Female,1969-07-18,rachana.narayanan603@bankai.com,0762091843,17,Operations,Customer Service Executive,50.0,2006-07-09,28,34271,Permanent,2.6,Active
604,BKAIEMP367558,Vyanjana,Varma,Vyanjana Varma,Female,1994-07-12,vyanjana.varma604@bankai.com,3050505739,31,Risk Management,Cashier,92.0,2026-07-04,25,31823,Permanent,4.4,Active
605,BKAIEMP413048,Chaitaly,Pall,Chaitaly Pall,Female,1974-07-17,chaitaly.pall605@bankai.com,7164932898,56,Customer Service,Customer Service Executive,135.0,2015-07-07,7,28149,Permanent,3.8,Active
606,BKAIEMP194604,Chameli,Mitra,Chameli Mitra,Female,1978-07-16,chameli.mitra606@bankai.com,2717833321,48,Information Technology,Cashier,191.0,2013-07-07,27,38959,Permanent,3.8,Inactive
607,BKAIEMP619383,Faris,Narain,Faris Narain,Male,1972-07-17,faris.narain607@bankai.com,4347128715,81,Human Resources,Customer Service Executive,86.0,2017-07-06,9,40342,Permanent,4.8,Active
608,BKAIEMP982416,Bachittar,Oza,Bachittar Oza,Male,1990-07-13,bachittar.oza608@bankai.com,6863341411,67,Risk Management,Relationship Manager,303.0,2008-07-08,19,48127,Permanent,4.8,Active
609,BKAIEMP792956,Girindra,D’Alia,Girindra D’Alia,Male,1969-07-18,girindra.d’alia609@bankai.com,2569040983,33,Finance,Cashier,261.0,2008-07-08,29,27679,Permanent,2.5,Active
610,BKAIEMP147457,Qabil,Date,Qabil Date,Male,2000-07-10,qabil.date610@bankai.com,1608752437,54,Customer Service,Sales Executive,322.0,2008-07-08,25,53727,Permanent,4.2,Active
611,BKAIEMP321321,Lucky,Dhingra,Lucky Dhingra,Male,1994-07-12,lucky.dhingra611@bankai.com,9548149737,11,Information Technology,Clerk,266.0,2023-07-05,11,29107,Permanent,2.5,Active
612,BKAIEMP789666,Ojas,Dua,Ojas Dua,Male,1967-07-19,ojas.dua612@bankai.com,3027642086,93,Compliance,Cashier,311.0,2007-07-09,25,36820,Permanent,4.9,Active
613,BKAIEMP114549,Priya,Raman,Priya Raman,Female,1993-07-12,priya.raman613@bankai.com,1844386125,15,Retail Banking,Assistant Manager,193.0,2026-07-04,8,66856,Permanent,2.9,Active
614,BKAIEMP300188,Vasudha,Gade,Vasudha Gade,Female,2000-07-10,vasudha.gade614@bankai.com,7742333059,39,Compliance,Sales Executive,152.0,2011-07-08,34,43824,Permanent,2.9,Active
615,BKAIEMP120581,Unni,Ganguly,Unni Ganguly,Female,1977-07-16,unni.ganguly615@bankai.com,1572018596,75,Operations,Clerk,207.0,2017-07-06,30,31329,Permanent,3.5,Active
616,BKAIEMP535878,Anay,Dani,Anay Dani,Male,1974-07-17,anay.dani616@bankai.com,6749261764,95,Information Technology,Sales Executive,611.0,2009-07-08,27,39528,Permanent,3.5,Active
617,BKAIEMP343170,Dipta,Dada,Dipta Dada,Female,2002-07-10,dipta.dada617@bankai.com,1783099974,68,Retail Banking,Clerk,433.0,2008-07-08,31,27174,Permanent,3.2,Active
618,BKAIEMP570103,Sanaya,Sule,Sanaya Sule,Female,1978-07-16,sanaya.sule618@bankai.com,4921518260,3,Loans,Relationship Manager,295.0,2020-07-05,22,75752,Permanent,3.1,Active
619,BKAIEMP237529,Zilmil,Suresh,Zilmil Suresh,Female,1987-07-14,zilmil.suresh619@bankai.com,8981312920,93,Risk Management,Cashier,427.0,2006-07-09,29,36804,Permanent,4.5,Active
620,BKAIEMP799459,Darsh,Baral,Darsh Baral,Male,1975-07-17,darsh.baral620@bankai.com,9321840118,17,Loans,Loan Officer,205.0,2021-07-05,5,67255,Permanent,3.5,Inactive
621,BKAIEMP119011,Frederick,Sampath,Frederick Sampath,Male,1983-07-15,frederick.sampath621@bankai.com,3408487297,34,Finance,Relationship Manager,163.0,2021-07-05,3,77995,Permanent,2.7,Active
622,BKAIEMP609990,Henry,Chaudhary,Henry Chaudhary,Male,1989-07-13,henry.chaudhary622@bankai.com,3032432983,44,Finance,Relationship Manager,48.0,2009-07-08,14,62530,Permanent,4.6,Active
623,BKAIEMP559094,Devansh,Sami,Devansh Sami,Male,1976-07-16,devansh.sami623@bankai.com,8446267146,97,Corporate Banking,Relationship Manager,109.0,2007-07-09,3,51676,Permanent,2.6,Active
624,BKAIEMP264660,Balendra,Luthra,Balendra Luthra,Male,1987-07-14,balendra.luthra624@bankai.com,5989262566,91,Compliance,Sales Executive,519.0,2011-07-08,23,54004,Permanent,2.9,Active
625,BKAIEMP560438,Brinda,Madan,Brinda Madan,Female,1979-07-16,brinda.madan625@bankai.com,8186151554,99,Retail Banking,Relationship Manager,252.0,2011-07-08,12,67368,Permanent,2.9,Active
626,BKAIEMP258975,Aashi,Chaudhari,Aashi Chaudhari,Female,1972-07-17,aashi.chaudhari626@bankai.com,3611284971,54,Operations,Cashier,142.0,2013-07-07,15,38546,Permanent,4.7,Active
627,BKAIEMP564077,Lohit,Madan,Lohit Madan,Male,1996-07-11,lohit.madan627@bankai.com,0256258896,99,Retail Banking,Operations Executive,530.0,2024-07-04,1,32778,Permanent,3.5,Active
628,BKAIEMP792244,Kai,Andra,Kai Andra,Male,1996-07-11,kai.andra628@bankai.com,2269405396,74,Retail Banking,Cashier,533.0,2017-07-06,2,38739,Permanent,4.2,Active
629,BKAIEMP108286,Peter,Sidhu,Peter Sidhu,Male,1988-07-13,peter.sidhu629@bankai.com,4683414651,68,Information Technology,Operations Executive,151.0,2014-07-07,22,44620,Permanent,4.7,Active
630,BKAIEMP951266,Chakradhar,Gandhi,Chakradhar Gandhi,Male,1980-07-15,chakradhar.gandhi630@bankai.com,1487068277,100,Operations,Cashier,309.0,2024-07-04,22,26211,Permanent,3.5,Active
631,BKAIEMP397719,Tanmayi,Atwal,Tanmayi Atwal,Female,1992-07-12,tanmayi.atwal631@bankai.com,0685389097,12,Human Resources,Customer Service Executive,566.0,2017-07-06,34,42083,Permanent,4.1,Active
632,BKAIEMP353063,Harita,Borde,Harita Borde,Female,1986-07-14,harita.borde632@bankai.com,2850676251,93,Risk Management,Customer Service Executive,518.0,2023-07-05,16,26964,Permanent,3.1,Active
633,BKAIEMP570534,Daniel,Mannan,Daniel Mannan,Male,1986-07-14,daniel.mannan633@bankai.com,7443096348,74,Retail Banking,Operations Executive,465.0,2016-07-06,7,37736,Permanent,5.0,Active
634,BKAIEMP985517,Widisha,Bhandari,Widisha Bhandari,Female,1967-07-19,widisha.bhandari634@bankai.com,0975451052,30,Finance,Customer Service Executive,307.0,2017-07-06,34,43768,Permanent,4.3,Active
635,BKAIEMP962813,Chandresh,Sankar,Chandresh Sankar,Male,1982-07-15,chandresh.sankar635@bankai.com,3188261702,59,Corporate Banking,Cashier,151.0,2013-07-07,12,38502,Permanent,2.7,Active
636,BKAIEMP809699,Rudra,Prasad,Rudra Prasad,Male,1972-07-17,rudra.prasad636@bankai.com,5628417722,52,Information Technology,Cashier,573.0,2010-07-08,23,37936,Permanent,4.0,Active
637,BKAIEMP867260,Rachita,Issac,Rachita Issac,Female,1979-07-16,rachita.issac637@bankai.com,3402665023,21,Loans,Operations Executive,518.0,2022-07-05,31,45884,Permanent,2.8,Active
638,BKAIEMP577555,Ucchal,Suresh,Ucchal Suresh,Female,1975-07-17,ucchal.suresh638@bankai.com,2568621102,5,Loans,Relationship Manager,573.0,2015-07-07,13,52783,Permanent,3.5,Active
639,BKAIEMP223461,Abeer,Khalsa,Abeer Khalsa,Male,1982-07-15,abeer.khalsa639@bankai.com,5690674471,40,Finance,Assistant Manager,311.0,2017-07-06,9,75922,Permanent,2.9,Active
640,BKAIEMP397252,Faraj,Vaidya,Faraj Vaidya,Male,1992-07-12,faraj.vaidya640@bankai.com,3414363718,24,Compliance,Clerk,3.0,2023-07-05,19,30970,Permanent,4.7,Active
641,BKAIEMP919304,Falan,Karnik,Falan Karnik,Male,1981-07-15,falan.karnik641@bankai.com,2604326093,61,Information Technology,Customer Service Executive,136.0,2022-07-05,21,41540,Permanent,4.4,Active
642,BKAIEMP938663,Samar,Vohra,Samar Vohra,Male,1966-07-19,samar.vohra642@bankai.com,3356708604,86,Information Technology,Operations Executive,420.0,2014-07-07,5,37629,Permanent,3.3,Active
643,BKAIEMP777292,Logan,Panchal,Logan Panchal,Male,2000-07-10,logan.panchal643@bankai.com,3502000534,22,Retail Banking,Cashier,586.0,2006-07-09,17,35120,Permanent,2.8,Active
644,BKAIEMP697944,Chandresh,Sankar,Chandresh Sankar,Male,1972-07-17,chandresh.sankar644@bankai.com,4755411082,25,Compliance,Customer Service Executive,515.0,2026-07-04,3,28941,Permanent,3.8,Active
645,BKAIEMP188759,Quincy,Khanna,Quincy Khanna,Male,1971-07-18,quincy.khanna645@bankai.com,3961129109,78,Finance,Relationship Manager,412.0,2008-07-08,28,47948,Permanent,4.8,Active
646,BKAIEMP432799,Chandran,Borde,Chandran Borde,Male,1981-07-15,chandran.borde646@bankai.com,4738202368,33,Corporate Banking,Assistant Manager,118.0,2023-07-05,33,77753,Permanent,2.9,Active
647,BKAIEMP811572,Qadim,Sen,Qadim Sen,Male,1995-07-12,qadim.sen647@bankai.com,6176880294,8,Information Technology,Loan Officer,334.0,2021-07-05,26,36780,Permanent,3.2,Active
648,BKAIEMP493754,Azaan,Gupta,Azaan Gupta,Male,1998-07-11,azaan.gupta648@bankai.com,7881278686,7,Operations,Credit Analyst,246.0,2007-07-09,16,88406,Permanent,3.8,Active
649,BKAIEMP587402,Ishanvi,Gour,Ishanvi Gour,Female,1970-07-18,ishanvi.gour649@bankai.com,2939087884,53,Corporate Banking,Loan Officer,496.0,2026-07-04,20,61705,Permanent,4.8,Active
650,BKAIEMP358281,Krish,Dani,Krish Dani,Male,1970-07-18,krish.dani650@bankai.com,3083402424,84,Loans,Customer Service Executive,312.0,2008-07-08,6,38328,Permanent,4.6,Active
651,BKAIEMP276358,Devika,Agarwal,Devika Agarwal,Female,1990-07-13,devika.agarwal651@bankai.com,9551842694,69,Risk Management,Relationship Manager,569.0,2012-07-07,34,47738,Permanent,3.7,Active
652,BKAIEMP163098,Pranav,Kanda,Pranav Kanda,Male,1975-07-17,pranav.kanda652@bankai.com,2408916498,35,Information Technology,Clerk,257.0,2014-07-07,0,27757,Permanent,3.0,Active
653,BKAIEMP690433,Nicholas,Luthra,Nicholas Luthra,Male,2001-07-10,nicholas.luthra653@bankai.com,9627365271,39,Corporate Banking,Relationship Manager,405.0,2023-07-05,34,54152,Permanent,5.0,Active
654,BKAIEMP815234,George,Goda,George Goda,Male,1984-07-14,george.goda654@bankai.com,9724042269,82,Customer Service,Customer Service Executive,464.0,2018-07-06,20,33058,Permanent,3.3,Active
655,BKAIEMP777844,Bimala,Sandhu,Bimala Sandhu,Female,2005-07-09,bimala.sandhu655@bankai.com,7618209166,78,Compliance,Cashier,5.0,2026-07-04,8,30686,Permanent,4.7,Active
656,BKAIEMP664814,Anya,Deo,Anya Deo,Female,2004-07-09,anya.deo656@bankai.com,1429001851,86,Compliance,Customer Service Executive,127.0,2015-07-07,4,37333,Permanent,3.4,Active
657,BKAIEMP230824,Vamakshi,Gade,Vamakshi Gade,Female,1976-07-16,vamakshi.gade657@bankai.com,5723084810,48,Operations,Operations Executive,456.0,2026-07-04,0,37258,Permanent,4.4,Active
658,BKAIEMP947684,Neelima,Chauhan,Neelima Chauhan,Female,1991-07-13,neelima.chauhan658@bankai.com,2030366254,30,Compliance,Relationship Manager,372.0,2025-07-04,19,63399,Permanent,4.3,Active
659,BKAIEMP216335,Yatan,Gara,Yatan Gara,Male,1988-07-13,yatan.gara659@bankai.com,3145195151,73,Human Resources,Clerk,506.0,2021-07-05,25,31040,Permanent,4.3,Active
660,BKAIEMP882209,Gaurav,Sangha,Gaurav Sangha,Male,2001-07-10,gaurav.sangha660@bankai.com,9262494514,17,Customer Service,Relationship Manager,584.0,2019-07-06,8,79280,Permanent,3.2,Active
661,BKAIEMP744304,Balvan,Agate,Balvan Agate,Male,1989-07-13,balvan.agate661@bankai.com,2526771196,88,Human Resources,Clerk,465.0,2026-07-04,34,28997,Permanent,4.9,Active
662,BKAIEMP387347,Ojasvi,Datta,Ojasvi Datta,Female,1998-07-11,ojasvi.datta662@bankai.com,6557676952,88,Human Resources,Cashier,478.0,2011-07-08,26,36844,Permanent,2.6,Active
663,BKAIEMP570665,Yuvraj,Yohannan,Yuvraj Yohannan,Male,1985-07-14,yuvraj.yohannan663@bankai.com,8836196893,1,Risk Management,Credit Analyst,200.0,2016-07-06,34,55361,Permanent,4.5,Inactive
664,BKAIEMP362127,Aarav,Jani,Aarav Jani,Male,1993-07-12,aarav.jani664@bankai.com,5872105524,22,Finance,Operations Executive,319.0,2024-07-04,4,50512,Permanent,2.6,Active
665,BKAIEMP981336,Shivansh,Kibe,Shivansh Kibe,Male,1989-07-13,shivansh.kibe665@bankai.com,3021260650,32,Corporate Banking,Sales Executive,485.0,2019-07-06,21,41167,Permanent,4.6,Active
666,BKAIEMP901215,William,Dugar,William Dugar,Male,1999-07-11,william.dugar666@bankai.com,2521310962,81,Compliance,Assistant Manager,593.0,2023-07-05,28,62802,Contract,4.8,Active
667,BKAIEMP165014,Zarna,Mistry,Zarna Mistry,Female,1977-07-16,zarna.mistry667@bankai.com,6570412009,8,Customer Service,Operations Executive,626.0,2006-07-09,8,44150,Permanent,4.2,Active
668,BKAIEMP747288,Abdul,Randhawa,Abdul Randhawa,Male,1979-07-16,abdul.randhawa668@bankai.com,7849843624,30,Information Technology,Cashier,639.0,2026-07-04,6,39857,Permanent,4.5,Active
669,BKAIEMP576133,Dev,Kakar,Dev Kakar,Male,1972-07-17,dev.kakar669@bankai.com,9036289177,43,Information Technology,Cashier,198.0,2023-07-05,1,28364,Permanent,4.3,Active
670,BKAIEMP768324,Gayathri,Bhagat,Gayathri Bhagat,Female,1973-07-17,gayathri.bhagat670@bankai.com,6341115950,33,Finance,Credit Analyst,432.0,2011-07-08,8,79138,Permanent,2.8,Active
671,BKAIEMP783362,Chatresh,Bhattacharyya,Chatresh Bhattacharyya,Male,1983-07-15,chatresh.bhattacharyya671@bankai.com,9043830341,40,Information Technology,Customer Service Executive,555.0,2022-07-05,32,29830,Permanent,4.0,Active
672,BKAIEMP160101,Warhi,Bath,Warhi Bath,Female,1990-07-13,warhi.bath672@bankai.com,5140546835,65,Human Resources,Customer Service Executive,56.0,2013-07-07,9,36266,Permanent,3.0,Active
673,BKAIEMP828531,Chasmum,Narula,Chasmum Narula,Female,1976-07-16,chasmum.narula673@bankai.com,8182096790,77,Finance,Cashier,593.0,2008-07-08,30,35998,Permanent,3.5,Active
674,BKAIEMP620021,Vincent,Brar,Vincent Brar,Male,1991-07-13,vincent.brar674@bankai.com,3322889857,1,Operations,Sales Executive,236.0,2012-07-07,2,50444,Permanent,3.7,Active
675,BKAIEMP315289,Radha,Sankar,Radha Sankar,Female,1980-07-15,radha.sankar675@bankai.com,6339912971,24,Retail Banking,Sales Executive,372.0,2026-07-04,24,32416,Permanent,3.9,Active
676,BKAIEMP146037,Caleb,Tara,Caleb Tara,Male,2004-07-09,caleb.tara676@bankai.com,7524214955,26,Operations,Customer Service Executive,291.0,2021-07-05,23,32174,Permanent,4.3,Active
677,BKAIEMP284630,Victor,Kuruvilla,Victor Kuruvilla,Male,1989-07-13,victor.kuruvilla677@bankai.com,4721970546,13,Retail Banking,Relationship Manager,141.0,2014-07-07,1,52272,Permanent,3.0,Active
678,BKAIEMP652522,Thomas,Peri,Thomas Peri,Male,1966-07-19,thomas.peri678@bankai.com,5168740903,56,Corporate Banking,Cashier,122.0,2022-07-05,10,29285,Permanent,3.0,Active
679,BKAIEMP148439,Charles,Mannan,Charles Mannan,Male,1966-07-19,charles.mannan679@bankai.com,2961367157,76,Operations,Customer Service Executive,549.0,2017-07-06,15,29868,Permanent,2.6,Active
680,BKAIEMP319401,Darika,Chada,Darika Chada,Female,2000-07-10,darika.chada680@bankai.com,1663651559,61,Information Technology,Sales Executive,67.0,2021-07-05,31,46666,Permanent,4.7,Active
681,BKAIEMP437456,Dakshesh,Mallick,Dakshesh Mallick,Male,1982-07-15,dakshesh.mallick681@bankai.com,0827235909,68,Compliance,Customer Service Executive,507.0,2011-07-08,11,33792,Permanent,4.1,Active
682,BKAIEMP574040,Tanveer,Solanki,Tanveer Solanki,Male,1990-07-13,tanveer.solanki682@bankai.com,0306442121,51,Operations,Relationship Manager,314.0,2013-07-07,12,69712,Permanent,4.8,Active
683,BKAIEMP409380,Manthan,Seth,Manthan Seth,Male,1977-07-16,manthan.seth683@bankai.com,8342016542,67,Finance,Relationship Manager,236.0,2008-07-08,5,47696,Permanent,4.1,Active
684,BKAIEMP432420,Wridesh,Soman,Wridesh Soman,Male,1988-07-13,wridesh.soman684@bankai.com,6596089319,49,Retail Banking,Cashier,184.0,2012-07-07,31,32660,Permanent,2.7,Active
685,BKAIEMP774920,Nathan,Atwal,Nathan Atwal,Male,2000-07-10,nathan.atwal685@bankai.com,7275164807,36,Operations,Customer Service Executive,101.0,2023-07-05,34,27337,Permanent,3.9,Active
686,BKAIEMP299903,Chanakya,Bansal,Chanakya Bansal,Male,1967-07-19,chanakya.bansal686@bankai.com,3682963533,18,Human Resources,Loan Officer,268.0,2026-07-04,17,54626,Permanent,3.4,Inactive
687,BKAIEMP594932,Rajata,Babu,Rajata Babu,Female,1973-07-17,rajata.babu687@bankai.com,4817766558,98,Loans,Sales Executive,408.0,2019-07-06,0,37435,Permanent,3.0,Active
688,BKAIEMP857607,Dakshesh,Goda,Dakshesh Goda,Male,1976-07-16,dakshesh.goda688@bankai.com,6528928664,44,Corporate Banking,Customer Service Executive,321.0,2020-07-05,29,39050,Permanent,4.2,Active
689,BKAIEMP245699,Chandran,Chahal,Chandran Chahal,Male,1969-07-18,chandran.chahal689@bankai.com,1096179817,17,Customer Service,Customer Service Executive,10.0,2011-07-08,23,36621,Permanent,3.5,Active
690,BKAIEMP414192,Maanav,Salvi,Maanav Salvi,Male,1985-07-14,maanav.salvi690@bankai.com,3786137157,76,Retail Banking,Operations Executive,582.0,2025-07-04,34,34559,Permanent,4.9,Active
691,BKAIEMP499841,Rachit,Kapur,Rachit Kapur,Male,1992-07-12,rachit.kapur691@bankai.com,4446306000,51,Corporate Banking,Customer Service Executive,548.0,2014-07-07,25,31171,Permanent,3.3,Active
692,BKAIEMP209380,Nathan,Nayak,Nathan Nayak,Male,1970-07-18,nathan.nayak692@bankai.com,9638639609,23,Retail Banking,Loan Officer,618.0,2011-07-08,10,36758,Permanent,2.7,Active
693,BKAIEMP173378,Gabriel,Rau,Gabriel Rau,Male,1976-07-16,gabriel.rau693@bankai.com,8263128196,8,Finance,Loan Officer,531.0,2026-07-04,33,46260,Permanent,4.8,Active
694,BKAIEMP601482,Ojasvi,Jani,Ojasvi Jani,Female,2001-07-10,ojasvi.jani694@bankai.com,1060920981,50,Operations,Relationship Manager,134.0,2020-07-05,26,65300,Permanent,4.3,Active
695,BKAIEMP851589,Dhruv,Setty,Dhruv Setty,Male,1976-07-16,dhruv.setty695@bankai.com,2334383640,36,Operations,Clerk,8.0,2022-07-05,12,29302,Permanent,3.5,Active
696,BKAIEMP582559,Advay,Chauhan,Advay Chauhan,Male,1976-07-16,advay.chauhan696@bankai.com,7911244211,74,Retail Banking,Credit Analyst,94.0,2017-07-06,31,79904,Permanent,4.6,Active
697,BKAIEMP535214,Rohan,Chaudhuri,Rohan Chaudhuri,Male,1990-07-13,rohan.chaudhuri697@bankai.com,0617136657,23,Information Technology,Sales Executive,443.0,2012-07-07,11,42604,Permanent,3.0,Active
698,BKAIEMP265603,Abdul,Gokhale,Abdul Gokhale,Male,1988-07-13,abdul.gokhale698@bankai.com,1557998028,81,Human Resources,Clerk,299.0,2024-07-04,15,33436,Permanent,4.8,Active
699,BKAIEMP486643,Alexander,Wason,Alexander Wason,Male,2001-07-10,alexander.wason699@bankai.com,8823513052,97,Corporate Banking,Operations Executive,517.0,2016-07-06,7,43438,Permanent,3.1,Active
700,BKAIEMP499670,Krish,Mahal,Krish Mahal,Male,1984-07-14,krish.mahal700@bankai.com,3158477686,96,Risk Management,Assistant Manager,200.0,2014-07-07,29,61237,Permanent,2.8,Active
701,BKAIEMP583767,Hardik,Mand,Hardik Mand,Male,2001-07-10,hardik.mand701@bankai.com,1994237676,11,Human Resources,Operations Executive,673.0,2019-07-06,31,53382,Contract,2.9,Active
702,BKAIEMP736473,Darika,Rajagopal,Darika Rajagopal,Female,1999-07-11,darika.rajagopal702@bankai.com,3955172084,23,Customer Service,Relationship Manager,128.0,2009-07-08,1,70614,Permanent,4.2,Active
703,BKAIEMP327197,Patrick,Rao,Patrick Rao,Male,2003-07-10,patrick.rao703@bankai.com,1256253135,87,Human Resources,Cashier,222.0,2012-07-07,11,26564,Permanent,4.5,Active
704,BKAIEMP823880,Divya,Andra,Divya Andra,Female,1986-07-14,divya.andra704@bankai.com,0537953816,57,Retail Banking,Credit Analyst,613.0,2026-07-04,24,53189,Permanent,4.4,Active
705,BKAIEMP116817,Ikbal,Chauhan,Ikbal Chauhan,Male,1979-07-16,ikbal.chauhan705@bankai.com,9196655330,4,Retail Banking,Loan Officer,346.0,2020-07-05,5,39140,Permanent,4.7,Active
706,BKAIEMP146150,Mahika,Sama,Mahika Sama,Female,1979-07-16,mahika.sama706@bankai.com,1729596390,66,Corporate Banking,Relationship Manager,335.0,2016-07-06,10,57422,Permanent,4.8,Active
707,BKAIEMP473897,Aarnav,Shenoy,Aarnav Shenoy,Male,1985-07-14,aarnav.shenoy707@bankai.com,2608805017,23,Retail Banking,Loan Officer,412.0,2006-07-09,6,55725,Permanent,3.0,Active
708,BKAIEMP146073,Laksh,Nadig,Laksh Nadig,Male,2001-07-10,laksh.nadig708@bankai.com,6185790647,28,Risk Management,Loan Officer,309.0,2007-07-09,23,67740,Contract,2.8,Active
709,BKAIEMP364178,Dalaja,Balakrishnan,Dalaja Balakrishnan,Female,1999-07-11,dalaja.balakrishnan709@bankai.com,0021563213,77,Finance,Sales Executive,647.0,2014-07-07,10,52213,Contract,4.4,Active
710,BKAIEMP992919,Atharv,Lad,Atharv Lad,Male,1975-07-17,atharv.lad710@bankai.com,1041459642,9,Finance,Operations Executive,19.0,2007-07-09,20,49170,Permanent,3.8,Active
711,BKAIEMP343904,Darpan,Date,Darpan Date,Male,2004-07-09,darpan.date711@bankai.com,2967188397,79,Corporate Banking,Operations Executive,317.0,2019-07-06,0,54179,Permanent,3.1,Active
712,BKAIEMP259038,Wyatt,Kara,Wyatt Kara,Male,1981-07-15,wyatt.kara712@bankai.com,4415833117,27,Retail Banking,Cashier,244.0,2007-07-09,12,39540,Permanent,3.3,Active
713,BKAIEMP930241,Hritik,Sidhu,Hritik Sidhu,Male,1979-07-16,hritik.sidhu713@bankai.com,3715398854,83,Customer Service,Operations Executive,25.0,2019-07-06,33,54014,Permanent,3.1,Active
714,BKAIEMP940383,Damyanti,De,Damyanti De,Female,1991-07-13,damyanti.de714@bankai.com,5679836314,78,Risk Management,Customer Service Executive,534.0,2016-07-06,15,31014,Permanent,2.5,Active
715,BKAIEMP314140,Charan,Din,Charan Din,Male,1997-07-11,charan.din715@bankai.com,1130724078,12,Loans,Relationship Manager,607.0,2009-07-08,9,58393,Permanent,2.7,Active
716,BKAIEMP544613,Daniel,Chad,Daniel Chad,Male,1994-07-12,daniel.chad716@bankai.com,6326868507,78,Operations,Operations Executive,311.0,2017-07-06,15,48888,Permanent,4.1,Active
717,BKAIEMP517589,Arya,Raja,Arya Raja,Female,1981-07-15,arya.raja717@bankai.com,3436294897,22,Compliance,Assistant Manager,452.0,2013-07-07,23,76557,Permanent,3.6,Active
718,BKAIEMP548158,Arya,Kothari,Arya Kothari,Female,2000-07-10,arya.kothari718@bankai.com,3100943181,98,Customer Service,Cashier,610.0,2009-07-08,24,30006,Permanent,2.9,Active
719,BKAIEMP735463,Samaksh,Ramanathan,Samaksh Ramanathan,Male,1975-07-17,samaksh.ramanathan719@bankai.com,1347323549,10,Finance,Loan Officer,140.0,2011-07-08,35,47826,Permanent,3.0,Active
720,BKAIEMP524206,George,Thakur,George Thakur,Male,1979-07-16,george.thakur720@bankai.com,4325122572,51,Finance,Operations Executive,394.0,2011-07-08,31,40086,Permanent,4.0,Active
721,BKAIEMP693083,Oliver,Bail,Oliver Bail,Male,1995-07-12,oliver.bail721@bankai.com,4120957907,25,Risk Management,Credit Analyst,262.0,2015-07-07,24,83397,Permanent,4.1,Active
722,BKAIEMP871399,Arin,Badal,Arin Badal,Male,1990-07-13,arin.badal722@bankai.com,3882211457,32,Compliance,Cashier,36.0,2015-07-07,27,25925,Permanent,4.1,Active
723,BKAIEMP359433,Kabir,Sur,Kabir Sur,Male,1967-07-19,kabir.sur723@bankai.com,5705458971,75,Loans,Operations Executive,13.0,2023-07-05,16,33024,Permanent,4.8,Active
724,BKAIEMP297995,Ethan,Roy,Ethan Roy,Male,1978-07-16,ethan.roy724@bankai.com,2570396531,22,Risk Management,Credit Analyst,259.0,2017-07-06,33,82810,Contract,4.1,Active
725,BKAIEMP214582,Laksh,Sengupta,Laksh Sengupta,Male,1969-07-18,laksh.sengupta725@bankai.com,4556964430,100,Finance,Cashier,147.0,2018-07-06,5,31865,Contract,3.5,Active
726,BKAIEMP201576,Divya,Sant,Divya Sant,Female,2001-07-10,divya.sant726@bankai.com,9541072728,100,Risk Management,Sales Executive,538.0,2013-07-07,0,51447,Permanent,3.6,Active
727,BKAIEMP290824,Finn,Mitter,Finn Mitter,Male,1973-07-17,finn.mitter727@bankai.com,4140703491,15,Compliance,Relationship Manager,581.0,2020-07-05,31,57165,Permanent,4.4,Active
728,BKAIEMP562139,Aarnav,Sani,Aarnav Sani,Male,1966-07-19,aarnav.sani728@bankai.com,0042548821,14,Loans,Clerk,82.0,2017-07-06,26,23404,Permanent,3.2,Active
729,BKAIEMP109968,Tarak,Buch,Tarak Buch,Male,2002-07-10,tarak.buch729@bankai.com,3075366614,35,Retail Banking,Cashier,682.0,2008-07-08,6,26371,Permanent,3.8,Active
730,BKAIEMP609530,Gabriel,Sarin,Gabriel Sarin,Male,1975-07-17,gabriel.sarin730@bankai.com,9234268344,97,Finance,Clerk,619.0,2013-07-07,17,27514,Permanent,4.7,Inactive
731,BKAIEMP496818,Vedhika,Goswami,Vedhika Goswami,Female,1966-07-19,vedhika.goswami731@bankai.com,6128758575,8,Finance,Clerk,339.0,2023-07-05,25,22050,Permanent,4.2,Active
732,BKAIEMP656405,Tripti,Shenoy,Tripti Shenoy,Female,1988-07-13,tripti.shenoy732@bankai.com,8061294398,90,Operations,Relationship Manager,378.0,2012-07-07,7,76142,Permanent,4.2,Active
733,BKAIEMP117438,Manan,Bera,Manan Bera,Male,1982-07-15,manan.bera733@bankai.com,2607870104,6,Finance,Clerk,695.0,2012-07-07,20,25826,Permanent,3.5,Active
734,BKAIEMP790318,Chanakya,Mannan,Chanakya Mannan,Male,1999-07-11,chanakya.mannan734@bankai.com,5019803828,94,Risk Management,Cashier,301.0,2007-07-09,30,31392,Permanent,4.7,Active
735,BKAIEMP234072,Garima,Mitra,Garima Mitra,Female,1974-07-17,garima.mitra735@bankai.com,0793110291,12,Customer Service,Operations Executive,690.0,2009-07-08,2,45296,Permanent,3.6,Active
736,BKAIEMP278711,Harsh,Chawla,Harsh Chawla,Male,2000-07-10,harsh.chawla736@bankai.com,0876014672,14,Risk Management,Loan Officer,733.0,2026-07-04,13,45501,Contract,3.3,Active
737,BKAIEMP803176,Theodore,Dasgupta,Theodore Dasgupta,Male,1998-07-11,theodore.dasgupta737@bankai.com,2022328837,86,Loans,Operations Executive,548.0,2006-07-09,30,53770,Permanent,4.5,Active
738,BKAIEMP775268,Chandresh,Tailor,Chandresh Tailor,Male,1984-07-14,chandresh.tailor738@bankai.com,4661766204,49,Risk Management,Customer Service Executive,670.0,2006-07-09,4,43412,Contract,3.6,Active
739,BKAIEMP193469,Robert,Apte,Robert Apte,Male,1984-07-14,robert.apte739@bankai.com,0970527740,95,Information Technology,Loan Officer,193.0,2023-07-05,7,59100,Permanent,3.3,Active
740,BKAIEMP299080,Yashasvi,Kade,Yashasvi Kade,Female,1981-07-15,yashasvi.kade740@bankai.com,8681225957,55,Finance,Loan Officer,374.0,2022-07-05,34,69062,Permanent,4.0,Active
741,BKAIEMP251729,Ronith,Bir,Ronith Bir,Male,1987-07-14,ronith.bir741@bankai.com,6792988425,29,Compliance,Sales Executive,697.0,2012-07-07,20,34830,Permanent,2.9,Active
742,BKAIEMP423896,Tamanna,Bir,Tamanna Bir,Female,1973-07-17,tamanna.bir742@bankai.com,0231177533,89,Corporate Banking,Operations Executive,281.0,2008-07-08,20,45672,Permanent,3.0,Active
743,BKAIEMP260119,Ucchal,Bhatt,Ucchal Bhatt,Female,1992-07-12,ucchal.bhatt743@bankai.com,9410175902,94,Operations,Assistant Manager,718.0,2025-07-04,21,88358,Permanent,4.6,Active
744,BKAIEMP122613,Ranbir,Deol,Ranbir Deol,Male,1970-07-18,ranbir.deol744@bankai.com,3477433268,51,Finance,Sales Executive,433.0,2011-07-08,10,41413,Permanent,3.5,Active
745,BKAIEMP835165,Advik,Char,Advik Char,Male,1970-07-18,advik.char745@bankai.com,0205698152,51,Corporate Banking,Operations Executive,135.0,2016-07-06,12,54650,Permanent,4.7,Active
746,BKAIEMP705193,Ishita,Som,Ishita Som,Female,1997-07-11,ishita.som746@bankai.com,5982176619,57,Compliance,Loan Officer,299.0,2022-07-05,10,48747,Permanent,4.4,Active
747,BKAIEMP811267,Manthan,Chaudhuri,Manthan Chaudhuri,Male,1996-07-11,manthan.chaudhuri747@bankai.com,7309850344,49,Risk Management,Operations Executive,696.0,2021-07-05,6,31845,Permanent,4.9,Active
748,BKAIEMP722217,Farhan,Mani,Farhan Mani,Male,1978-07-16,farhan.mani748@bankai.com,8938984690,20,Risk Management,Clerk,251.0,2025-07-04,21,23946,Permanent,3.7,Active
749,BKAIEMP913537,Vrishti,Lall,Vrishti Lall,Female,2000-07-10,vrishti.lall749@bankai.com,0564350238,100,Compliance,Customer Service Executive,666.0,2014-07-07,24,34018,Permanent,3.6,Active
750,BKAIEMP335861,Yatin,Bora,Yatin Bora,Male,2004-07-09,yatin.bora750@bankai.com,5169918724,76,Information Technology,Relationship Manager,587.0,2011-07-08,32,62938,Permanent,2.7,Active
751,BKAIEMP412856,Yuvraj,Tripathi,Yuvraj Tripathi,Male,1969-07-18,yuvraj.tripathi751@bankai.com,5674300038,17,Corporate Banking,Clerk,334.0,2024-07-04,27,33694,Permanent,4.5,Active
752,BKAIEMP957171,Warda,Ben,Warda Ben,Female,1971-07-18,warda.ben752@bankai.com,6266821719,68,Compliance,Branch Manager,,2024-07-04,35,158013,Permanent,3.8,Active
753,BKAIEMP790573,Onveer,Sarkar,Onveer Sarkar,Male,1998-07-11,onveer.sarkar753@bankai.com,3319036890,24,Information Technology,Operations Executive,712.0,2021-07-05,13,30174,Permanent,4.5,Active
754,BKAIEMP192086,Balvan,Bhandari,Balvan Bhandari,Male,1970-07-18,balvan.bhandari754@bankai.com,7240559342,33,Retail Banking,Relationship Manager,87.0,2023-07-05,10,78170,Permanent,4.9,Active
755,BKAIEMP415201,Divya,Bose,Divya Bose,Female,2003-07-10,divya.bose755@bankai.com,4837537458,67,Customer Service,Customer Service Executive,675.0,2009-07-08,15,39579,Permanent,3.7,Active
756,BKAIEMP635392,Lila,Nagar,Lila Nagar,Female,1992-07-12,lila.nagar756@bankai.com,0569741328,89,Corporate Banking,Clerk,679.0,2025-07-04,34,25884,Permanent,2.9,Active
757,BKAIEMP326534,Henry,Das,Henry Das,Male,1968-07-18,henry.das757@bankai.com,2037710704,46,Customer Service,Relationship Manager,132.0,2007-07-09,35,72657,Permanent,3.1,Active
758,BKAIEMP366526,Netra,Chad,Netra Chad,Female,1978-07-16,netra.chad758@bankai.com,4967066703,89,Loans,Cashier,549.0,2020-07-05,5,27312,Permanent,3.2,Active
759,BKAIEMP734330,Tanveer,Walia,Tanveer Walia,Male,1995-07-12,tanveer.walia759@bankai.com,4085095493,54,Loans,Operations Executive,324.0,2013-07-07,32,42417,Permanent,4.0,Active
760,BKAIEMP526541,Teerth,Sane,Teerth Sane,Male,2001-07-10,teerth.sane760@bankai.com,1864876998,43,Corporate Banking,Relationship Manager,372.0,2016-07-06,35,62907,Permanent,4.5,Active
761,BKAIEMP497024,Vivaan,Khanna,Vivaan Khanna,Male,1999-07-11,vivaan.khanna761@bankai.com,0441384596,16,Loans,Clerk,540.0,2017-07-06,14,31647,Permanent,3.7,Active
762,BKAIEMP384220,Radhika,Luthra,Radhika Luthra,Female,1967-07-19,radhika.luthra762@bankai.com,9014954277,13,Retail Banking,Sales Executive,175.0,2016-07-06,35,54637,Permanent,3.4,Active
763,BKAIEMP600025,Vidhi,Bansal,Vidhi Bansal,Female,1968-07-18,vidhi.bansal763@bankai.com,7836091498,17,Customer Service,Customer Service Executive,10.0,2010-07-08,25,30095,Permanent,2.9,Active
764,BKAIEMP841870,Gautam,Kuruvilla,Gautam Kuruvilla,Male,1990-07-13,gautam.kuruvilla764@bankai.com,4723229031,87,Information Technology,Credit Analyst,429.0,2012-07-07,23,61999,Permanent,3.4,Active
765,BKAIEMP853367,Thomas,Nadig,Thomas Nadig,Male,1991-07-13,thomas.nadig765@bankai.com,8304405809,40,Corporate Banking,Clerk,313.0,2013-07-07,33,34625,Permanent,2.7,Active
766,BKAIEMP703263,Brinda,Tripathi,Brinda Tripathi,Female,2002-07-10,brinda.tripathi766@bankai.com,1813359561,11,Customer Service,Clerk,568.0,2011-07-08,10,22175,Contract,3.6,Active
767,BKAIEMP818402,Amaira,Narain,Amaira Narain,Female,1971-07-18,amaira.narain767@bankai.com,5657490250,90,Corporate Banking,Cashier,416.0,2026-07-04,32,31231,Permanent,4.4,Active
768,BKAIEMP874879,Amara,Cherian,Amara Cherian,Female,1972-07-17,amara.cherian768@bankai.com,5889536902,88,Information Technology,Operations Executive,44.0,2007-07-09,15,44701,Contract,4.2,Active
769,BKAIEMP484880,Isaac,Thakur,Isaac Thakur,Male,1997-07-11,isaac.thakur769@bankai.com,8180978875,66,Finance,Loan Officer,53.0,2013-07-07,4,67473,Permanent,3.4,Active
770,BKAIEMP992104,Nandini,Kohli,Nandini Kohli,Female,1998-07-11,nandini.kohli770@bankai.com,3537513765,38,Customer Service,Loan Officer,495.0,2017-07-06,34,52350,Permanent,4.3,Active
771,BKAIEMP965837,Zayyan,Bose,Zayyan Bose,Male,2003-07-10,zayyan.bose771@bankai.com,7937639283,60,Information Technology,Loan Officer,500.0,2025-07-04,32,58314,Permanent,3.7,Active
772,BKAIEMP521598,Kalpit,Mangat,Kalpit Mangat,Male,1983-07-15,kalpit.mangat772@bankai.com,5116682973,2,Corporate Banking,Cashier,442.0,2011-07-08,11,31473,Permanent,3.8,Active
773,BKAIEMP906824,Fiyaz,Dara,Fiyaz Dara,Male,1989-07-13,fiyaz.dara773@bankai.com,4871206021,29,Compliance,Cashier,405.0,2015-07-07,9,34806,Permanent,4.7,Active
774,BKAIEMP269695,Rishi,Sami,Rishi Sami,Male,1997-07-11,rishi.sami774@bankai.com,2683415599,46,Risk Management,Clerk,6.0,2015-07-07,28,33619,Permanent,3.0,Active
775,BKAIEMP268099,Balhaar,Pant,Balhaar Pant,Male,1993-07-12,balhaar.pant775@bankai.com,6764722981,62,Customer Service,Operations Executive,122.0,2013-07-07,2,46025,Permanent,4.5,Active
776,BKAIEMP626236,Qasim,Setty,Qasim Setty,Male,1981-07-15,qasim.setty776@bankai.com,5728941347,17,Corporate Banking,Operations Executive,111.0,2026-07-04,25,34132,Permanent,3.8,Active
777,BKAIEMP550536,Tanay,Mangal,Tanay Mangal,Male,1967-07-19,tanay.mangal777@bankai.com,6522036849,95,Retail Banking,Customer Service Executive,445.0,2011-07-08,21,34485,Permanent,2.7,Active
778,BKAIEMP361584,Oscar,Mane,Oscar Mane,Male,1988-07-13,oscar.mane778@bankai.com,1447732449,99,Corporate Banking,Operations Executive,270.0,2019-07-06,11,51834,Permanent,3.0,Active
779,BKAIEMP740785,Ekta,Char,Ekta Char,Female,1994-07-12,ekta.char779@bankai.com,8820908830,25,Information Technology,Operations Executive,645.0,2006-07-09,32,34873,Permanent,2.8,Active
780,BKAIEMP118519,Ishani,Manda,Ishani Manda,Female,1966-07-19,ishani.manda780@bankai.com,7827411767,26,Corporate Banking,Credit Analyst,53.0,2014-07-07,27,76692,Permanent,4.3,Inactive
781,BKAIEMP634630,Liam,Dada,Liam Dada,Male,1978-07-16,liam.dada781@bankai.com,1315285478,83,Retail Banking,Cashier,312.0,2023-07-05,3,33822,Permanent,4.9,Active
782,BKAIEMP142875,Tarak,Chaudhry,Tarak Chaudhry,Male,2005-07-09,tarak.chaudhry782@bankai.com,3800329633,7,Finance,Credit Analyst,218.0,2017-07-06,11,80936,Permanent,4.0,Active
783,BKAIEMP419141,Xavier,Grover,Xavier Grover,Male,1998-07-11,xavier.grover783@bankai.com,4231830617,13,Retail Banking,Cashier,700.0,2009-07-08,21,29269,Permanent,4.4,Active
784,BKAIEMP349825,Hemal,Barad,Hemal Barad,Female,1988-07-13,hemal.barad784@bankai.com,4969357824,27,Information Technology,Customer Service Executive,394.0,2024-07-04,23,28485,Permanent,4.4,Active
785,BKAIEMP302299,Yash,Ramanathan,Yash Ramanathan,Male,1977-07-16,yash.ramanathan785@bankai.com,8741314675,13,Corporate Banking,Credit Analyst,560.0,2007-07-09,12,72472,Permanent,3.7,Active
786,BKAIEMP301019,Gaurang,Shetty,Gaurang Shetty,Male,1979-07-16,gaurang.shetty786@bankai.com,1562779630,71,Customer Service,Relationship Manager,778.0,2009-07-08,8,67763,Permanent,3.6,Active
787,BKAIEMP649205,Janaki,Rege,Janaki Rege,Female,1973-07-17,janaki.rege787@bankai.com,8545667664,3,Loans,Assistant Manager,614.0,2018-07-06,26,82829,Contract,3.2,Active
788,BKAIEMP876696,Imaran,Nori,Imaran Nori,Male,1980-07-15,imaran.nori788@bankai.com,4763928319,64,Human Resources,Clerk,526.0,2024-07-04,12,24711,Permanent,3.8,Active
789,BKAIEMP293007,Advaith,Bail,Advaith Bail,Male,2005-07-09,advaith.bail789@bankai.com,1558108358,21,Information Technology,Customer Service Executive,224.0,2008-07-08,13,25290,Permanent,4.5,Active
790,BKAIEMP993884,Siya,Karnik,Siya Karnik,Female,1991-07-13,siya.karnik790@bankai.com,2556383000,38,Customer Service,Customer Service Executive,566.0,2023-07-05,19,30606,Permanent,3.8,Active
791,BKAIEMP239430,Rushil,Sundaram,Rushil Sundaram,Male,1988-07-13,rushil.sundaram791@bankai.com,2440330416,7,Operations,Clerk,216.0,2009-07-08,17,23903,Permanent,3.4,Active
792,BKAIEMP376864,Brijesh,Bose,Brijesh Bose,Male,1997-07-11,brijesh.bose792@bankai.com,8600892196,53,Information Technology,Assistant Manager,302.0,2016-07-06,35,61876,Permanent,2.5,Active
793,BKAIEMP116398,Ojasvi,Sandal,Ojasvi Sandal,Female,1971-07-18,ojasvi.sandal793@bankai.com,4473149764,85,Information Technology,Loan Officer,109.0,2014-07-07,16,51865,Permanent,4.1,Active
794,BKAIEMP313824,Tanvi,Mallick,Tanvi Mallick,Female,1968-07-18,tanvi.mallick794@bankai.com,4883607658,81,Risk Management,Loan Officer,160.0,2012-07-07,17,50186,Permanent,3.6,Active
795,BKAIEMP294015,Advik,Ranganathan,Advik Ranganathan,Male,1994-07-12,advik.ranganathan795@bankai.com,7579145211,25,Information Technology,Cashier,503.0,2021-07-05,29,34242,Permanent,2.9,Active
796,BKAIEMP250494,Yash,Krish,Yash Krish,Male,2001-07-10,yash.krish796@bankai.com,2697893074,55,Operations,Customer Service Executive,466.0,2006-07-09,4,38189,Permanent,3.8,Active
797,BKAIEMP502643,Forum,Bansal,Forum Bansal,Female,2004-07-09,forum.bansal797@bankai.com,9960438787,15,Retail Banking,Customer Service Executive,782.0,2006-07-09,24,26433,Permanent,4.4,Active
798,BKAIEMP930116,Vedhika,Subramanian,Vedhika Subramanian,Female,1999-07-11,vedhika.subramanian798@bankai.com,1616202812,70,Finance,Customer Service Executive,725.0,2024-07-04,0,31629,Permanent,4.4,Active
799,BKAIEMP262018,Anjali,Samra,Anjali Samra,Female,1990-07-13,anjali.samra799@bankai.com,2872866041,8,Human Resources,Loan Officer,709.0,2018-07-06,30,43065,Permanent,2.6,Active
800,BKAIEMP248724,Neel,Prabhu,Neel Prabhu,Male,2005-07-09,neel.prabhu800@bankai.com,2483958947,29,Retail Banking,Credit Analyst,233.0,2013-07-07,26,75256,Permanent,4.1,Active
801,BKAIEMP615711,Ekanta,Gala,Ekanta Gala,Female,1995-07-12,ekanta.gala801@bankai.com,0562271043,15,Operations,Cashier,105.0,2017-07-06,7,36708,Permanent,3.3,Active
802,BKAIEMP733870,Vasudha,Narayanan,Vasudha Narayanan,Female,1996-07-11,vasudha.narayanan802@bankai.com,0979215835,23,Risk Management,Assistant Manager,544.0,2016-07-06,2,79648,Permanent,3.6,Active
803,BKAIEMP465308,Lucky,Sandhu,Lucky Sandhu,Male,1999-07-11,lucky.sandhu803@bankai.com,5964883192,35,Compliance,Customer Service Executive,678.0,2015-07-07,18,33696,Permanent,4.3,Active
804,BKAIEMP915565,Gaurav,Lall,Gaurav Lall,Male,1996-07-11,gaurav.lall804@bankai.com,2896599949,41,Loans,Clerk,400.0,2012-07-07,9,33818,Permanent,4.9,Active
805,BKAIEMP251695,Aarav,Kata,Aarav Kata,Male,2000-07-10,aarav.kata805@bankai.com,1922270510,42,Loans,Cashier,187.0,2014-07-07,17,36554,Permanent,3.6,Active
806,BKAIEMP244935,Simon,Sodhi,Simon Sodhi,Male,1990-07-13,simon.sodhi806@bankai.com,4813866675,50,Risk Management,Sales Executive,563.0,2011-07-08,21,47653,Permanent,3.8,Active
807,BKAIEMP652542,Balveer,Kala,Balveer Kala,Male,1969-07-18,balveer.kala807@bankai.com,4268774186,100,Operations,Customer Service Executive,720.0,2024-07-04,26,32706,Permanent,3.0,Active
808,BKAIEMP215507,Qadim,Shukla,Qadim Shukla,Male,2002-07-10,qadim.shukla808@bankai.com,6398365203,45,Finance,Cashier,798.0,2022-07-05,8,34656,Permanent,4.6,Active
809,BKAIEMP968034,Indali,Ahluwalia,Indali Ahluwalia,Female,1991-07-13,indali.ahluwalia809@bankai.com,5154809404,8,Loans,Cashier,121.0,2022-07-05,13,37368,Permanent,4.2,Active
810,BKAIEMP599988,Jonathan,Mahal,Jonathan Mahal,Male,1967-07-19,jonathan.mahal810@bankai.com,9079772781,21,Retail Banking,Relationship Manager,151.0,2015-07-07,4,54258,Permanent,2.7,Active
811,BKAIEMP592584,Ganga,Goel,Ganga Goel,Female,1997-07-11,ganga.goel811@bankai.com,1610705184,96,Human Resources,Relationship Manager,716.0,2017-07-06,11,75814,Permanent,3.3,Active
812,BKAIEMP162915,Ojas,Nadig,Ojas Nadig,Male,2003-07-10,ojas.nadig812@bankai.com,9580660138,78,Loans,Loan Officer,516.0,2021-07-05,9,35712,Permanent,3.6,Active
813,BKAIEMP699853,Gabriel,Sawhney,Gabriel Sawhney,Male,1973-07-17,gabriel.sawhney813@bankai.com,4938620448,40,Operations,Operations Executive,434.0,2021-07-05,16,38907,Contract,3.8,Inactive
814,BKAIEMP329540,Viraj,Chadha,Viraj Chadha,Male,1980-07-15,viraj.chadha814@bankai.com,1112125902,24,Human Resources,Relationship Manager,620.0,2024-07-04,3,75699,Permanent,4.1,Active
815,BKAIEMP778058,Victor,Bumb,Victor Bumb,Male,1978-07-16,victor.bumb815@bankai.com,4324064242,25,Customer Service,Assistant Manager,112.0,2023-07-05,23,62549,Permanent,4.4,Active
816,BKAIEMP168492,Isaiah,Guha,Isaiah Guha,Male,1992-07-12,isaiah.guha816@bankai.com,3244741759,77,Retail Banking,Relationship Manager,775.0,2017-07-06,6,57303,Permanent,4.1,Active
817,BKAIEMP691123,Umang,Garde,Umang Garde,Male,1975-07-17,umang.garde817@bankai.com,9628936543,6,Retail Banking,Clerk,323.0,2024-07-04,2,27056,Permanent,3.4,Active
818,BKAIEMP860939,Krish,Chana,Krish Chana,Male,1983-07-15,krish.chana818@bankai.com,4374018272,17,Corporate Banking,Relationship Manager,340.0,2013-07-07,25,78002,Permanent,4.5,Active
819,BKAIEMP404212,Quincy,Purohit,Quincy Purohit,Male,1995-07-12,quincy.purohit819@bankai.com,5150267551,20,Compliance,Cashier,81.0,2006-07-09,2,28056,Contract,3.1,Active
820,BKAIEMP625986,Finn,Sibal,Finn Sibal,Male,1972-07-17,finn.sibal820@bankai.com,0797996673,94,Information Technology,Relationship Manager,668.0,2010-07-08,10,67374,Permanent,2.8,Active
821,BKAIEMP847385,Om,Subramanian,Om Subramanian,Male,1981-07-15,om.subramanian821@bankai.com,4038166496,31,Operations,Clerk,626.0,2007-07-09,2,23228,Contract,3.9,Inactive
822,BKAIEMP673713,Fiyaz,Mital,Fiyaz Mital,Male,2000-07-10,fiyaz.mital822@bankai.com,9225014257,64,Corporate Banking,Branch Manager,,2012-07-07,19,131119,Permanent,3.2,Active
823,BKAIEMP287890,Aadi,Divan,Aadi Divan,Male,1976-07-16,aadi.divan823@bankai.com,2441233613,34,Compliance,Cashier,263.0,2012-07-07,4,29602,Contract,4.9,Active
824,BKAIEMP998630,Aarnav,Sood,Aarnav Sood,Male,1966-07-19,aarnav.sood824@bankai.com,5178637673,88,Loans,Loan Officer,452.0,2015-07-07,26,68585,Permanent,4.9,Active
825,BKAIEMP815711,Nathan,Deol,Nathan Deol,Male,2003-07-10,nathan.deol825@bankai.com,5469681579,80,Retail Banking,Customer Service Executive,759.0,2019-07-06,16,43376,Permanent,4.6,Active
826,BKAIEMP333886,Gaurav,Keer,Gaurav Keer,Male,1981-07-15,gaurav.keer826@bankai.com,5580996132,60,Corporate Banking,Cashier,358.0,2012-07-07,4,40351,Permanent,4.8,Active
827,BKAIEMP905533,Hitesh,Mittal,Hitesh Mittal,Male,1978-07-16,hitesh.mittal827@bankai.com,1562624467,26,Risk Management,Operations Executive,337.0,2024-07-04,25,40396,Permanent,4.0,Active
828,BKAIEMP140141,Hemal,Gade,Hemal Gade,Female,1971-07-18,hemal.gade828@bankai.com,8171516025,20,Compliance,Relationship Manager,150.0,2006-07-09,29,58989,Permanent,2.6,Active
829,BKAIEMP927912,Rehaan,Sha,Rehaan Sha,Male,1978-07-16,rehaan.sha829@bankai.com,7660464197,61,Operations,Clerk,56.0,2020-07-05,23,22375,Contract,4.2,Active
830,BKAIEMP387210,Oliver,Warrior,Oliver Warrior,Male,1980-07-15,oliver.warrior830@bankai.com,1268612059,11,Customer Service,Assistant Manager,730.0,2012-07-07,4,88550,Permanent,3.0,Active
831,BKAIEMP458633,Utkarsh,Saran,Utkarsh Saran,Male,1986-07-14,utkarsh.saran831@bankai.com,7401775095,22,Operations,Assistant Manager,358.0,2013-07-07,27,75781,Permanent,4.2,Active
832,BKAIEMP962994,Manbir,Bajwa,Manbir Bajwa,Male,2005-07-09,manbir.bajwa832@bankai.com,2456075409,72,Information Technology,Cashier,204.0,2024-07-04,24,43955,Permanent,3.3,Inactive
833,BKAIEMP114875,Zinal,Randhawa,Zinal Randhawa,Female,1996-07-11,zinal.randhawa833@bankai.com,2181227645,59,Loans,Operations Executive,512.0,2016-07-06,20,33722,Permanent,4.2,Active
834,BKAIEMP765104,Zaitra,Shanker,Zaitra Shanker,Female,1977-07-16,zaitra.shanker834@bankai.com,1550291681,82,Information Technology,Clerk,100.0,2025-07-04,8,25581,Permanent,3.0,Active
835,BKAIEMP464994,Suhani,Bains,Suhani Bains,Female,1992-07-12,suhani.bains835@bankai.com,4161394498,25,Information Technology,Customer Service Executive,15.0,2015-07-07,13,36920,Permanent,4.7,Active
836,BKAIEMP534166,Ridhi,Solanki,Ridhi Solanki,Female,1979-07-16,ridhi.solanki836@bankai.com,6424809624,46,Finance,Operations Executive,556.0,2013-07-07,29,47143,Contract,3.3,Active
837,BKAIEMP723789,Hemang,Bahl,Hemang Bahl,Male,1995-07-12,hemang.bahl837@bankai.com,2447951330,70,Risk Management,Cashier,391.0,2017-07-06,35,39335,Permanent,4.3,Active
838,BKAIEMP945089,Mitali,Sharma,Mitali Sharma,Female,1999-07-11,mitali.sharma838@bankai.com,9586780555,12,Retail Banking,Assistant Manager,632.0,2013-07-07,5,63397,Permanent,4.4,Active
839,BKAIEMP800144,Vihaan,Tara,Vihaan Tara,Male,1987-07-14,vihaan.tara839@bankai.com,8264609178,54,Operations,Cashier,229.0,2012-07-07,2,43074,Permanent,3.0,Active
840,BKAIEMP532993,Qasim,Modi,Qasim Modi,Male,1980-07-15,qasim.modi840@bankai.com,5770299295,1,Finance,Clerk,801.0,2019-07-06,29,30315,Permanent,4.7,Active
841,BKAIEMP806007,Alka,Mander,Alka Mander,Female,1990-07-13,alka.mander841@bankai.com,3682691163,1,Risk Management,Sales Executive,34.0,2026-07-04,26,30860,Permanent,3.4,Active
842,BKAIEMP278688,Mohini,Gokhale,Mohini Gokhale,Female,1969-07-18,mohini.gokhale842@bankai.com,6865369455,56,Operations,Customer Service Executive,570.0,2014-07-07,21,31313,Permanent,3.5,Active
843,BKAIEMP863481,Zinal,Ramanathan,Zinal Ramanathan,Female,1994-07-12,zinal.ramanathan843@bankai.com,6774722640,52,Finance,Cashier,530.0,2021-07-05,24,39332,Permanent,4.3,Active
844,BKAIEMP983981,Gabriel,Chaudhari,Gabriel Chaudhari,Male,1989-07-13,gabriel.chaudhari844@bankai.com,9666309329,71,Loans,Customer Service Executive,331.0,2020-07-05,25,28055,Permanent,3.6,Active
845,BKAIEMP182598,Samarth,Bajaj,Samarth Bajaj,Male,1969-07-18,samarth.bajaj845@bankai.com,9329715096,49,Retail Banking,Assistant Manager,761.0,2022-07-05,34,74867,Permanent,4.4,Active
846,BKAIEMP661425,Faris,Shankar,Faris Shankar,Male,1990-07-13,faris.shankar846@bankai.com,3273524103,93,Risk Management,Loan Officer,789.0,2018-07-06,12,38391,Permanent,4.8,Active
847,BKAIEMP216320,Jason,Sawhney,Jason Sawhney,Male,1976-07-16,jason.sawhney847@bankai.com,2781952371,77,Corporate Banking,Customer Service Executive,110.0,2022-07-05,6,34255,Permanent,3.0,Active
848,BKAIEMP509783,Yoshita,Singhal,Yoshita Singhal,Female,1999-07-11,yoshita.singhal848@bankai.com,1648198077,63,Retail Banking,Credit Analyst,424.0,2024-07-04,13,81884,Contract,2.7,Active
849,BKAIEMP947825,Anmol,Patla,Anmol Patla,Male,1995-07-12,anmol.patla849@bankai.com,8761124912,24,Customer Service,Loan Officer,11.0,2021-07-05,28,37061,Permanent,3.4,Active
850,BKAIEMP266082,Ekta,Kibe,Ekta Kibe,Female,1972-07-17,ekta.kibe850@bankai.com,3415177345,95,Customer Service,Customer Service Executive,125.0,2020-07-05,0,44861,Permanent,2.6,Active
851,BKAIEMP327496,Umang,Kuruvilla,Umang Kuruvilla,Male,2004-07-09,umang.kuruvilla851@bankai.com,9022840359,42,Loans,Sales Executive,226.0,2024-07-04,7,53846,Permanent,2.8,Active
852,BKAIEMP783592,Fariq,Mody,Fariq Mody,Male,1987-07-14,fariq.mody852@bankai.com,7422294643,60,Compliance,Assistant Manager,447.0,2010-07-08,35,73105,Contract,3.1,Active
853,BKAIEMP207892,Nidra,Divan,Nidra Divan,Female,1968-07-18,nidra.divan853@bankai.com,4588679252,99,Information Technology,Operations Executive,320.0,2021-07-05,25,36744,Contract,3.7,Active
854,BKAIEMP753169,Rachit,Radhakrishnan,Rachit Radhakrishnan,Male,1999-07-11,rachit.radhakrishnan854@bankai.com,2872760153,78,Risk Management,Operations Executive,440.0,2020-07-05,20,48584,Permanent,4.7,Active
855,BKAIEMP365356,Falan,Mall,Falan Mall,Male,1968-07-18,falan.mall855@bankai.com,3577908335,53,Customer Service,Credit Analyst,619.0,2006-07-09,32,84766,Permanent,2.6,Active
856,BKAIEMP357234,Nitesh,Tripathi,Nitesh Tripathi,Male,2001-07-10,nitesh.tripathi856@bankai.com,4888107983,28,Finance,Sales Executive,381.0,2022-07-05,22,55543,Permanent,2.5,Active
857,BKAIEMP343949,Krisha,Kari,Krisha Kari,Female,1970-07-18,krisha.kari857@bankai.com,2094841312,9,Risk Management,Relationship Manager,291.0,2007-07-09,20,58905,Permanent,2.8,Active
858,BKAIEMP701828,Hemang,Kari,Hemang Kari,Male,1979-07-16,hemang.kari858@bankai.com,9977180513,88,Risk Management,Credit Analyst,326.0,2016-07-06,4,62985,Permanent,4.5,Active
859,BKAIEMP574779,Chakrika,Soni,Chakrika Soni,Female,1995-07-12,chakrika.soni859@bankai.com,1893974909,77,Finance,Cashier,606.0,2014-07-07,7,32747,Permanent,3.2,Active
860,BKAIEMP398179,Indali,Shan,Indali Shan,Female,1997-07-11,indali.shan860@bankai.com,4694725878,52,Retail Banking,Clerk,547.0,2010-07-08,29,22640,Permanent,2.5,Active
861,BKAIEMP388016,Zinal,Kothari,Zinal Kothari,Female,1985-07-14,zinal.kothari861@bankai.com,4884712705,97,Finance,Cashier,410.0,2024-07-04,19,43233,Permanent,3.7,Active
862,BKAIEMP989897,Finn,Gola,Finn Gola,Male,1998-07-11,finn.gola862@bankai.com,6417582313,48,Information Technology,Clerk,106.0,2026-07-04,31,25670,Permanent,2.5,Active
863,BKAIEMP337336,Michael,Nagarajan,Michael Nagarajan,Male,1995-07-12,michael.nagarajan863@bankai.com,1493925236,12,Operations,Operations Executive,742.0,2015-07-07,27,47614,Contract,4.8,Active
864,BKAIEMP150335,Farhan,Nanda,Farhan Nanda,Male,1986-07-14,farhan.nanda864@bankai.com,9643474524,10,Customer Service,Sales Executive,338.0,2007-07-09,7,55940,Permanent,3.2,Active
865,BKAIEMP434844,Umang,Morar,Umang Morar,Male,1996-07-11,umang.morar865@bankai.com,9660606527,97,Information Technology,Cashier,424.0,2006-07-09,8,39640,Permanent,3.8,Active
866,BKAIEMP437548,Hemang,Kunda,Hemang Kunda,Male,1975-07-17,hemang.kunda866@bankai.com,5056658833,29,Corporate Banking,Cashier,271.0,2017-07-06,17,27713,Permanent,4.6,Active
867,BKAIEMP178794,Laksh,Chhabra,Laksh Chhabra,Male,1974-07-17,laksh.chhabra867@bankai.com,3257970673,8,Operations,Sales Executive,14.0,2020-07-05,4,45340,Permanent,3.0,Active
868,BKAIEMP638891,Raghav,Bhargava,Raghav Bhargava,Male,1985-07-14,raghav.bhargava868@bankai.com,0548574172,98,Customer Service,Customer Service Executive,726.0,2012-07-07,33,30046,Permanent,2.8,Active
869,BKAIEMP750618,Forum,Dora,Forum Dora,Female,1973-07-17,forum.dora869@bankai.com,9381735984,26,Risk Management,Cashier,193.0,2024-07-04,28,34104,Permanent,4.2,Active
870,BKAIEMP212379,Advay,Dey,Advay Dey,Male,1998-07-11,advay.dey870@bankai.com,5573257375,31,Retail Banking,Relationship Manager,472.0,2021-07-05,29,62482,Permanent,4.2,Active
871,BKAIEMP471643,Joshua,Bajaj,Joshua Bajaj,Male,1978-07-16,joshua.bajaj871@bankai.com,1666708085,28,Loans,Credit Analyst,407.0,2010-07-08,5,78236,Permanent,2.6,Active
872,BKAIEMP303352,Amol,Thaman,Amol Thaman,Male,1987-07-14,amol.thaman872@bankai.com,8749511918,25,Risk Management,Customer Service Executive,181.0,2007-07-09,27,34041,Permanent,3.7,Active
873,BKAIEMP330246,Caleb,Sidhu,Caleb Sidhu,Male,1998-07-11,caleb.sidhu873@bankai.com,1647725129,7,Retail Banking,Customer Service Executive,590.0,2018-07-06,7,32823,Permanent,2.8,Active
874,BKAIEMP511970,Tarak,Bail,Tarak Bail,Male,1999-07-11,tarak.bail874@bankai.com,9409600356,29,Customer Service,Operations Executive,508.0,2020-07-05,25,35604,Permanent,3.4,Active
875,BKAIEMP294069,Nihal,Walia,Nihal Walia,Male,1973-07-17,nihal.walia875@bankai.com,3959232342,90,Information Technology,Operations Executive,489.0,2017-07-06,6,52542,Permanent,3.3,Active
876,BKAIEMP113353,Anmol,Datta,Anmol Datta,Male,1975-07-17,anmol.datta876@bankai.com,1553334264,55,Finance,Credit Analyst,22.0,2021-07-05,9,67290,Permanent,2.9,Active
877,BKAIEMP711486,Agastya,Devan,Agastya Devan,Male,2005-07-09,agastya.devan877@bankai.com,1607360776,63,Operations,Cashier,484.0,2023-07-05,30,26480,Permanent,3.9,Inactive
878,BKAIEMP891666,Diya,Chander,Diya Chander,Female,1996-07-11,diya.chander878@bankai.com,8981231795,100,Corporate Banking,Customer Service Executive,103.0,2017-07-06,10,35999,Permanent,4.3,Inactive
879,BKAIEMP581035,Henry,Chana,Henry Chana,Male,2005-07-09,henry.chana879@bankai.com,7481700666,46,Customer Service,Cashier,728.0,2016-07-06,23,41968,Permanent,4.6,Active
880,BKAIEMP863589,Mohammed,Bhattacharyya,Mohammed Bhattacharyya,Male,2004-07-09,mohammed.bhattacharyya880@bankai.com,4316704502,19,Risk Management,Relationship Manager,877.0,2019-07-06,33,54282,Permanent,2.6,Active
881,BKAIEMP880523,Aayush,Dave,Aayush Dave,Male,2000-07-10,aayush.dave881@bankai.com,2700934596,25,Risk Management,Cashier,655.0,2023-07-05,13,33975,Permanent,4.2,Active
882,BKAIEMP283450,Gagan,Venkataraman,Gagan Venkataraman,Male,1989-07-13,gagan.venkataraman882@bankai.com,2512073465,87,Finance,Clerk,340.0,2014-07-07,33,31652,Permanent,5.0,Active
883,BKAIEMP974692,Akshay,Bal,Akshay Bal,Male,1966-07-19,akshay.bal883@bankai.com,0702608698,16,Risk Management,Customer Service Executive,815.0,2012-07-07,21,43568,Contract,4.5,Active
884,BKAIEMP588969,Advika,Palla,Advika Palla,Female,1996-07-11,advika.palla884@bankai.com,1611776872,67,Customer Service,Cashier,639.0,2009-07-08,9,30328,Permanent,3.2,Active
885,BKAIEMP965568,Wazir,Singh,Wazir Singh,Male,1968-07-18,wazir.singh885@bankai.com,2585917793,16,Retail Banking,Assistant Manager,501.0,2017-07-06,18,60166,Permanent,4.2,Active
886,BKAIEMP923408,Dhruv,Dhar,Dhruv Dhar,Male,1973-07-17,dhruv.dhar886@bankai.com,1164913342,86,Human Resources,Cashier,159.0,2024-07-04,18,33869,Permanent,4.3,Active
887,BKAIEMP596162,Yoshita,Varughese,Yoshita Varughese,Female,1983-07-15,yoshita.varughese887@bankai.com,2565290603,32,Risk Management,Loan Officer,433.0,2014-07-07,2,41431,Permanent,4.8,Active
888,BKAIEMP943453,Anay,Khanna,Anay Khanna,Male,1968-07-18,anay.khanna888@bankai.com,6509775396,18,Operations,Cashier,257.0,2022-07-05,20,38641,Permanent,3.3,Active
889,BKAIEMP292279,Karan,Sarraf,Karan Sarraf,Male,1981-07-15,karan.sarraf889@bankai.com,4855245787,56,Corporate Banking,Customer Service Executive,142.0,2010-07-08,34,39480,Permanent,3.8,Active
890,BKAIEMP540932,Karan,Bhatnagar,Karan Bhatnagar,Male,1979-07-16,karan.bhatnagar890@bankai.com,6082137118,60,Retail Banking,Cashier,573.0,2026-07-04,29,38792,Permanent,2.9,Active
891,BKAIEMP233457,Nikita,Sethi,Nikita Sethi,Female,1966-07-19,nikita.sethi891@bankai.com,8182683230,70,Information Technology,Customer Service Executive,301.0,2025-07-04,23,37866,Permanent,4.2,Active
892,BKAIEMP188771,Forum,Wali,Forum Wali,Female,2002-07-10,forum.wali892@bankai.com,8583825212,35,Corporate Banking,Customer Service Executive,342.0,2007-07-09,3,28191,Permanent,3.9,Active
893,BKAIEMP875278,Unnati,Jain,Unnati Jain,Female,2002-07-10,unnati.jain893@bankai.com,0646867752,90,Operations,Relationship Manager,529.0,2022-07-05,32,77460,Permanent,4.7,Active
894,BKAIEMP944750,Jeremiah,Muni,Jeremiah Muni,Male,1974-07-17,jeremiah.muni894@bankai.com,9910622723,80,Operations,Customer Service Executive,118.0,2024-07-04,0,25001,Permanent,4.7,Active
895,BKAIEMP973176,Rohan,Hari,Rohan Hari,Male,1973-07-17,rohan.hari895@bankai.com,5134261923,57,Risk Management,Relationship Manager,57.0,2023-07-05,1,64655,Permanent,5.0,Active
896,BKAIEMP790130,Omisha,Apte,Omisha Apte,Female,1966-07-19,omisha.apte896@bankai.com,8481973741,16,Risk Management,Customer Service Executive,150.0,2006-07-09,28,25709,Permanent,4.5,Active
897,BKAIEMP310083,Faraj,Bobal,Faraj Bobal,Male,1975-07-17,faraj.bobal897@bankai.com,4064176927,62,Customer Service,Operations Executive,297.0,2023-07-05,34,49292,Permanent,4.2,Active
898,BKAIEMP953009,Charan,Chakrabarti,Charan Chakrabarti,Male,1978-07-16,charan.chakrabarti898@bankai.com,3766014448,19,Retail Banking,Relationship Manager,291.0,2012-07-07,26,52872,Permanent,2.5,Active
899,BKAIEMP144702,Pranav,Chacko,Pranav Chacko,Male,1983-07-15,pranav.chacko899@bankai.com,1739739641,18,Compliance,Credit Analyst,741.0,2012-07-07,28,68147,Permanent,2.9,Active
900,BKAIEMP509599,Riya,Venkataraman,Riya Venkataraman,Female,1973-07-17,riya.venkataraman900@bankai.com,0919191135,9,Loans,Relationship Manager,672.0,2022-07-05,33,68059,Permanent,3.9,Active
901,BKAIEMP513064,Shravya,Baral,Shravya Baral,Female,2001-07-10,shravya.baral901@bankai.com,7798066039,83,Compliance,Relationship Manager,386.0,2011-07-08,19,56821,Permanent,4.8,Active
902,BKAIEMP717456,Chandran,Master,Chandran Master,Male,1968-07-18,chandran.master902@bankai.com,0745553470,45,Information Technology,Relationship Manager,633.0,2014-07-07,20,49428,Permanent,4.6,Active
903,BKAIEMP439381,Faris,Kadakia,Faris Kadakia,Male,1991-07-13,faris.kadakia903@bankai.com,6527155983,99,Operations,Relationship Manager,108.0,2021-07-05,30,70171,Permanent,3.6,Active
904,BKAIEMP562976,Chakradev,Ravi,Chakradev Ravi,Male,1982-07-15,chakradev.ravi904@bankai.com,9726347557,78,Retail Banking,Relationship Manager,179.0,2016-07-06,4,52055,Permanent,3.4,Inactive
905,BKAIEMP614958,Neel,Babu,Neel Babu,Male,1977-07-16,neel.babu905@bankai.com,3948848826,87,Customer Service,Relationship Manager,231.0,2020-07-05,16,55622,Permanent,3.8,Active
906,BKAIEMP313426,Chakradhar,Chana,Chakradhar Chana,Male,2003-07-10,chakradhar.chana906@bankai.com,4258562614,18,Retail Banking,Assistant Manager,369.0,2013-07-07,6,78621,Permanent,2.7,Active
907,BKAIEMP620277,Ojasvi,Kar,Ojasvi Kar,Female,1993-07-12,ojasvi.kar907@bankai.com,0382407333,27,Information Technology,Credit Analyst,848.0,2011-07-08,33,82823,Permanent,4.0,Active
908,BKAIEMP755853,Elijah,Arora,Elijah Arora,Male,1981-07-15,elijah.arora908@bankai.com,3097768893,10,Information Technology,Assistant Manager,81.0,2022-07-05,27,85637,Permanent,2.8,Active
909,BKAIEMP334903,Ryan,Ram,Ryan Ram,Male,1987-07-14,ryan.ram909@bankai.com,5465535851,33,Risk Management,Customer Service Executive,721.0,2015-07-07,1,27226,Permanent,2.9,Active
910,BKAIEMP740939,Devansh,Char,Devansh Char,Male,1973-07-17,devansh.char910@bankai.com,8519358374,40,Risk Management,Loan Officer,634.0,2025-07-04,33,42266,Permanent,4.8,Inactive
911,BKAIEMP373553,Theodore,Tank,Theodore Tank,Male,1993-07-12,theodore.tank911@bankai.com,1208780572,43,Retail Banking,Assistant Manager,143.0,2020-07-05,26,77926,Permanent,3.3,Active
912,BKAIEMP176453,Manya,Krishnan,Manya Krishnan,Female,1969-07-18,manya.krishnan912@bankai.com,9762637484,79,Retail Banking,Assistant Manager,355.0,2024-07-04,31,73639,Permanent,4.0,Active
913,BKAIEMP858466,Samar,Dhawan,Samar Dhawan,Male,2003-07-10,samar.dhawan913@bankai.com,0905911918,14,Retail Banking,Clerk,509.0,2010-07-08,17,25690,Permanent,3.6,Active
914,BKAIEMP158045,Kritika,Gola,Kritika Gola,Female,2004-07-09,kritika.gola914@bankai.com,0715116966,100,Operations,Clerk,548.0,2007-07-09,1,28215,Permanent,4.3,Active
915,BKAIEMP550592,Onveer,Goswami,Onveer Goswami,Male,1978-07-16,onveer.goswami915@bankai.com,4526471246,71,Loans,Operations Executive,119.0,2012-07-07,8,33866,Permanent,5.0,Active
916,BKAIEMP349739,Banjeet,Nori,Banjeet Nori,Male,1991-07-13,banjeet.nori916@bankai.com,1840908051,12,Information Technology,Cashier,11.0,2019-07-06,3,38535,Permanent,4.7,Active
917,BKAIEMP854793,Abeer,Agrawal,Abeer Agrawal,Male,1990-07-13,abeer.agrawal917@bankai.com,6409951239,8,Corporate Banking,Clerk,59.0,2022-07-05,0,29185,Permanent,2.6,Active
918,BKAIEMP236017,Ikbal,Pai,Ikbal Pai,Male,1967-07-19,ikbal.pai918@bankai.com,2959272827,51,Compliance,Loan Officer,674.0,2023-07-05,18,40033,Permanent,4.8,Active
919,BKAIEMP565087,Dipta,Muni,Dipta Muni,Female,1986-07-14,dipta.muni919@bankai.com,1529821739,47,Human Resources,Sales Executive,300.0,2006-07-09,14,38002,Permanent,3.2,Active
920,BKAIEMP839772,Utkarsh,Ramachandran,Utkarsh Ramachandran,Male,1966-07-19,utkarsh.ramachandran920@bankai.com,1815352373,63,Customer Service,Assistant Manager,81.0,2020-07-05,26,89886,Permanent,4.9,Active
921,BKAIEMP860124,Bhanumati,Srinivasan,Bhanumati Srinivasan,Female,1996-07-11,bhanumati.srinivasan921@bankai.com,8158998868,5,Operations,Relationship Manager,716.0,2012-07-07,23,74737,Contract,2.6,Active
922,BKAIEMP967359,Ekansh,Sem,Ekansh Sem,Male,2000-07-10,ekansh.sem922@bankai.com,4666617071,8,Customer Service,Customer Service Executive,876.0,2007-07-09,19,37580,Permanent,4.7,Active
923,BKAIEMP791982,Robert,Mohan,Robert Mohan,Male,1978-07-16,robert.mohan923@bankai.com,4080314998,69,Retail Banking,Relationship Manager,677.0,2017-07-06,11,47051,Permanent,3.4,Active
924,BKAIEMP949602,Akshay,Batta,Akshay Batta,Male,1968-07-18,akshay.batta924@bankai.com,6358068828,28,Retail Banking,Credit Analyst,350.0,2007-07-09,16,78447,Permanent,4.5,Active
925,BKAIEMP506963,Chavvi,Shankar,Chavvi Shankar,Female,1987-07-14,chavvi.shankar925@bankai.com,3513739900,69,Compliance,Sales Executive,435.0,2008-07-08,35,53567,Permanent,3.8,Active
926,BKAIEMP238278,Maanav,Agrawal,Maanav Agrawal,Male,2005-07-09,maanav.agrawal926@bankai.com,5263560229,36,Customer Service,Operations Executive,88.0,2019-07-06,15,47786,Permanent,3.9,Active
927,BKAIEMP920433,Siddharth,Mukherjee,Siddharth Mukherjee,Male,1967-07-19,siddharth.mukherjee927@bankai.com,4606664374,2,Corporate Banking,Loan Officer,315.0,2008-07-08,16,56036,Permanent,4.6,Active
928,BKAIEMP476149,Ansh,Sen,Ansh Sen,Male,1975-07-17,ansh.sen928@bankai.com,3111271285,82,Human Resources,Branch Manager,,2020-07-05,2,143557,Permanent,4.8,Active
929,BKAIEMP561834,Lucky,Yadav,Lucky Yadav,Male,1994-07-12,lucky.yadav929@bankai.com,4941163187,34,Customer Service,Loan Officer,266.0,2011-07-08,4,43337,Permanent,2.9,Active
930,BKAIEMP293205,Andrew,Singh,Andrew Singh,Male,1973-07-17,andrew.singh930@bankai.com,1130621136,57,Information Technology,Loan Officer,325.0,2025-07-04,2,49939,Permanent,4.3,Active
931,BKAIEMP666693,Ekbal,Sathe,Ekbal Sathe,Male,2003-07-10,ekbal.sathe931@bankai.com,8335090254,77,Operations,Customer Service Executive,359.0,2023-07-05,22,27538,Permanent,2.8,Active
932,BKAIEMP174861,Harish,Bhalla,Harish Bhalla,Male,1978-07-16,harish.bhalla932@bankai.com,6248132357,37,Loans,Customer Service Executive,26.0,2016-07-06,26,44889,Permanent,3.3,Active
933,BKAIEMP752126,Jason,Wadhwa,Jason Wadhwa,Male,2004-07-09,jason.wadhwa933@bankai.com,8228501168,21,Finance,Cashier,46.0,2017-07-06,18,29917,Permanent,2.6,Active
934,BKAIEMP921524,Hamsini,Nagy,Hamsini Nagy,Female,1968-07-18,hamsini.nagy934@bankai.com,0213060906,92,Finance,Customer Service Executive,221.0,2014-07-07,32,44093,Permanent,4.3,Active
935,BKAIEMP335490,Anita,Borah,Anita Borah,Female,1969-07-18,anita.borah935@bankai.com,7964967379,65,Information Technology,Assistant Manager,646.0,2009-07-08,4,84050,Permanent,4.3,Active
936,BKAIEMP791218,Wriddhish,Dua,Wriddhish Dua,Male,1972-07-17,wriddhish.dua936@bankai.com,8532426425,67,Compliance,Assistant Manager,325.0,2018-07-06,30,66390,Permanent,3.2,Active
937,BKAIEMP342106,Ekbal,Basak,Ekbal Basak,Male,1976-07-16,ekbal.basak937@bankai.com,6836253666,41,Corporate Banking,Operations Executive,710.0,2019-07-06,23,44582,Permanent,4.7,Active
938,BKAIEMP785066,Rishi,Sheth,Rishi Sheth,Male,1975-07-17,rishi.sheth938@bankai.com,5562833339,78,Operations,Customer Service Executive,460.0,2013-07-07,23,32528,Permanent,4.6,Active
939,BKAIEMP806850,Vincent,Rege,Vincent Rege,Male,1968-07-18,vincent.rege939@bankai.com,4362718749,86,Loans,Operations Executive,621.0,2018-07-06,26,39400,Permanent,2.8,Active
940,BKAIEMP763360,Ikbal,Nazareth,Ikbal Nazareth,Male,1993-07-12,ikbal.nazareth940@bankai.com,6862703692,24,Compliance,Relationship Manager,16.0,2021-07-05,31,52916,Permanent,4.4,Active
941,BKAIEMP974364,Sai,Hora,Sai Hora,Male,1978-07-16,sai.hora941@bankai.com,6573275998,4,Loans,Relationship Manager,75.0,2022-07-05,2,78744,Permanent,4.8,Active
942,BKAIEMP353162,Brijesh,Bail,Brijesh Bail,Male,1987-07-14,brijesh.bail942@bankai.com,0515532341,16,Finance,Cashier,919.0,2016-07-06,35,44381,Permanent,2.8,Active
943,BKAIEMP528736,Udant,Soman,Udant Soman,Male,1977-07-16,udant.soman943@bankai.com,2441822261,95,Risk Management,Credit Analyst,297.0,2011-07-08,28,58821,Permanent,4.3,Active
944,BKAIEMP108161,Gauri,Singh,Gauri Singh,Female,1968-07-18,gauri.singh944@bankai.com,3127102676,76,Finance,Customer Service Executive,691.0,2006-07-09,9,39861,Permanent,3.6,Active
945,BKAIEMP343545,Pratyush,Sastry,Pratyush Sastry,Male,1986-07-14,pratyush.sastry945@bankai.com,7079551512,64,Finance,Clerk,50.0,2008-07-08,6,30481,Permanent,3.9,Active
946,BKAIEMP894086,Ronith,Doctor,Ronith Doctor,Male,1994-07-12,ronith.doctor946@bankai.com,3541597099,19,Retail Banking,Cashier,834.0,2020-07-05,20,39107,Permanent,3.9,Active
947,BKAIEMP401825,Jonathan,Handa,Jonathan Handa,Male,1988-07-13,jonathan.handa947@bankai.com,8075203447,63,Compliance,Loan Officer,230.0,2021-07-05,7,53905,Contract,3.1,Active
948,BKAIEMP247852,Laban,Shanker,Laban Shanker,Male,1999-07-11,laban.shanker948@bankai.com,5802909046,27,Human Resources,Loan Officer,859.0,2010-07-08,17,46065,Permanent,4.8,Active
949,BKAIEMP612088,Rishi,Banik,Rishi Banik,Male,2004-07-09,rishi.banik949@bankai.com,6558665254,48,Operations,Sales Executive,289.0,2008-07-08,0,43975,Permanent,3.8,Active
950,BKAIEMP565992,Lohit,Loke,Lohit Loke,Male,1978-07-16,lohit.loke950@bankai.com,7158102131,64,Customer Service,Relationship Manager,89.0,2022-07-05,7,63248,Permanent,2.8,Active
951,BKAIEMP443005,Faraj,Khalsa,Faraj Khalsa,Male,1995-07-12,faraj.khalsa951@bankai.com,1005912975,65,Finance,Sales Executive,283.0,2012-07-07,4,50664,Permanent,4.2,Active
952,BKAIEMP554429,Ayaan,Dewan,Ayaan Dewan,Male,1999-07-11,ayaan.dewan952@bankai.com,1211063301,91,Human Resources,Credit Analyst,326.0,2020-07-05,2,86580,Permanent,4.7,Active
953,BKAIEMP714825,Gopal,Soni,Gopal Soni,Male,1981-07-15,gopal.soni953@bankai.com,7927490728,29,Operations,Branch Manager,,2018-07-06,8,151618,Permanent,4.5,Active
954,BKAIEMP641386,Hardik,Lall,Hardik Lall,Male,1992-07-12,hardik.lall954@bankai.com,8931132532,1,Risk Management,Relationship Manager,69.0,2011-07-08,5,58667,Permanent,2.6,Active
955,BKAIEMP768692,Samuel,Toor,Samuel Toor,Male,1983-07-15,samuel.toor955@bankai.com,3645380442,62,Human Resources,Customer Service Executive,673.0,2021-07-05,15,34833,Permanent,4.7,Active
956,BKAIEMP669810,Yatin,Padmanabhan,Yatin Padmanabhan,Male,1975-07-17,yatin.padmanabhan956@bankai.com,9617015959,38,Corporate Banking,Customer Service Executive,225.0,2023-07-05,22,34413,Permanent,3.6,Active
957,BKAIEMP792702,Nathaniel,Seshadri,Nathaniel Seshadri,Male,1998-07-11,nathaniel.seshadri957@bankai.com,7574758339,45,Risk Management,Relationship Manager,722.0,2022-07-05,20,76702,Permanent,4.7,Active
958,BKAIEMP632139,Samarth,Shroff,Samarth Shroff,Male,1992-07-12,samarth.shroff958@bankai.com,5677722660,53,Retail Banking,Assistant Manager,576.0,2016-07-06,17,68572,Permanent,3.5,Active
959,BKAIEMP381351,Falan,Ratta,Falan Ratta,Male,1974-07-17,falan.ratta959@bankai.com,0622923106,94,Operations,Loan Officer,348.0,2006-07-09,3,37990,Permanent,3.5,Active
960,BKAIEMP743095,Om,Hora,Om Hora,Male,1966-07-19,om.hora960@bankai.com,7624843379,43,Loans,Relationship Manager,620.0,2009-07-08,7,46305,Contract,2.6,Active
961,BKAIEMP904092,Gauri,Sura,Gauri Sura,Female,1970-07-18,gauri.sura961@bankai.com,5115794238,9,Retail Banking,Cashier,532.0,2020-07-05,22,36865,Permanent,5.0,Active
962,BKAIEMP940208,Yatan,Arya,Yatan Arya,Male,1995-07-12,yatan.arya962@bankai.com,2549691928,48,Finance,Operations Executive,424.0,2020-07-05,18,48119,Permanent,4.9,Active
963,BKAIEMP625860,Devansh,Pingle,Devansh Pingle,Male,1980-07-15,devansh.pingle963@bankai.com,1075633535,63,Retail Banking,Clerk,161.0,2017-07-06,6,26939,Permanent,4.1,Active
964,BKAIEMP787106,Onkar,Narula,Onkar Narula,Male,1980-07-15,onkar.narula964@bankai.com,2593993379,17,Customer Service,Operations Executive,883.0,2024-07-04,24,32507,Permanent,4.3,Active
965,BKAIEMP734254,Champak,Rajagopalan,Champak Rajagopalan,Male,1996-07-11,champak.rajagopalan965@bankai.com,9518779417,13,Information Technology,Branch Manager,,2014-07-07,34,115465,Permanent,4.6,Active
966,BKAIEMP387361,Ekbal,Patla,Ekbal Patla,Male,1976-07-16,ekbal.patla966@bankai.com,7330559782,26,Corporate Banking,Operations Executive,271.0,2006-07-09,19,48880,Permanent,3.2,Active
967,BKAIEMP398239,Nirja,Yadav,Nirja Yadav,Female,1971-07-18,nirja.yadav967@bankai.com,3991403884,65,Operations,Customer Service Executive,392.0,2026-07-04,30,41286,Permanent,4.9,Active
968,BKAIEMP516650,Aashi,Misra,Aashi Misra,Female,1991-07-13,aashi.misra968@bankai.com,3240061572,58,Finance,Cashier,489.0,2008-07-08,1,28570,Permanent,3.3,Active
969,BKAIEMP317770,Gaurangi,Sawhney,Gaurangi Sawhney,Female,1974-07-17,gaurangi.sawhney969@bankai.com,1474397429,76,Operations,Assistant Manager,86.0,2022-07-05,10,73211,Permanent,3.7,Active
970,BKAIEMP364266,David,Ben,David Ben,Male,1979-07-16,david.ben970@bankai.com,8752568065,40,Finance,Loan Officer,855.0,2022-07-05,31,37392,Permanent,3.9,Active
971,BKAIEMP933298,Anay,Mandal,Anay Mandal,Male,1974-07-17,anay.mandal971@bankai.com,9908027112,70,Compliance,Operations Executive,321.0,2006-07-09,35,37724,Permanent,4.3,Active
972,BKAIEMP210146,Gautami,Keer,Gautami Keer,Female,1978-07-16,gautami.keer972@bankai.com,5551651768,90,Corporate Banking,Clerk,385.0,2022-07-05,5,34400,Permanent,3.8,Active
973,BKAIEMP140959,Rudra,Dubey,Rudra Dubey,Male,1978-07-16,rudra.dubey973@bankai.com,3721433080,64,Loans,Sales Executive,642.0,2010-07-08,7,45964,Permanent,4.7,Active
974,BKAIEMP854914,Ansh,Basak,Ansh Basak,Male,1988-07-13,ansh.basak974@bankai.com,3228556608,67,Finance,Relationship Manager,630.0,2015-07-07,18,55875,Permanent,3.8,Active
975,BKAIEMP733882,Sarthak,Bir,Sarthak Bir,Male,1989-07-13,sarthak.bir975@bankai.com,3903397051,61,Compliance,Operations Executive,216.0,2016-07-06,33,54469,Permanent,4.6,Active
976,BKAIEMP433120,Fitan,Ranganathan,Fitan Ranganathan,Male,1979-07-16,fitan.ranganathan976@bankai.com,2809448586,23,Loans,Sales Executive,482.0,2024-07-04,0,30183,Permanent,3.0,Active
977,BKAIEMP755331,Kabir,Natt,Kabir Natt,Male,1976-07-16,kabir.natt977@bankai.com,5461470798,77,Loans,Cashier,69.0,2015-07-07,3,43322,Permanent,3.4,Active
978,BKAIEMP712859,Daksh,Barman,Daksh Barman,Male,1986-07-14,daksh.barman978@bankai.com,1339439457,48,Information Technology,Loan Officer,786.0,2014-07-07,27,51695,Permanent,4.1,Active
979,BKAIEMP393586,Jonathan,Kalla,Jonathan Kalla,Male,1994-07-12,jonathan.kalla979@bankai.com,4032537657,34,Information Technology,Relationship Manager,105.0,2022-07-05,13,79230,Permanent,4.4,Active
980,BKAIEMP946514,Xalak,Srinivasan,Xalak Srinivasan,Female,1966-07-19,xalak.srinivasan980@bankai.com,3191009004,86,Compliance,Customer Service Executive,215.0,2021-07-05,17,25087,Permanent,5.0,Active
981,BKAIEMP598560,Sai,Dutta,Sai Dutta,Female,2005-07-09,sai.dutta981@bankai.com,0533651460,42,Corporate Banking,Relationship Manager,918.0,2025-07-04,10,53976,Permanent,3.6,Active
982,BKAIEMP352468,Matthew,Dhar,Matthew Dhar,Male,1970-07-18,matthew.dhar982@bankai.com,7310720113,51,Risk Management,Customer Service Executive,793.0,2014-07-07,7,40547,Permanent,4.6,Active
983,BKAIEMP274185,Laban,Madan,Laban Madan,Male,1988-07-13,laban.madan983@bankai.com,9712316600,92,Loans,Customer Service Executive,861.0,2013-07-07,13,43366,Permanent,4.2,Active
984,BKAIEMP286659,Samuel,Gill,Samuel Gill,Male,2004-07-09,samuel.gill984@bankai.com,9014473404,47,Compliance,Credit Analyst,790.0,2015-07-07,22,77792,Permanent,3.9,Inactive
985,BKAIEMP883945,Aachal,Basu,Aachal Basu,Female,2005-07-09,aachal.basu985@bankai.com,8730451957,26,Compliance,Cashier,370.0,2010-07-08,11,31386,Permanent,3.3,Active
986,BKAIEMP736249,Rachit,Prabhu,Rachit Prabhu,Male,1988-07-13,rachit.prabhu986@bankai.com,5562965754,5,Customer Service,Loan Officer,658.0,2011-07-08,0,61102,Permanent,4.2,Active
987,BKAIEMP852908,Samar,Parsa,Samar Parsa,Male,1975-07-17,samar.parsa987@bankai.com,1942557782,78,Compliance,Clerk,503.0,2021-07-05,1,29756,Permanent,4.1,Active
988,BKAIEMP839916,Elijah,Om,Elijah Om,Male,1994-07-12,elijah.om988@bankai.com,9236161880,17,Corporate Banking,Cashier,430.0,2023-07-05,9,26836,Permanent,4.3,Active
989,BKAIEMP786927,Aahana,Kumar,Aahana Kumar,Female,1966-07-19,aahana.kumar989@bankai.com,3571558686,95,Retail Banking,Loan Officer,341.0,2016-07-06,12,46089,Permanent,4.0,Active
990,BKAIEMP536604,Samar,Cherian,Samar Cherian,Male,2002-07-10,samar.cherian990@bankai.com,7230817214,9,Operations,Clerk,845.0,2010-07-08,25,24416,Permanent,2.7,Active
991,BKAIEMP529131,Henry,Char,Henry Char,Male,1994-07-12,henry.char991@bankai.com,0004132114,82,Retail Banking,Relationship Manager,319.0,2018-07-06,32,67982,Permanent,3.7,Active
992,BKAIEMP221909,Praneel,Rau,Praneel Rau,Male,2000-07-10,praneel.rau992@bankai.com,9456534699,24,Corporate Banking,Clerk,191.0,2016-07-06,5,31685,Permanent,2.6,Active
993,BKAIEMP185222,Ansh,Swamy,Ansh Swamy,Male,1990-07-13,ansh.swamy993@bankai.com,7550476816,40,Operations,Customer Service Executive,766.0,2022-07-05,29,35174,Permanent,4.3,Active
994,BKAIEMP975849,Yatan,Bala,Yatan Bala,Male,1993-07-12,yatan.bala994@bankai.com,0717481131,35,Operations,Loan Officer,182.0,2017-07-06,14,51997,Permanent,3.2,Active
995,BKAIEMP571516,Jai,Singh,Jai Singh,Male,1995-07-12,jai.singh995@bankai.com,5487396102,5,Information Technology,Cashier,395.0,2022-07-05,33,42627,Permanent,5.0,Active
996,BKAIEMP317523,Tristan,Biswas,Tristan Biswas,Male,1984-07-14,tristan.biswas996@bankai.com,7496804918,90,Human Resources,Operations Executive,565.0,2018-07-06,18,32973,Permanent,3.0,Active
997,BKAIEMP790311,Manan,Gaba,Manan Gaba,Male,1994-07-12,manan.gaba997@bankai.com,4956121377,61,Loans,Credit Analyst,479.0,2008-07-08,33,71167,Permanent,3.4,Active
998,BKAIEMP108281,Gaurang,Puri,Gaurang Puri,Male,1995-07-12,gaurang.puri998@bankai.com,4235973711,54,Compliance,Operations Executive,343.0,2016-07-06,22,51229,Permanent,3.0,Active
999,BKAIEMP560333,Advik,Sarma,Advik Sarma,Male,1966-07-19,advik.sarma999@bankai.com,5608581670,59,Information Technology,Customer Service Executive,590.0,2013-07-07,1,38085,Permanent,3.1,Active
1000,BKAIEMP414754,Siddharth,Bhavsar,Siddharth Bhavsar,Male,2003-07-10,siddharth.bhavsar1000@bankai.com,1457683210,30,Human Resources,Cashier,111.0,2013-07-07,25,38955,Permanent,4.9,Active
1001,BKAIEMP725843,Girik,Hegde,Girik Hegde,Male,1972-07-17,girik.hegde1001@bankai.com,8584712961,26,Information Technology,Customer Service Executive,770.0,2022-07-05,19,29256,Permanent,4.5,Active
1002,BKAIEMP940422,Harrison,Din,Harrison Din,Male,1983-07-15,harrison.din1002@bankai.com,2605080184,59,Risk Management,Sales Executive,170.0,2012-07-07,9,30027,Permanent,3.0,Active
1003,BKAIEMP557754,Max,Devan,Max Devan,Male,2000-07-10,max.devan1003@bankai.com,3733777312,93,Operations,Relationship Manager,158.0,2009-07-08,13,69527,Permanent,2.9,Active
1004,BKAIEMP595248,Balendra,Dhingra,Balendra Dhingra,Male,1981-07-15,balendra.dhingra1004@bankai.com,8217819236,60,Operations,Cashier,782.0,2023-07-05,13,37700,Permanent,4.4,Active
1005,BKAIEMP725935,Tanvi,Bhasin,Tanvi Bhasin,Female,1980-07-15,tanvi.bhasin1005@bankai.com,0560356793,69,Corporate Banking,Credit Analyst,356.0,2011-07-08,27,88432,Permanent,4.7,Active
1006,BKAIEMP963227,Samar,Dugar,Samar Dugar,Male,2005-07-09,samar.dugar1006@bankai.com,9847169061,79,Information Technology,Cashier,770.0,2014-07-07,32,27531,Permanent,2.8,Active
1007,BKAIEMP502722,Anmol,Pingle,Anmol Pingle,Male,1994-07-12,anmol.pingle1007@bankai.com,6475489547,55,Loans,Cashier,292.0,2017-07-06,21,37675,Permanent,3.7,Active
1008,BKAIEMP815485,Ekantika,Singh,Ekantika Singh,Female,1972-07-17,ekantika.singh1008@bankai.com,1758891444,14,Compliance,Relationship Manager,826.0,2024-07-04,25,67694,Permanent,2.8,Active
1009,BKAIEMP234993,Jhalak,Munshi,Jhalak Munshi,Female,1969-07-18,jhalak.munshi1009@bankai.com,3935435864,65,Risk Management,Branch Manager,,2012-07-07,20,91518,Permanent,4.9,Active
1010,BKAIEMP878111,Ijaya,Dewan,Ijaya Dewan,Female,1998-07-11,ijaya.dewan1010@bankai.com,3588537982,78,Compliance,Loan Officer,515.0,2015-07-07,16,66034,Permanent,4.6,Inactive
1011,BKAIEMP657540,Harshil,Nazareth,Harshil Nazareth,Male,1981-07-15,harshil.nazareth1011@bankai.com,7536749785,87,Corporate Banking,Relationship Manager,154.0,2026-07-04,27,67093,Contract,4.3,Active
1012,BKAIEMP556013,Balendra,Krishnan,Balendra Krishnan,Male,2002-07-10,balendra.krishnan1012@bankai.com,6860134778,60,Customer Service,Customer Service Executive,41.0,2023-07-05,29,41043,Permanent,2.6,Active
1013,BKAIEMP904083,Shivansh,Issac,Shivansh Issac,Male,2004-07-09,shivansh.issac1013@bankai.com,0679176651,70,Customer Service,Cashier,184.0,2017-07-06,18,36694,Permanent,3.6,Active
1014,BKAIEMP657075,Pratyush,Bhagat,Pratyush Bhagat,Male,1980-07-15,pratyush.bhagat1014@bankai.com,1418842163,32,Loans,Relationship Manager,87.0,2009-07-08,2,51197,Permanent,2.9,Active
1015,BKAIEMP822460,Aashi,Choudhury,Aashi Choudhury,Female,1966-07-19,aashi.choudhury1015@bankai.com,9446333999,32,Human Resources,Cashier,583.0,2012-07-07,29,26331,Permanent,3.4,Active
1016,BKAIEMP500464,Kashish,Doshi,Kashish Doshi,Female,1973-07-17,kashish.doshi1016@bankai.com,8953263890,93,Corporate Banking,Customer Service Executive,346.0,2006-07-09,6,34895,Permanent,2.6,Active
1017,BKAIEMP977504,Krishna,Sunder,Krishna Sunder,Male,1978-07-16,krishna.sunder1017@bankai.com,1363379223,15,Operations,Customer Service Executive,585.0,2018-07-06,5,34935,Permanent,3.8,Active
1018,BKAIEMP325663,Jagdish,Morar,Jagdish Morar,Male,1978-07-16,jagdish.morar1018@bankai.com,9967331167,36,Loans,Assistant Manager,284.0,2010-07-08,30,82001,Permanent,3.5,Active
1019,BKAIEMP119628,Ranveer,Bajaj,Ranveer Bajaj,Male,1979-07-16,ranveer.bajaj1019@bankai.com,3768550789,85,Loans,Branch Manager,,2018-07-06,13,125003,Permanent,4.5,Active
1020,BKAIEMP331795,Harshil,Pradhan,Harshil Pradhan,Male,2001-07-10,harshil.pradhan1020@bankai.com,1962633556,79,Customer Service,Loan Officer,746.0,2007-07-09,20,65188,Permanent,4.1,Active
1021,BKAIEMP459609,Jack,Raghavan,Jack Raghavan,Male,1984-07-14,jack.raghavan1021@bankai.com,0931706955,41,Finance,Credit Analyst,843.0,2012-07-07,0,59946,Permanent,4.4,Active
1022,BKAIEMP522511,Tejas,Sehgal,Tejas Sehgal,Male,2003-07-10,tejas.sehgal1022@bankai.com,1645345472,85,Information Technology,Customer Service Executive,991.0,2024-07-04,16,40942,Permanent,3.4,Active
1023,BKAIEMP887331,Yauvani,Wali,Yauvani Wali,Female,1985-07-14,yauvani.wali1023@bankai.com,0650312198,58,Compliance,Cashier,31.0,2022-07-05,18,44167,Permanent,3.4,Active
1024,BKAIEMP683469,Zaitra,Kumer,Zaitra Kumer,Female,1974-07-17,zaitra.kumer1024@bankai.com,2426423642,31,Risk Management,Assistant Manager,270.0,2014-07-07,18,79894,Contract,2.8,Active
1025,BKAIEMP287299,Chakradhar,Ben,Chakradhar Ben,Male,1995-07-12,chakradhar.ben1025@bankai.com,4876230391,99,Risk Management,Relationship Manager,837.0,2015-07-07,18,59270,Permanent,4.0,Active
1026,BKAIEMP626704,Gaurav,Walla,Gaurav Walla,Male,1971-07-18,gaurav.walla1026@bankai.com,7852282305,69,Risk Management,Relationship Manager,462.0,2014-07-07,20,77429,Permanent,3.2,Active
1027,BKAIEMP402417,Advaith,Tella,Advaith Tella,Male,2005-07-09,advaith.tella1027@bankai.com,6220722395,69,Finance,Sales Executive,951.0,2006-07-09,25,35644,Permanent,2.7,Active
1028,BKAIEMP767331,Jason,Sha,Jason Sha,Male,2004-07-09,jason.sha1028@bankai.com,1329016204,80,Operations,Cashier,284.0,2007-07-09,12,41494,Contract,4.0,Active
1029,BKAIEMP274544,Siya,Raval,Siya Raval,Female,1969-07-18,siya.raval1029@bankai.com,8599648628,81,Compliance,Cashier,187.0,2015-07-07,15,25744,Permanent,4.7,Active
1030,BKAIEMP580005,Harshil,Borah,Harshil Borah,Male,1982-07-15,harshil.borah1030@bankai.com,4196664505,93,Operations,Sales Executive,359.0,2011-07-08,10,53356,Contract,3.3,Active
1031,BKAIEMP581498,Janaki,Saran,Janaki Saran,Female,1990-07-13,janaki.saran1031@bankai.com,7924632037,88,Information Technology,Relationship Manager,909.0,2019-07-06,29,56591,Contract,3.8,Active
1032,BKAIEMP356757,Viraj,Shroff,Viraj Shroff,Male,1976-07-16,viraj.shroff1032@bankai.com,3726032145,93,Corporate Banking,Cashier,15.0,2025-07-04,10,38315,Permanent,5.0,Active
1033,BKAIEMP850755,Reyansh,Sant,Reyansh Sant,Male,1971-07-18,reyansh.sant1033@bankai.com,9458870715,16,Information Technology,Cashier,49.0,2012-07-07,16,40755,Permanent,2.6,Active
1034,BKAIEMP481024,Yashica,Gandhi,Yashica Gandhi,Female,1980-07-15,yashica.gandhi1034@bankai.com,1284008385,92,Human Resources,Operations Executive,902.0,2013-07-07,2,34065,Permanent,4.6,Active
1035,BKAIEMP484265,Oliver,Sharma,Oliver Sharma,Male,1979-07-16,oliver.sharma1035@bankai.com,9545089177,85,Finance,Sales Executive,291.0,2019-07-06,10,56068,Permanent,3.2,Active
1036,BKAIEMP889056,Zehaan,Bhavsar,Zehaan Bhavsar,Male,1990-07-13,zehaan.bhavsar1036@bankai.com,6574223196,97,Customer Service,Cashier,702.0,2017-07-06,31,39571,Permanent,3.6,Active
1037,BKAIEMP255214,Ansh,Basu,Ansh Basu,Male,1972-07-17,ansh.basu1037@bankai.com,0236936268,37,Retail Banking,Assistant Manager,453.0,2015-07-07,8,78466,Permanent,3.2,Active
1038,BKAIEMP847717,Aadi,Bhatti,Aadi Bhatti,Male,1977-07-16,aadi.bhatti1038@bankai.com,0471372711,87,Customer Service,Customer Service Executive,317.0,2022-07-05,30,29801,Permanent,4.6,Active
1039,BKAIEMP255570,Quincy,Singh,Quincy Singh,Male,1968-07-18,quincy.singh1039@bankai.com,9885582984,2,Customer Service,Sales Executive,746.0,2010-07-08,19,54427,Permanent,3.8,Active
1040,BKAIEMP715656,Alka,Saraf,Alka Saraf,Female,1973-07-17,alka.saraf1040@bankai.com,4584760944,41,Human Resources,Clerk,767.0,2014-07-07,9,29950,Permanent,4.7,Active
1041,BKAIEMP458997,Isaac,Kanda,Isaac Kanda,Male,1991-07-13,isaac.kanda1041@bankai.com,7218856669,40,Operations,Cashier,460.0,2022-07-05,4,34119,Permanent,4.3,Active
1042,BKAIEMP980779,Jairaj,Gaba,Jairaj Gaba,Male,1972-07-17,jairaj.gaba1042@bankai.com,1506662670,30,Operations,Cashier,745.0,2025-07-04,0,38057,Permanent,4.9,Active
1043,BKAIEMP183306,Mitesh,Keer,Mitesh Keer,Male,2002-07-10,mitesh.keer1043@bankai.com,7693663439,58,Information Technology,Clerk,508.0,2019-07-06,34,26195,Permanent,3.0,Active
1044,BKAIEMP286049,Omisha,Puri,Omisha Puri,Female,2003-07-10,omisha.puri1044@bankai.com,1110286712,78,Customer Service,Loan Officer,569.0,2024-07-04,29,47452,Permanent,4.8,Active
1045,BKAIEMP338641,Gaurang,Bali,Gaurang Bali,Male,1990-07-13,gaurang.bali1045@bankai.com,4559102451,75,Information Technology,Loan Officer,978.0,2012-07-07,13,41440,Permanent,4.5,Active
1046,BKAIEMP563363,Anmol,Acharya,Anmol Acharya,Male,2000-07-10,anmol.acharya1046@bankai.com,2671494981,61,Operations,Relationship Manager,205.0,2009-07-08,7,59089,Permanent,3.2,Active
1047,BKAIEMP915158,Bachittar,Shere,Bachittar Shere,Male,1993-07-12,bachittar.shere1047@bankai.com,2817934065,76,Information Technology,Credit Analyst,935.0,2026-07-04,28,66498,Permanent,4.0,Active
1048,BKAIEMP397539,Praneel,Upadhyay,Praneel Upadhyay,Male,1986-07-14,praneel.upadhyay1048@bankai.com,4663453372,34,Human Resources,Customer Service Executive,510.0,2016-07-06,32,34020,Permanent,3.8,Active
1049,BKAIEMP611265,Ayushman,Dalal,Ayushman Dalal,Male,2005-07-09,ayushman.dalal1049@bankai.com,1722145593,41,Human Resources,Operations Executive,964.0,2011-07-08,11,35345,Permanent,4.4,Active
1050,BKAIEMP768868,Darsh,Mittal,Darsh Mittal,Male,1971-07-18,darsh.mittal1050@bankai.com,7052635100,24,Operations,Sales Executive,223.0,2019-07-06,21,36986,Permanent,3.3,Active
1051,BKAIEMP698745,Yuvraj,Sheth,Yuvraj Sheth,Male,1996-07-11,yuvraj.sheth1051@bankai.com,5725659202,42,Loans,Operations Executive,394.0,2014-07-07,13,35628,Permanent,4.0,Active
1052,BKAIEMP917632,Widisha,Natt,Widisha Natt,Female,1988-07-13,widisha.natt1052@bankai.com,0238974326,30,Customer Service,Clerk,967.0,2017-07-06,26,28075,Permanent,3.3,Active
1053,BKAIEMP690648,Pavani,Pradhan,Pavani Pradhan,Female,1980-07-15,pavani.pradhan1053@bankai.com,0178332584,98,Risk Management,Cashier,12.0,2014-07-07,27,26812,Contract,3.4,Active
1054,BKAIEMP958294,Indira,Saran,Indira Saran,Female,1993-07-12,indira.saran1054@bankai.com,7984870450,27,Customer Service,Operations Executive,604.0,2015-07-07,1,30775,Permanent,4.5,Active
1055,BKAIEMP747554,Warjas,Sahni,Warjas Sahni,Male,1973-07-17,warjas.sahni1055@bankai.com,9935937440,57,Customer Service,Relationship Manager,219.0,2024-07-04,13,60934,Permanent,4.3,Active
1056,BKAIEMP919176,Rudra,Lanka,Rudra Lanka,Male,1981-07-15,rudra.lanka1056@bankai.com,8303736060,89,Compliance,Clerk,512.0,2018-07-06,2,31940,Permanent,2.6,Active
1057,BKAIEMP398042,Sathvik,Babu,Sathvik Babu,Male,1998-07-11,sathvik.babu1057@bankai.com,9079388413,61,Loans,Customer Service Executive,152.0,2016-07-06,28,38558,Permanent,4.7,Active
1058,BKAIEMP357138,Gaurang,Iyer,Gaurang Iyer,Male,1985-07-14,gaurang.iyer1058@bankai.com,6153701242,74,Human Resources,Customer Service Executive,534.0,2009-07-08,28,42400,Permanent,4.2,Active
1059,BKAIEMP994889,Gaurika,Sandhu,Gaurika Sandhu,Female,1982-07-15,gaurika.sandhu1059@bankai.com,2514488112,99,Compliance,Sales Executive,440.0,2021-07-05,20,40527,Permanent,3.7,Active
1060,BKAIEMP732938,Bachittar,Madan,Bachittar Madan,Male,2004-07-09,bachittar.madan1060@bankai.com,1751887817,18,Corporate Banking,Operations Executive,842.0,2013-07-07,16,42986,Permanent,4.5,Active
1061,BKAIEMP116988,Pranav,Chanda,Pranav Chanda,Male,1969-07-18,pranav.chanda1061@bankai.com,2638409112,56,Retail Banking,Clerk,1033.0,2016-07-06,23,34945,Permanent,3.2,Active
1062,BKAIEMP685410,Gunbir,Srinivas,Gunbir Srinivas,Male,1998-07-11,gunbir.srinivas1062@bankai.com,0566186323,69,Loans,Assistant Manager,1052.0,2024-07-04,5,78806,Contract,4.0,Inactive
1063,BKAIEMP957479,Bhavna,Karan,Bhavna Karan,Female,1988-07-13,bhavna.karan1063@bankai.com,8765530073,60,Compliance,Operations Executive,312.0,2006-07-09,27,40827,Permanent,4.1,Active
1064,BKAIEMP122527,Abhiram,Pradhan,Abhiram Pradhan,Male,1980-07-15,abhiram.pradhan1064@bankai.com,6057121988,74,Customer Service,Operations Executive,14.0,2007-07-09,27,42777,Permanent,3.1,Active
1065,BKAIEMP658224,Warjas,Talwar,Warjas Talwar,Male,1976-07-16,warjas.talwar1065@bankai.com,1905348640,84,Operations,Loan Officer,727.0,2008-07-08,20,45001,Permanent,2.9,Active
1066,BKAIEMP917326,Ekapad,Kuruvilla,Ekapad Kuruvilla,Male,1997-07-11,ekapad.kuruvilla1066@bankai.com,2456185174,70,Finance,Customer Service Executive,142.0,2016-07-06,2,35332,Contract,4.1,Active
1067,BKAIEMP327788,Agastya,Mane,Agastya Mane,Male,1983-07-15,agastya.mane1067@bankai.com,2128991511,4,Loans,Clerk,901.0,2023-07-05,14,28145,Permanent,4.7,Active
1068,BKAIEMP518568,David,Goswami,David Goswami,Male,1993-07-12,david.goswami1068@bankai.com,9130448818,27,Risk Management,Assistant Manager,256.0,2024-07-04,28,65737,Permanent,3.9,Active
1069,BKAIEMP876619,Manthan,Chaudhry,Manthan Chaudhry,Male,1967-07-19,manthan.chaudhry1069@bankai.com,0461540211,46,Finance,Relationship Manager,851.0,2020-07-05,31,58784,Contract,4.5,Active
1070,BKAIEMP116929,William,Basak,William Basak,Male,2005-07-09,william.basak1070@bankai.com,5681429831,49,Risk Management,Relationship Manager,820.0,2023-07-05,29,68244,Permanent,3.3,Active
1071,BKAIEMP835276,Damini,Badal,Damini Badal,Female,2000-07-10,damini.badal1071@bankai.com,3228360849,84,Risk Management,Customer Service Executive,966.0,2026-07-04,14,34001,Permanent,4.7,Active
1072,BKAIEMP234163,Kashish,Bhargava,Kashish Bhargava,Female,1972-07-17,kashish.bhargava1072@bankai.com,3963845269,20,Loans,Relationship Manager,963.0,2025-07-04,0,49009,Permanent,3.0,Active
1073,BKAIEMP539604,Krish,Krish,Krish Krish,Male,1994-07-12,krish.krish1073@bankai.com,6497016934,23,Human Resources,Customer Service Executive,311.0,2021-07-05,10,36962,Permanent,2.8,Active
1074,BKAIEMP982298,Darpan,Kothari,Darpan Kothari,Male,1989-07-13,darpan.kothari1074@bankai.com,0330162341,80,Finance,Loan Officer,59.0,2026-07-04,23,56730,Permanent,3.7,Active
1075,BKAIEMP495351,Christopher,Atwal,Christopher Atwal,Male,1967-07-19,christopher.atwal1075@bankai.com,1537221556,93,Human Resources,Cashier,348.0,2021-07-05,34,28280,Permanent,4.7,Active
1076,BKAIEMP586993,Vamakshi,Jaggi,Vamakshi Jaggi,Female,1979-07-16,vamakshi.jaggi1076@bankai.com,3653377460,69,Compliance,Relationship Manager,276.0,2007-07-09,30,45047,Permanent,3.7,Active
1077,BKAIEMP743416,Vincent,Dutt,Vincent Dutt,Male,1999-07-11,vincent.dutt1077@bankai.com,0784361424,62,Compliance,Customer Service Executive,402.0,2022-07-05,23,32186,Permanent,4.5,Active
1078,BKAIEMP396012,Abhimanyu,Solanki,Abhimanyu Solanki,Male,1966-07-19,abhimanyu.solanki1078@bankai.com,9754373476,14,Operations,Operations Executive,464.0,2018-07-06,25,36049,Permanent,3.3,Active
1079,BKAIEMP705203,Imaran,Sarma,Imaran Sarma,Male,1988-07-13,imaran.sarma1079@bankai.com,0376388214,98,Loans,Customer Service Executive,672.0,2013-07-07,33,37280,Permanent,3.9,Active
1080,BKAIEMP762574,Chandran,Magar,Chandran Magar,Male,2002-07-10,chandran.magar1080@bankai.com,6019134438,26,Loans,Credit Analyst,30.0,2022-07-05,24,52235,Permanent,3.1,Active
1081,BKAIEMP296868,Gavin,Taneja,Gavin Taneja,Male,1969-07-18,gavin.taneja1081@bankai.com,2058695073,52,Compliance,Cashier,440.0,2012-07-07,22,33611,Permanent,2.8,Active
1082,BKAIEMP295370,Unnati,Krishnamurthy,Unnati Krishnamurthy,Female,1989-07-13,unnati.krishnamurthy1082@bankai.com,9369995167,44,Compliance,Credit Analyst,935.0,2023-07-05,21,72437,Permanent,3.2,Active
1083,BKAIEMP232359,Nicholas,Bath,Nicholas Bath,Male,1999-07-11,nicholas.bath1083@bankai.com,5738573680,30,Compliance,Assistant Manager,228.0,2023-07-05,34,78037,Permanent,2.8,Active
1084,BKAIEMP629241,Ekapad,Kashyap,Ekapad Kashyap,Male,1994-07-12,ekapad.kashyap1084@bankai.com,0376811872,51,Human Resources,Customer Service Executive,400.0,2022-07-05,5,32269,Permanent,3.0,Active
1085,BKAIEMP650549,Qasim,Chatterjee,Qasim Chatterjee,Male,2002-07-10,qasim.chatterjee1085@bankai.com,4096149731,69,Finance,Operations Executive,472.0,2010-07-08,33,35464,Permanent,2.8,Active
1086,BKAIEMP667092,Daniel,Chander,Daniel Chander,Male,1966-07-19,daniel.chander1086@bankai.com,9830748207,55,Operations,Customer Service Executive,571.0,2025-07-04,9,38135,Permanent,4.8,Inactive
1087,BKAIEMP856597,Daksha,Chakrabarti,Daksha Chakrabarti,Female,1986-07-14,daksha.chakrabarti1087@bankai.com,9406557820,1,Corporate Banking,Cashier,515.0,2009-07-08,8,35210,Permanent,4.3,Active
1088,BKAIEMP250776,Laksh,Hans,Laksh Hans,Male,1975-07-17,laksh.hans1088@bankai.com,2302333247,21,Operations,Operations Executive,802.0,2021-07-05,8,51170,Permanent,4.0,Active
1089,BKAIEMP247262,Ekalinga,Balay,Ekalinga Balay,Male,1980-07-15,ekalinga.balay1089@bankai.com,3546212760,16,Information Technology,Loan Officer,311.0,2020-07-05,17,64057,Permanent,3.2,Active
1090,BKAIEMP207596,Gagan,Salvi,Gagan Salvi,Male,1967-07-19,gagan.salvi1090@bankai.com,1231261632,61,Operations,Customer Service Executive,898.0,2017-07-06,33,29091,Permanent,4.0,Active
1091,BKAIEMP385320,Zilmil,Narayan,Zilmil Narayan,Female,2003-07-10,zilmil.narayan1091@bankai.com,2989376297,49,Customer Service,Operations Executive,232.0,2006-07-09,21,45287,Permanent,2.9,Active
1092,BKAIEMP335545,Jalsa,Bahri,Jalsa Bahri,Female,1972-07-17,jalsa.bahri1092@bankai.com,6468719120,14,Corporate Banking,Cashier,743.0,2019-07-06,18,41204,Permanent,4.9,Active
1093,BKAIEMP983241,Wriddhish,Rana,Wriddhish Rana,Male,1988-07-13,wriddhish.rana1093@bankai.com,0828323089,33,Human Resources,Sales Executive,674.0,2013-07-07,17,51855,Permanent,5.0,Active
1094,BKAIEMP714239,Benjamin,Nori,Benjamin Nori,Male,1974-07-17,benjamin.nori1094@bankai.com,4458220673,29,Information Technology,Sales Executive,889.0,2018-07-06,15,33406,Contract,4.6,Active
1095,BKAIEMP799984,Ethan,Sathe,Ethan Sathe,Male,1981-07-15,ethan.sathe1095@bankai.com,6815724500,6,Information Technology,Customer Service Executive,221.0,2008-07-08,33,28230,Permanent,2.8,Active
1096,BKAIEMP954886,Alexander,Chacko,Alexander Chacko,Male,1980-07-15,alexander.chacko1096@bankai.com,2911371785,92,Retail Banking,Customer Service Executive,712.0,2006-07-09,26,39425,Permanent,3.9,Active
1097,BKAIEMP801569,Falguni,Pandit,Falguni Pandit,Female,2004-07-09,falguni.pandit1097@bankai.com,6184442182,28,Information Technology,Sales Executive,371.0,2026-07-04,27,50660,Contract,2.7,Active
1098,BKAIEMP476007,Waida,Mani,Waida Mani,Female,1983-07-15,waida.mani1098@bankai.com,8122489056,46,Operations,Operations Executive,567.0,2012-07-07,16,31566,Permanent,4.2,Active
1099,BKAIEMP908251,Urishilla,Sibal,Urishilla Sibal,Female,1970-07-18,urishilla.sibal1099@bankai.com,0900436551,83,Finance,Relationship Manager,822.0,2015-07-07,35,56275,Permanent,4.6,Active
1100,BKAIEMP431910,Falan,Ravel,Falan Ravel,Male,1986-07-14,falan.ravel1100@bankai.com,9136248355,13,Corporate Banking,Operations Executive,832.0,2016-07-06,14,50375,Permanent,3.0,Active
1101,BKAIEMP453371,Frederick,Prashad,Frederick Prashad,Male,1977-07-16,frederick.prashad1101@bankai.com,8070633699,47,Loans,Operations Executive,346.0,2016-07-06,22,30521,Permanent,4.0,Active
1102,BKAIEMP664400,Raagini,Badal,Raagini Badal,Female,1994-07-12,raagini.badal1102@bankai.com,2104016481,51,Information Technology,Customer Service Executive,156.0,2020-07-05,35,28059,Permanent,4.0,Active
1103,BKAIEMP658710,Kalpit,Kuruvilla,Kalpit Kuruvilla,Male,1983-07-15,kalpit.kuruvilla1103@bankai.com,8773836381,51,Loans,Loan Officer,789.0,2023-07-05,21,54261,Permanent,4.9,Active
1104,BKAIEMP674606,Faras,Bhatti,Faras Bhatti,Male,1996-07-11,faras.bhatti1104@bankai.com,6942894642,86,Customer Service,Sales Executive,54.0,2011-07-08,15,37355,Permanent,5.0,Active
1105,BKAIEMP252438,Dhruv,Pillay,Dhruv Pillay,Male,2005-07-09,dhruv.pillay1105@bankai.com,3144170646,38,Operations,Customer Service Executive,43.0,2007-07-09,13,40835,Permanent,3.5,Active
1106,BKAIEMP709113,Maanav,Basak,Maanav Basak,Male,1980-07-15,maanav.basak1106@bankai.com,6355824301,81,Information Technology,Cashier,793.0,2018-07-06,33,36926,Permanent,3.2,Active
1107,BKAIEMP666618,Tripti,Mammen,Tripti Mammen,Female,1983-07-15,tripti.mammen1107@bankai.com,8988031538,10,Loans,Clerk,659.0,2019-07-06,20,30819,Permanent,2.7,Active
1108,BKAIEMP428712,Manya,Narula,Manya Narula,Female,1999-07-11,manya.narula1108@bankai.com,7905040433,78,Operations,Operations Executive,714.0,2006-07-09,34,48155,Permanent,3.1,Active
1109,BKAIEMP621281,Indali,Vora,Indali Vora,Female,1968-07-18,indali.vora1109@bankai.com,9516321119,56,Corporate Banking,Cashier,351.0,2026-07-04,28,43348,Permanent,4.1,Active
1110,BKAIEMP815136,David,Bava,David Bava,Male,1983-07-15,david.bava1110@bankai.com,3913732653,9,Customer Service,Operations Executive,517.0,2026-07-04,4,53383,Permanent,3.6,Active
1111,BKAIEMP424875,Balvan,Chacko,Balvan Chacko,Male,1971-07-18,balvan.chacko1111@bankai.com,5617868800,90,Customer Service,Cashier,677.0,2019-07-06,28,43673,Permanent,3.8,Active
1112,BKAIEMP107104,Amruta,Chhabra,Amruta Chhabra,Female,1966-07-19,amruta.chhabra1112@bankai.com,6182980365,7,Finance,Clerk,246.0,2024-07-04,20,32057,Permanent,3.5,Active
1113,BKAIEMP976336,Lucky,Dar,Lucky Dar,Male,1994-07-12,lucky.dar1113@bankai.com,0936595201,4,Compliance,Clerk,245.0,2016-07-06,11,23459,Permanent,3.5,Active
1114,BKAIEMP830244,David,Vora,David Vora,Male,1975-07-17,david.vora1114@bankai.com,1843368750,18,Finance,Sales Executive,375.0,2023-07-05,24,40197,Permanent,4.3,Active
1115,BKAIEMP310351,Gunbir,Garde,Gunbir Garde,Male,1991-07-13,gunbir.garde1115@bankai.com,3998213745,45,Corporate Banking,Relationship Manager,696.0,2012-07-07,25,51162,Permanent,2.6,Active
1116,BKAIEMP200128,Charita,Kumer,Charita Kumer,Female,1995-07-12,charita.kumer1116@bankai.com,4288605053,1,Human Resources,Assistant Manager,26.0,2026-07-04,23,70710,Permanent,2.6,Active
1117,BKAIEMP297637,Teerth,Batra,Teerth Batra,Male,1966-07-19,teerth.batra1117@bankai.com,1260030835,64,Loans,Sales Executive,1097.0,2020-07-05,11,41313,Permanent,4.2,Active
1118,BKAIEMP840680,Chaitanya,Bala,Chaitanya Bala,Male,1994-07-12,chaitanya.bala1118@bankai.com,2715312345,65,Loans,Relationship Manager,912.0,2026-07-04,28,47541,Contract,4.7,Active
1119,BKAIEMP213010,Gavin,Sarin,Gavin Sarin,Male,1983-07-15,gavin.sarin1119@bankai.com,7768293844,88,Loans,Clerk,1062.0,2021-07-05,18,23633,Permanent,4.0,Inactive
1120,BKAIEMP972174,Nidra,Ahluwalia,Nidra Ahluwalia,Female,1981-07-15,nidra.ahluwalia1120@bankai.com,3543788260,58,Corporate Banking,Clerk,135.0,2016-07-06,35,26034,Permanent,3.1,Active
1121,BKAIEMP161471,David,Bera,David Bera,Male,1975-07-17,david.bera1121@bankai.com,5709085991,85,Information Technology,Cashier,203.0,2010-07-08,22,27980,Permanent,3.3,Active
1122,BKAIEMP893691,Gavin,Babu,Gavin Babu,Male,1971-07-18,gavin.babu1122@bankai.com,4926999699,83,Operations,Customer Service Executive,579.0,2016-07-06,25,29439,Permanent,3.0,Active
1123,BKAIEMP614290,Vedant,Chakraborty,Vedant Chakraborty,Male,2004-07-09,vedant.chakraborty1123@bankai.com,2859693259,63,Corporate Banking,Cashier,659.0,2009-07-08,5,40863,Permanent,3.3,Inactive
1124,BKAIEMP653176,Yamini,Mukherjee,Yamini Mukherjee,Female,2003-07-10,yamini.mukherjee1124@bankai.com,2312342669,25,Corporate Banking,Operations Executive,629.0,2008-07-08,3,54505,Permanent,3.9,Active
1125,BKAIEMP417661,Alka,Solanki,Alka Solanki,Female,1981-07-15,alka.solanki1125@bankai.com,6176072348,25,Finance,Customer Service Executive,1102.0,2025-07-04,3,39214,Permanent,3.8,Active
1126,BKAIEMP203442,Imaran,Nanda,Imaran Nanda,Male,1976-07-16,imaran.nanda1126@bankai.com,3828040561,24,Operations,Operations Executive,656.0,2024-07-04,13,53397,Permanent,3.0,Active
1127,BKAIEMP822877,Teerth,Om,Teerth Om,Male,1998-07-11,teerth.om1127@bankai.com,8269582641,38,Retail Banking,Credit Analyst,493.0,2016-07-06,13,61603,Contract,4.6,Active
1128,BKAIEMP727836,Saanvi,Padmanabhan,Saanvi Padmanabhan,Female,1990-07-13,saanvi.padmanabhan1128@bankai.com,1308761238,80,Customer Service,Assistant Manager,866.0,2008-07-08,9,83270,Permanent,4.1,Active
1129,BKAIEMP529080,Dipta,Krishnamurthy,Dipta Krishnamurthy,Female,2005-07-09,dipta.krishnamurthy1129@bankai.com,4682394840,54,Risk Management,Operations Executive,773.0,2018-07-06,17,36209,Permanent,3.7,Active
1130,BKAIEMP235149,Isaac,Agarwal,Isaac Agarwal,Male,1991-07-13,isaac.agarwal1130@bankai.com,8696610168,10,Corporate Banking,Cashier,237.0,2021-07-05,28,41008,Permanent,3.8,Active
1131,BKAIEMP398641,Inaya,Natt,Inaya Natt,Female,1971-07-18,inaya.natt1131@bankai.com,0168094149,37,Customer Service,Clerk,536.0,2023-07-05,25,34468,Permanent,4.6,Active
1132,BKAIEMP310541,Vasana,Reddy,Vasana Reddy,Female,1997-07-11,vasana.reddy1132@bankai.com,8397620534,67,Retail Banking,Customer Service Executive,961.0,2011-07-08,31,28582,Permanent,2.6,Active
1133,BKAIEMP353495,Thomas,Savant,Thomas Savant,Male,1978-07-16,thomas.savant1133@bankai.com,6207266292,79,Finance,Operations Executive,898.0,2022-07-05,4,44484,Permanent,2.6,Active
1134,BKAIEMP860123,Charita,Swamy,Charita Swamy,Female,1985-07-14,charita.swamy1134@bankai.com,6029914068,6,Information Technology,Relationship Manager,30.0,2022-07-05,13,67370,Permanent,3.1,Active
1135,BKAIEMP510320,Gunbir,Issac,Gunbir Issac,Male,1981-07-15,gunbir.issac1135@bankai.com,7312552356,20,Customer Service,Credit Analyst,1036.0,2024-07-04,3,64761,Permanent,3.0,Active
1136,BKAIEMP984392,Balveer,Shetty,Balveer Shetty,Male,1990-07-13,balveer.shetty1136@bankai.com,3211920613,78,Human Resources,Sales Executive,590.0,2009-07-08,4,35278,Permanent,4.9,Active
1137,BKAIEMP118310,Nathan,Deo,Nathan Deo,Male,1966-07-19,nathan.deo1137@bankai.com,7895613371,93,Loans,Cashier,659.0,2015-07-07,34,26259,Permanent,2.8,Active
1138,BKAIEMP906035,Kevin,Bawa,Kevin Bawa,Male,1969-07-18,kevin.bawa1138@bankai.com,9502648016,16,Operations,Customer Service Executive,73.0,2008-07-08,24,42877,Permanent,4.1,Active
1139,BKAIEMP818914,Kashish,Seth,Kashish Seth,Female,1966-07-19,kashish.seth1139@bankai.com,4167812778,50,Compliance,Customer Service Executive,487.0,2011-07-08,18,33193,Permanent,5.0,Active
1140,BKAIEMP477629,Advika,Edwin,Advika Edwin,Female,1991-07-13,advika.edwin1140@bankai.com,7982134862,19,Customer Service,Relationship Manager,358.0,2014-07-07,34,61856,Permanent,3.4,Active
1141,BKAIEMP530305,Xalak,Sarma,Xalak Sarma,Female,1971-07-18,xalak.sarma1141@bankai.com,6383182856,30,Risk Management,Relationship Manager,257.0,2006-07-09,29,68130,Permanent,3.5,Active
1142,BKAIEMP586032,Umang,Bajaj,Umang Bajaj,Male,1982-07-15,umang.bajaj1142@bankai.com,9866177067,44,Finance,Cashier,817.0,2022-07-05,24,42364,Permanent,3.0,Active
1143,BKAIEMP585884,Ethan,Aurora,Ethan Aurora,Male,1970-07-18,ethan.aurora1143@bankai.com,0682122355,98,Risk Management,Sales Executive,768.0,2006-07-09,23,40056,Permanent,2.9,Active
1144,BKAIEMP153357,Qadim,Aurora,Qadim Aurora,Male,1993-07-12,qadim.aurora1144@bankai.com,8714692182,28,Finance,Loan Officer,1130.0,2021-07-05,26,60184,Contract,3.6,Active
1145,BKAIEMP386596,Nihal,Rao,Nihal Rao,Male,1969-07-18,nihal.rao1145@bankai.com,9089843699,99,Loans,Relationship Manager,824.0,2008-07-08,11,57963,Permanent,3.3,Active
1146,BKAIEMP431575,Adweta,Dutt,Adweta Dutt,Female,1966-07-19,adweta.dutt1146@bankai.com,0509386948,98,Information Technology,Operations Executive,1087.0,2006-07-09,31,31156,Permanent,4.5,Active
1147,BKAIEMP447611,Om,Vala,Om Vala,Male,2000-07-10,om.vala1147@bankai.com,1457887071,41,Finance,Sales Executive,416.0,2022-07-05,3,36979,Permanent,2.7,Active
1148,BKAIEMP598165,Sai,Sem,Sai Sem,Male,1984-07-14,sai.sem1148@bankai.com,7382097461,91,Loans,Credit Analyst,594.0,2017-07-06,28,56651,Permanent,2.9,Active
1149,BKAIEMP265969,Yug,Wali,Yug Wali,Male,1970-07-18,yug.wali1149@bankai.com,6829968722,71,Compliance,Relationship Manager,576.0,2019-07-06,26,52429,Permanent,2.9,Active
1150,BKAIEMP595780,Indira,Tak,Indira Tak,Female,1981-07-15,indira.tak1150@bankai.com,8580623504,62,Loans,Relationship Manager,41.0,2008-07-08,24,68749,Contract,4.0,Active
1151,BKAIEMP456281,Sai,Narula,Sai Narula,Female,2000-07-10,sai.narula1151@bankai.com,9001248255,48,Corporate Banking,Clerk,363.0,2022-07-05,22,32224,Permanent,3.5,Active
1152,BKAIEMP765030,Zaitra,Ramaswamy,Zaitra Ramaswamy,Female,1985-07-14,zaitra.ramaswamy1152@bankai.com,9632594232,38,Corporate Banking,Sales Executive,727.0,2007-07-09,12,56192,Permanent,4.1,Active
1153,BKAIEMP301350,Shivani,Kapadia,Shivani Kapadia,Female,1973-07-17,shivani.kapadia1153@bankai.com,8915624152,36,Human Resources,Cashier,49.0,2011-07-08,16,35438,Permanent,2.6,Active
1154,BKAIEMP453913,Gaurav,Oza,Gaurav Oza,Male,2003-07-10,gaurav.oza1154@bankai.com,2926933589,35,Compliance,Cashier,165.0,2016-07-06,27,43064,Permanent,4.7,Active
1155,BKAIEMP499162,Zayyan,Cherian,Zayyan Cherian,Male,1993-07-12,zayyan.cherian1155@bankai.com,5507846850,61,Risk Management,Customer Service Executive,796.0,2025-07-04,19,33856,Permanent,3.3,Active
1156,BKAIEMP841637,Mitali,Lal,Mitali Lal,Female,1984-07-14,mitali.lal1156@bankai.com,0349189117,17,Finance,Sales Executive,536.0,2009-07-08,26,36321,Permanent,3.2,Active
1157,BKAIEMP633506,Arunima,Issac,Arunima Issac,Female,1998-07-11,arunima.issac1157@bankai.com,9340153641,3,Loans,Assistant Manager,220.0,2019-07-06,20,62438,Permanent,2.7,Active
1158,BKAIEMP110113,Chatura,Narain,Chatura Narain,Male,2005-07-09,chatura.narain1158@bankai.com,3132593678,95,Finance,Assistant Manager,145.0,2022-07-05,4,79095,Permanent,4.7,Active
1159,BKAIEMP742321,Vanya,Nadig,Vanya Nadig,Female,1998-07-11,vanya.nadig1159@bankai.com,0942141052,8,Loans,Sales Executive,409.0,2024-07-04,6,36080,Permanent,4.9,Active
1160,BKAIEMP851807,Zarna,Dara,Zarna Dara,Female,2000-07-10,zarna.dara1160@bankai.com,8092704523,50,Finance,Loan Officer,1085.0,2020-07-05,3,66198,Permanent,4.3,Active
1161,BKAIEMP564012,Priya,Ratti,Priya Ratti,Female,1994-07-12,priya.ratti1161@bankai.com,2586605986,65,Retail Banking,Cashier,163.0,2021-07-05,3,31478,Permanent,4.7,Active
1162,BKAIEMP297340,Logan,Misra,Logan Misra,Male,1994-07-12,logan.misra1162@bankai.com,2758548596,42,Operations,Relationship Manager,333.0,2014-07-07,4,64445,Permanent,3.8,Active
1163,BKAIEMP656322,Maanas,Gokhale,Maanas Gokhale,Male,2005-07-09,maanas.gokhale1163@bankai.com,4911650200,84,Customer Service,Sales Executive,577.0,2021-07-05,15,32118,Permanent,3.7,Active
1164,BKAIEMP183835,Quincy,Karpe,Quincy Karpe,Male,1977-07-16,quincy.karpe1164@bankai.com,1321551305,2,Corporate Banking,Operations Executive,653.0,2008-07-08,27,41844,Permanent,4.0,Active
1165,BKAIEMP572684,Harsh,Sandal,Harsh Sandal,Male,1983-07-15,harsh.sandal1165@bankai.com,1444889669,96,Compliance,Operations Executive,759.0,2011-07-08,20,39838,Permanent,3.3,Inactive
1166,BKAIEMP824424,Zaid,Kapadia,Zaid Kapadia,Male,1983-07-15,zaid.kapadia1166@bankai.com,7746202582,53,Compliance,Customer Service Executive,946.0,2016-07-06,2,38213,Permanent,4.7,Active
1167,BKAIEMP125668,Bakhshi,Vora,Bakhshi Vora,Male,1997-07-11,bakhshi.vora1167@bankai.com,2812312392,41,Risk Management,Operations Executive,306.0,2014-07-07,26,41983,Permanent,4.5,Active
1168,BKAIEMP327534,Chakradhar,Bhargava,Chakradhar Bhargava,Male,1999-07-11,chakradhar.bhargava1168@bankai.com,0183647238,3,Risk Management,Customer Service Executive,968.0,2022-07-05,11,33876,Permanent,2.6,Active
1169,BKAIEMP391157,Fitan,Sinha,Fitan Sinha,Male,1991-07-13,fitan.sinha1169@bankai.com,8172257754,25,Compliance,Clerk,1023.0,2013-07-07,35,29128,Contract,2.9,Active
1170,BKAIEMP438986,Wyatt,Deshmukh,Wyatt Deshmukh,Male,1975-07-17,wyatt.deshmukh1170@bankai.com,2905291876,78,Customer Service,Clerk,290.0,2019-07-06,4,30499,Contract,4.5,Active
1171,BKAIEMP455027,Rohan,Bera,Rohan Bera,Male,1986-07-14,rohan.bera1171@bankai.com,7172173373,88,Information Technology,Loan Officer,879.0,2007-07-09,10,42985,Permanent,3.8,Active
1172,BKAIEMP487519,Akshay,Nanda,Akshay Nanda,Male,1969-07-18,akshay.nanda1172@bankai.com,2299936216,61,Corporate Banking,Operations Executive,37.0,2012-07-07,8,42124,Permanent,3.0,Active
1173,BKAIEMP764662,Max,Keer,Max Keer,Male,1975-07-17,max.keer1173@bankai.com,3255398358,36,Human Resources,Sales Executive,698.0,2008-07-08,20,56011,Permanent,3.0,Active
1174,BKAIEMP842501,Darsh,Suresh,Darsh Suresh,Male,1968-07-18,darsh.suresh1174@bankai.com,7326430954,79,Operations,Customer Service Executive,511.0,2011-07-08,14,43458,Permanent,2.5,Active
1175,BKAIEMP185257,Dalbir,Gole,Dalbir Gole,Male,1972-07-17,dalbir.gole1175@bankai.com,9970292712,63,Compliance,Operations Executive,545.0,2024-07-04,20,44728,Permanent,3.0,Active
1176,BKAIEMP596759,Vinaya,Vyas,Vinaya Vyas,Female,1990-07-13,vinaya.vyas1176@bankai.com,1375298832,29,Retail Banking,Cashier,671.0,2015-07-07,3,40812,Permanent,4.5,Active
1177,BKAIEMP309776,Ekalinga,Patla,Ekalinga Patla,Male,1993-07-12,ekalinga.patla1177@bankai.com,0832004879,77,Information Technology,Loan Officer,247.0,2017-07-06,34,38969,Permanent,3.0,Active
1178,BKAIEMP834680,Zehaan,Sarma,Zehaan Sarma,Male,2005-07-09,zehaan.sarma1178@bankai.com,3585238600,39,Customer Service,Sales Executive,419.0,2022-07-05,27,39702,Permanent,4.1,Active
1179,BKAIEMP568383,Matthew,Keer,Matthew Keer,Male,1981-07-15,matthew.keer1179@bankai.com,1995171523,72,Loans,Cashier,910.0,2016-07-06,9,28530,Contract,3.6,Active
1180,BKAIEMP438484,Falan,Ganesh,Falan Ganesh,Male,2004-07-09,falan.ganesh1180@bankai.com,0143748309,16,Retail Banking,Loan Officer,669.0,2009-07-08,8,66267,Permanent,3.3,Active
1181,BKAIEMP514751,Sarthak,Singhal,Sarthak Singhal,Male,1994-07-12,sarthak.singhal1181@bankai.com,3971912602,42,Information Technology,Customer Service Executive,71.0,2006-07-09,20,34270,Permanent,4.4,Active
1182,BKAIEMP620803,Farhan,Dalal,Farhan Dalal,Male,2001-07-10,farhan.dalal1182@bankai.com,6720191116,9,Loans,Operations Executive,311.0,2023-07-05,8,47130,Permanent,4.3,Active
1183,BKAIEMP532686,Gautam,Barman,Gautam Barman,Male,1984-07-14,gautam.barman1183@bankai.com,9072587339,97,Corporate Banking,Cashier,1009.0,2014-07-07,5,42862,Permanent,3.5,Active
1184,BKAIEMP953922,Gopal,Sankar,Gopal Sankar,Male,1992-07-12,gopal.sankar1184@bankai.com,5380274812,58,Loans,Customer Service Executive,237.0,2018-07-06,5,32451,Permanent,4.1,Active
1185,BKAIEMP601946,Chakradev,Mane,Chakradev Mane,Male,2003-07-10,chakradev.mane1185@bankai.com,8682509522,6,Operations,Sales Executive,477.0,2022-07-05,14,58523,Permanent,3.3,Active
1186,BKAIEMP902723,Devansh,Badal,Devansh Badal,Male,1987-07-14,devansh.badal1186@bankai.com,5561039952,64,Retail Banking,Cashier,850.0,2009-07-08,32,27226,Permanent,4.0,Active
1187,BKAIEMP709834,Chanakya,Karnik,Chanakya Karnik,Male,1982-07-15,chanakya.karnik1187@bankai.com,1243658585,66,Loans,Branch Manager,,2014-07-07,5,117889,Permanent,2.5,Active
1188,BKAIEMP635696,Hitesh,Bala,Hitesh Bala,Male,1981-07-15,hitesh.bala1188@bankai.com,1202706159,21,Operations,Loan Officer,525.0,2016-07-06,23,47830,Permanent,3.2,Active
1189,BKAIEMP907420,Yug,Mall,Yug Mall,Male,1980-07-15,yug.mall1189@bankai.com,2990716690,27,Loans,Assistant Manager,231.0,2025-07-04,32,72696,Permanent,4.4,Active
1190,BKAIEMP973390,Dev,Manda,Dev Manda,Male,1992-07-12,dev.manda1190@bankai.com,5542034030,76,Customer Service,Customer Service Executive,740.0,2012-07-07,19,26781,Permanent,3.1,Active
1191,BKAIEMP424955,Radhika,Ravi,Radhika Ravi,Female,2005-07-09,radhika.ravi1191@bankai.com,9756491579,28,Loans,Relationship Manager,684.0,2020-07-05,1,77741,Contract,3.5,Active
1192,BKAIEMP615566,Unnati,Gera,Unnati Gera,Female,1975-07-17,unnati.gera1192@bankai.com,4712476010,72,Information Technology,Customer Service Executive,585.0,2019-07-06,10,27545,Permanent,4.7,Active
1193,BKAIEMP100009,Darsh,Barad,Darsh Barad,Male,1986-07-14,darsh.barad1193@bankai.com,0683176417,57,Risk Management,Sales Executive,1164.0,2021-07-05,17,33186,Permanent,3.0,Active
1194,BKAIEMP393578,Ansh,Arya,Ansh Arya,Male,1979-07-16,ansh.arya1194@bankai.com,5712901507,84,Retail Banking,Sales Executive,610.0,2025-07-04,4,59442,Permanent,2.9,Active
1195,BKAIEMP226169,Anvi,Rege,Anvi Rege,Female,2004-07-09,anvi.rege1195@bankai.com,1307351045,61,Loans,Clerk,30.0,2023-07-05,13,23410,Permanent,3.6,Active
1196,BKAIEMP837019,Mason,Iyengar,Mason Iyengar,Male,1969-07-18,mason.iyengar1196@bankai.com,2130096258,62,Corporate Banking,Loan Officer,314.0,2020-07-05,1,39270,Permanent,3.4,Active
1197,BKAIEMP113913,Tanay,Sanghvi,Tanay Sanghvi,Male,1969-07-18,tanay.sanghvi1197@bankai.com,7031805339,6,Corporate Banking,Cashier,576.0,2017-07-06,11,40701,Permanent,3.2,Active
1198,BKAIEMP949717,Lakshmi,Sarkar,Lakshmi Sarkar,Female,2005-07-09,lakshmi.sarkar1198@bankai.com,6215918327,84,Retail Banking,Relationship Manager,1154.0,2013-07-07,28,77016,Permanent,4.3,Active
1199,BKAIEMP578420,Kiaan,Rau,Kiaan Rau,Male,1975-07-17,kiaan.rau1199@bankai.com,6145901107,70,Loans,Assistant Manager,765.0,2015-07-07,23,83796,Permanent,2.9,Active
1200,BKAIEMP490185,David,Krishnan,David Krishnan,Male,1976-07-16,david.krishnan1200@bankai.com,0493881949,45,Customer Service,Relationship Manager,303.0,2011-07-08,25,71727,Permanent,3.6,Active
1201,BKAIEMP776818,Bhavini,Nadig,Bhavini Nadig,Female,1976-07-16,bhavini.nadig1201@bankai.com,0499809497,58,Human Resources,Cashier,337.0,2025-07-04,22,36254,Permanent,4.6,Active
1202,BKAIEMP992440,Yatin,Kapur,Yatin Kapur,Male,1969-07-18,yatin.kapur1202@bankai.com,3797166984,18,Operations,Customer Service Executive,812.0,2024-07-04,10,38729,Permanent,5.0,Active
1203,BKAIEMP677187,Chandran,Dixit,Chandran Dixit,Male,1995-07-12,chandran.dixit1203@bankai.com,7407794332,95,Operations,Customer Service Executive,686.0,2011-07-08,16,28831,Permanent,4.6,Active
1204,BKAIEMP329713,Jagrati,Varma,Jagrati Varma,Female,1969-07-18,jagrati.varma1204@bankai.com,9919701426,45,Risk Management,Customer Service Executive,218.0,2019-07-06,25,39865,Permanent,4.2,Active
1205,BKAIEMP938792,Vinaya,Behl,Vinaya Behl,Female,1999-07-11,vinaya.behl1205@bankai.com,8211602041,64,Loans,Credit Analyst,148.0,2017-07-06,32,65848,Permanent,3.3,Active
1206,BKAIEMP124647,Qasim,Varghese,Qasim Varghese,Male,2004-07-09,qasim.varghese1206@bankai.com,2117088948,4,Customer Service,Clerk,248.0,2020-07-05,12,25042,Permanent,4.2,Active
1207,BKAIEMP793722,Ryan,Lad,Ryan Lad,Male,1980-07-15,ryan.lad1207@bankai.com,8221758839,2,Information Technology,Relationship Manager,615.0,2016-07-06,22,70411,Permanent,3.3,Active
1208,BKAIEMP812106,Urvashi,Apte,Urvashi Apte,Female,1974-07-17,urvashi.apte1208@bankai.com,0048067571,5,Compliance,Customer Service Executive,655.0,2015-07-07,2,26017,Permanent,3.7,Active
1209,BKAIEMP822040,Chaman,Mistry,Chaman Mistry,Female,1968-07-18,chaman.mistry1209@bankai.com,1128794296,80,Finance,Operations Executive,1005.0,2026-07-04,27,42450,Permanent,3.7,Active
1210,BKAIEMP357309,Vincent,Ramanathan,Vincent Ramanathan,Male,1999-07-11,vincent.ramanathan1210@bankai.com,0409531419,59,Risk Management,Customer Service Executive,691.0,2019-07-06,5,44779,Contract,2.6,Active
1211,BKAIEMP743529,Unni,Basu,Unni Basu,Female,1979-07-16,unni.basu1211@bankai.com,8327488356,13,Retail Banking,Sales Executive,263.0,2008-07-08,13,58269,Permanent,2.6,Active
1212,BKAIEMP830994,Rushil,Gopal,Rushil Gopal,Male,1969-07-18,rushil.gopal1212@bankai.com,0964966834,50,Human Resources,Relationship Manager,100.0,2018-07-06,17,52711,Permanent,3.7,Active
1213,BKAIEMP730320,Kiaan,Sethi,Kiaan Sethi,Male,1984-07-14,kiaan.sethi1213@bankai.com,2170285162,55,Corporate Banking,Relationship Manager,318.0,2024-07-04,18,58049,Permanent,3.1,Active
1214,BKAIEMP909985,Keya,Ray,Keya Ray,Female,1981-07-15,keya.ray1214@bankai.com,8820893486,6,Customer Service,Customer Service Executive,375.0,2019-07-06,11,36143,Permanent,4.0,Active
1215,BKAIEMP206470,Anvi,Sarin,Anvi Sarin,Female,1995-07-12,anvi.sarin1215@bankai.com,4672879916,18,Loans,Sales Executive,1153.0,2026-07-04,7,44355,Permanent,4.5,Active
1216,BKAIEMP765669,Chanchal,Mital,Chanchal Mital,Female,1971-07-18,chanchal.mital1216@bankai.com,3193592361,14,Risk Management,Credit Analyst,971.0,2025-07-04,23,68278,Permanent,4.3,Active
1217,BKAIEMP597680,Samar,Acharya,Samar Acharya,Male,1980-07-15,samar.acharya1217@bankai.com,2304588165,65,Operations,Sales Executive,282.0,2023-07-05,22,30790,Permanent,3.9,Active
1218,BKAIEMP684443,Liam,Mittal,Liam Mittal,Male,1989-07-13,liam.mittal1218@bankai.com,2419165034,62,Corporate Banking,Clerk,380.0,2008-07-08,23,28770,Permanent,2.6,Active
1219,BKAIEMP111737,Sathvik,Ratti,Sathvik Ratti,Male,1982-07-15,sathvik.ratti1219@bankai.com,7718249898,8,Human Resources,Operations Executive,25.0,2023-07-05,25,47188,Permanent,4.0,Active
1220,BKAIEMP603724,Aadhya,Rattan,Aadhya Rattan,Female,1992-07-12,aadhya.rattan1220@bankai.com,8214174681,25,Compliance,Relationship Manager,980.0,2011-07-08,15,59032,Permanent,3.5,Active
1221,BKAIEMP799486,George,Ramesh,George Ramesh,Male,1997-07-11,george.ramesh1221@bankai.com,4869893969,66,Loans,Sales Executive,140.0,2011-07-08,9,46822,Contract,2.7,Active
1222,BKAIEMP336288,Zehaan,Raj,Zehaan Raj,Male,1989-07-13,zehaan.raj1222@bankai.com,1559450119,53,Retail Banking,Cashier,885.0,2025-07-04,23,35501,Permanent,2.6,Active
1223,BKAIEMP884972,Barkha,Sridhar,Barkha Sridhar,Female,1997-07-11,barkha.sridhar1223@bankai.com,3605117160,62,Information Technology,Cashier,1044.0,2013-07-07,14,30153,Permanent,3.8,Active
1224,BKAIEMP169556,Rudra,Johal,Rudra Johal,Male,1970-07-18,rudra.johal1224@bankai.com,5362189455,11,Loans,Customer Service Executive,82.0,2015-07-07,26,34089,Permanent,3.7,Active
1225,BKAIEMP734698,Watika,Amble,Watika Amble,Female,1985-07-14,watika.amble1225@bankai.com,0994248942,40,Compliance,Loan Officer,1048.0,2011-07-08,34,60303,Permanent,4.6,Active
1226,BKAIEMP592126,Raghav,Mahal,Raghav Mahal,Male,1984-07-14,raghav.mahal1226@bankai.com,6760564204,12,Compliance,Operations Executive,702.0,2009-07-08,8,46940,Permanent,2.7,Active
1227,BKAIEMP338909,Wishi,Savant,Wishi Savant,Female,1985-07-14,wishi.savant1227@bankai.com,8097453389,42,Operations,Sales Executive,1160.0,2020-07-05,32,41420,Contract,3.0,Active
1228,BKAIEMP802215,Jairaj,Pingle,Jairaj Pingle,Male,1993-07-12,jairaj.pingle1228@bankai.com,6622654016,99,Information Technology,Loan Officer,286.0,2017-07-06,27,47449,Permanent,3.4,Active
1229,BKAIEMP281839,Oscar,Karnik,Oscar Karnik,Male,1998-07-11,oscar.karnik1229@bankai.com,0622122427,93,Customer Service,Sales Executive,506.0,2020-07-05,33,49599,Permanent,4.6,Active
1230,BKAIEMP510654,Nachiket,Rattan,Nachiket Rattan,Male,1975-07-17,nachiket.rattan1230@bankai.com,5916011241,92,Customer Service,Cashier,1164.0,2012-07-07,15,42609,Permanent,3.1,Active
1231,BKAIEMP512175,Jeremiah,Walla,Jeremiah Walla,Male,2005-07-09,jeremiah.walla1231@bankai.com,0080179867,9,Operations,Cashier,522.0,2011-07-08,35,39901,Contract,3.9,Active
1232,BKAIEMP153470,Guneet,Buch,Guneet Buch,Male,1978-07-16,guneet.buch1232@bankai.com,9957047264,81,Compliance,Cashier,1220.0,2023-07-05,17,40609,Permanent,3.3,Active
1233,BKAIEMP143027,Ethan,Choudhry,Ethan Choudhry,Male,2001-07-10,ethan.choudhry1233@bankai.com,0384375365,36,Corporate Banking,Operations Executive,1124.0,2009-07-08,3,38795,Permanent,2.7,Active
1234,BKAIEMP110334,Arjun,Shenoy,Arjun Shenoy,Male,1998-07-11,arjun.shenoy1234@bankai.com,2548242183,44,Information Technology,Assistant Manager,568.0,2017-07-06,3,74083,Permanent,3.1,Active
1235,BKAIEMP981609,Radhika,Loyal,Radhika Loyal,Female,1990-07-13,radhika.loyal1235@bankai.com,0644547523,20,Retail Banking,Credit Analyst,1134.0,2008-07-08,22,70756,Permanent,2.9,Active
1236,BKAIEMP268187,Gunbir,Dube,Gunbir Dube,Male,2000-07-10,gunbir.dube1236@bankai.com,4897917763,74,Information Technology,Customer Service Executive,553.0,2011-07-08,1,29081,Permanent,4.6,Active
1237,BKAIEMP331044,Yash,Gara,Yash Gara,Male,1988-07-13,yash.gara1237@bankai.com,3886217508,14,Retail Banking,Relationship Manager,490.0,2017-07-06,11,73520,Permanent,4.0,Active
1238,BKAIEMP528379,Rishi,Koshy,Rishi Koshy,Male,1977-07-16,rishi.koshy1238@bankai.com,4530693588,57,Loans,Relationship Manager,788.0,2007-07-09,5,69914,Permanent,4.4,Active
1239,BKAIEMP458915,Ishwar,Narayanan,Ishwar Narayanan,Male,1985-07-14,ishwar.narayanan1239@bankai.com,4001816778,3,Compliance,Cashier,1040.0,2007-07-09,33,37710,Permanent,4.0,Active
1240,BKAIEMP276560,Unnati,Pai,Unnati Pai,Female,1980-07-15,unnati.pai1240@bankai.com,4445446083,27,Operations,Customer Service Executive,644.0,2015-07-07,24,38274,Permanent,4.3,Active
1241,BKAIEMP819839,Wazir,Kalla,Wazir Kalla,Male,1969-07-18,wazir.kalla1241@bankai.com,8105391287,32,Corporate Banking,Sales Executive,927.0,2026-07-04,1,42742,Permanent,3.4,Active
1242,BKAIEMP193806,Reyansh,Sandal,Reyansh Sandal,Male,1978-07-16,reyansh.sandal1242@bankai.com,9045792714,33,Finance,Cashier,469.0,2018-07-06,27,37012,Permanent,3.1,Active
1243,BKAIEMP728207,Raghav,Kaul,Raghav Kaul,Male,1972-07-17,raghav.kaul1243@bankai.com,1986424238,26,Retail Banking,Customer Service Executive,782.0,2015-07-07,33,26572,Permanent,2.7,Active
1244,BKAIEMP362554,Finn,Verma,Finn Verma,Male,2000-07-10,finn.verma1244@bankai.com,3912187062,68,Customer Service,Operations Executive,928.0,2022-07-05,3,39606,Permanent,3.6,Active
1245,BKAIEMP645792,Aryan,Kala,Aryan Kala,Male,2001-07-10,aryan.kala1245@bankai.com,2101023200,30,Corporate Banking,Cashier,107.0,2008-07-08,10,30765,Permanent,3.7,Active
1246,BKAIEMP731907,Vihaan,Saraf,Vihaan Saraf,Male,2001-07-10,vihaan.saraf1246@bankai.com,1008987610,9,Corporate Banking,Branch Manager,,2018-07-06,12,113426,Permanent,4.4,Active
1247,BKAIEMP295881,Girindra,Pradhan,Girindra Pradhan,Male,1990-07-13,girindra.pradhan1247@bankai.com,1403845319,2,Finance,Relationship Manager,352.0,2018-07-06,34,78636,Permanent,3.8,Active
1248,BKAIEMP263482,Lakshit,Sama,Lakshit Sama,Male,1997-07-11,lakshit.sama1248@bankai.com,3546951003,31,Information Technology,Relationship Manager,753.0,2008-07-08,30,63302,Permanent,3.6,Active
1249,BKAIEMP170332,Hemani,Aggarwal,Hemani Aggarwal,Female,1981-07-15,hemani.aggarwal1249@bankai.com,4596715006,18,Retail Banking,Relationship Manager,589.0,2012-07-07,2,79661,Permanent,4.2,Active
1250,BKAIEMP589286,Krish,Chanda,Krish Chanda,Male,1972-07-17,krish.chanda1250@bankai.com,0654113407,46,Information Technology,Cashier,1183.0,2014-07-07,33,33238,Permanent,3.5,Active
1251,BKAIEMP176983,Ryan,Luthra,Ryan Luthra,Male,1967-07-19,ryan.luthra1251@bankai.com,0890583668,48,Customer Service,Sales Executive,237.0,2007-07-09,13,59627,Permanent,3.4,Active
1252,BKAIEMP326041,Ekavir,Purohit,Ekavir Purohit,Male,1978-07-16,ekavir.purohit1252@bankai.com,2697083868,100,Loans,Relationship Manager,922.0,2008-07-08,1,54164,Permanent,3.3,Active
1253,BKAIEMP365205,Daniel,Sodhi,Daniel Sodhi,Male,1974-07-17,daniel.sodhi1253@bankai.com,9150596257,52,Compliance,Loan Officer,953.0,2015-07-07,28,48414,Permanent,3.5,Active
1254,BKAIEMP409768,Saanvi,Bajaj,Saanvi Bajaj,Female,1982-07-15,saanvi.bajaj1254@bankai.com,2012657898,7,Finance,Credit Analyst,953.0,2014-07-07,6,78402,Permanent,3.2,Active
1255,BKAIEMP171046,Matthew,Brar,Matthew Brar,Male,1983-07-15,matthew.brar1255@bankai.com,9521755851,43,Operations,Assistant Manager,636.0,2010-07-08,30,65437,Permanent,2.8,Active
1256,BKAIEMP329317,Maanav,Chana,Maanav Chana,Male,1972-07-17,maanav.chana1256@bankai.com,7469211882,48,Retail Banking,Assistant Manager,919.0,2014-07-07,32,70945,Permanent,3.7,Active
1257,BKAIEMP714068,Saksham,Devi,Saksham Devi,Male,1998-07-11,saksham.devi1257@bankai.com,4222975891,57,Compliance,Assistant Manager,888.0,2010-07-08,33,61184,Permanent,3.9,Active
1258,BKAIEMP964774,Qadim,Lata,Qadim Lata,Male,1981-07-15,qadim.lata1258@bankai.com,1854570568,43,Compliance,Clerk,548.0,2022-07-05,9,24329,Permanent,3.0,Active
1259,BKAIEMP417624,Ekavir,Date,Ekavir Date,Male,2005-07-09,ekavir.date1259@bankai.com,7090016356,18,Operations,Loan Officer,857.0,2008-07-08,2,47691,Permanent,4.6,Active
1260,BKAIEMP100594,Frederick,Kakar,Frederick Kakar,Male,2001-07-10,frederick.kakar1260@bankai.com,4728289540,21,Retail Banking,Loan Officer,544.0,2011-07-08,13,39331,Permanent,4.8,Active
1261,BKAIEMP951118,Gavin,Dyal,Gavin Dyal,Male,1984-07-14,gavin.dyal1261@bankai.com,7312616850,79,Finance,Relationship Manager,961.0,2018-07-06,29,66666,Permanent,3.3,Active
1262,BKAIEMP815759,Parth,Bhargava,Parth Bhargava,Male,1988-07-13,parth.bhargava1262@bankai.com,1950927115,77,Operations,Operations Executive,464.0,2026-07-04,33,44217,Permanent,3.3,Active
1263,BKAIEMP153777,Anthony,Patil,Anthony Patil,Male,1968-07-18,anthony.patil1263@bankai.com,7092300716,39,Customer Service,Operations Executive,219.0,2022-07-05,25,48186,Permanent,4.5,Active
1264,BKAIEMP831257,Aarnav,Sule,Aarnav Sule,Male,1971-07-18,aarnav.sule1264@bankai.com,1894854329,65,Finance,Credit Analyst,846.0,2014-07-07,6,77478,Permanent,3.2,Active
1265,BKAIEMP912610,Hredhaan,Sachar,Hredhaan Sachar,Male,1985-07-14,hredhaan.sachar1265@bankai.com,2944716198,8,Risk Management,Clerk,832.0,2013-07-07,4,24523,Permanent,4.9,Active
1266,BKAIEMP615753,Nachiket,Yohannan,Nachiket Yohannan,Male,1980-07-15,nachiket.yohannan1266@bankai.com,3104502589,76,Operations,Loan Officer,831.0,2013-07-07,31,50408,Permanent,4.0,Active
1267,BKAIEMP994643,Bakhshi,Sidhu,Bakhshi Sidhu,Male,2000-07-10,bakhshi.sidhu1267@bankai.com,3574835268,13,Corporate Banking,Cashier,169.0,2026-07-04,24,29916,Permanent,3.7,Active
1268,BKAIEMP153852,Urishilla,Barad,Urishilla Barad,Female,2005-07-09,urishilla.barad1268@bankai.com,7398344883,61,Loans,Sales Executive,67.0,2022-07-05,9,39549,Contract,3.4,Active
1269,BKAIEMP142393,Nitara,Kari,Nitara Kari,Female,1995-07-12,nitara.kari1269@bankai.com,4628055077,40,Finance,Cashier,205.0,2025-07-04,5,44099,Permanent,2.6,Active
1270,BKAIEMP964226,Radha,Sen,Radha Sen,Female,1974-07-17,radha.sen1270@bankai.com,5156239209,14,Customer Service,Sales Executive,1216.0,2017-07-06,25,50166,Permanent,2.7,Active
1271,BKAIEMP265039,Nicholas,Chhabra,Nicholas Chhabra,Male,1973-07-17,nicholas.chhabra1271@bankai.com,7409131117,13,Compliance,Cashier,1243.0,2019-07-06,16,34296,Permanent,4.6,Active
1272,BKAIEMP633595,Aditya,Dhar,Aditya Dhar,Male,1986-07-14,aditya.dhar1272@bankai.com,4760220695,38,Risk Management,Sales Executive,857.0,2019-07-06,22,56026,Contract,3.3,Active
1273,BKAIEMP138585,Benjamin,Goel,Benjamin Goel,Male,2000-07-10,benjamin.goel1273@bankai.com,1227595002,8,Information Technology,Relationship Manager,242.0,2022-07-05,9,52056,Contract,2.8,Active
1274,BKAIEMP707408,Nathaniel,Choudhry,Nathaniel Choudhry,Male,1990-07-13,nathaniel.choudhry1274@bankai.com,3259479507,92,Compliance,Cashier,892.0,2013-07-07,20,29017,Contract,4.2,Active
1275,BKAIEMP596215,Daksha,Savant,Daksha Savant,Female,2003-07-10,daksha.savant1275@bankai.com,2798059503,47,Loans,Loan Officer,801.0,2020-07-05,13,57615,Permanent,2.6,Active
1276,BKAIEMP586019,Ronith,Mani,Ronith Mani,Male,1980-07-15,ronith.mani1276@bankai.com,4039104520,91,Finance,Relationship Manager,921.0,2022-07-05,31,66424,Permanent,4.3,Active
1277,BKAIEMP107800,Yashica,Mane,Yashica Mane,Female,1995-07-12,yashica.mane1277@bankai.com,1849135992,33,Risk Management,Operations Executive,191.0,2011-07-08,11,40962,Permanent,4.7,Active
1278,BKAIEMP855797,Jairaj,Prakash,Jairaj Prakash,Male,1994-07-12,jairaj.prakash1278@bankai.com,2056100679,54,Retail Banking,Clerk,19.0,2006-07-09,12,27910,Permanent,4.5,Active
1279,BKAIEMP311511,Rushil,Sangha,Rushil Sangha,Male,1992-07-12,rushil.sangha1279@bankai.com,1867740378,19,Finance,Cashier,1035.0,2018-07-06,32,42395,Permanent,3.8,Active
1280,BKAIEMP577052,Indali,Mani,Indali Mani,Female,1968-07-18,indali.mani1280@bankai.com,9530067762,71,Customer Service,Relationship Manager,1104.0,2012-07-07,2,47917,Permanent,2.5,Active
1281,BKAIEMP586060,Janani,Dyal,Janani Dyal,Female,1967-07-19,janani.dyal1281@bankai.com,0173654262,74,Operations,Assistant Manager,646.0,2008-07-08,26,67303,Permanent,3.3,Active
1282,BKAIEMP513990,Joshua,Gour,Joshua Gour,Male,1989-07-13,joshua.gour1282@bankai.com,2923345110,1,Human Resources,Loan Officer,470.0,2025-07-04,16,49535,Contract,3.6,Active
1283,BKAIEMP661258,Shivansh,Batra,Shivansh Batra,Male,1971-07-18,shivansh.batra1283@bankai.com,3088684302,54,Retail Banking,Clerk,1028.0,2006-07-09,17,34910,Permanent,4.0,Active
1284,BKAIEMP401525,Shravya,Sawhney,Shravya Sawhney,Female,1998-07-11,shravya.sawhney1284@bankai.com,2904575988,31,Risk Management,Relationship Manager,1149.0,2016-07-06,35,56615,Permanent,3.0,Active
1285,BKAIEMP121695,Girik,Chahal,Girik Chahal,Male,1999-07-11,girik.chahal1285@bankai.com,9964260336,17,Customer Service,Customer Service Executive,347.0,2017-07-06,30,33424,Permanent,4.8,Active
1286,BKAIEMP424526,Veer,Pingle,Veer Pingle,Male,1971-07-18,veer.pingle1286@bankai.com,8214770920,89,Human Resources,Assistant Manager,141.0,2024-07-04,18,65097,Permanent,4.6,Active
1287,BKAIEMP287664,Orinder,Edwin,Orinder Edwin,Male,1998-07-11,orinder.edwin1287@bankai.com,8023621921,98,Compliance,Operations Executive,692.0,2023-07-05,17,46399,Permanent,4.4,Active
1288,BKAIEMP923653,Yash,Agrawal,Yash Agrawal,Male,2000-07-10,yash.agrawal1288@bankai.com,9161186385,46,Corporate Banking,Customer Service Executive,724.0,2021-07-05,17,37710,Permanent,3.9,Active
1289,BKAIEMP166514,Banjeet,Munshi,Banjeet Munshi,Male,1995-07-12,banjeet.munshi1289@bankai.com,7216880053,19,Finance,Credit Analyst,329.0,2010-07-08,5,85049,Permanent,5.0,Active
1290,BKAIEMP931169,Hritik,Bhavsar,Hritik Bhavsar,Male,1978-07-16,hritik.bhavsar1290@bankai.com,9289728454,14,Human Resources,Cashier,825.0,2020-07-05,24,30489,Permanent,4.1,Active
1291,BKAIEMP975048,Ekantika,Ganguly,Ekantika Ganguly,Female,1974-07-17,ekantika.ganguly1291@bankai.com,2002839482,72,Compliance,Assistant Manager,794.0,2016-07-06,14,81054,Permanent,4.7,Active
1292,BKAIEMP796862,Ayushman,Krishnan,Ayushman Krishnan,Male,1982-07-15,ayushman.krishnan1292@bankai.com,4474328116,84,Finance,Customer Service Executive,852.0,2026-07-04,1,35327,Permanent,2.7,Active
1293,BKAIEMP721685,Guneet,Anne,Guneet Anne,Male,1997-07-11,guneet.anne1293@bankai.com,0203042322,61,Compliance,Customer Service Executive,1134.0,2009-07-08,7,36164,Permanent,4.5,Active
1294,BKAIEMP962102,Devansh,Chauhan,Devansh Chauhan,Male,1978-07-16,devansh.chauhan1294@bankai.com,5302816506,38,Retail Banking,Loan Officer,219.0,2025-07-04,34,54674,Permanent,5.0,Active
1295,BKAIEMP456454,Aadhya,Bhandari,Aadhya Bhandari,Female,1979-07-16,aadhya.bhandari1295@bankai.com,9377756919,10,Human Resources,Clerk,746.0,2024-07-04,17,30163,Permanent,3.2,Active
1296,BKAIEMP244100,Bimala,Bajaj,Bimala Bajaj,Female,1972-07-17,bimala.bajaj1296@bankai.com,9161746902,78,Information Technology,Cashier,206.0,2015-07-07,5,28715,Permanent,3.2,Active
1297,BKAIEMP710510,Dipta,Balakrishnan,Dipta Balakrishnan,Female,2000-07-10,dipta.balakrishnan1297@bankai.com,3841966229,30,Retail Banking,Relationship Manager,567.0,2017-07-06,13,50220,Permanent,3.9,Active
1298,BKAIEMP789857,Shaurya,Sur,Shaurya Sur,Male,1986-07-14,shaurya.sur1298@bankai.com,8056856670,13,Risk Management,Loan Officer,84.0,2017-07-06,35,62536,Permanent,3.3,Active
1299,BKAIEMP212018,Faraj,Chad,Faraj Chad,Male,1975-07-17,faraj.chad1299@bankai.com,5504944407,6,Compliance,Assistant Manager,740.0,2014-07-07,0,77759,Permanent,2.9,Active
1300,BKAIEMP276559,Niharika,Gulati,Niharika Gulati,Female,1994-07-12,niharika.gulati1300@bankai.com,9650496273,84,Information Technology,Loan Officer,213.0,2006-07-09,21,36103,Permanent,4.3,Active
1301,BKAIEMP350176,Ekani,Saraf,Ekani Saraf,Female,1979-07-16,ekani.saraf1301@bankai.com,1424362585,1,Human Resources,Sales Executive,560.0,2008-07-08,32,56039,Permanent,4.6,Active
1302,BKAIEMP301821,Anmol,Walla,Anmol Walla,Male,1972-07-17,anmol.walla1302@bankai.com,9919623419,38,Finance,Cashier,279.0,2014-07-07,24,44358,Permanent,3.9,Active
1303,BKAIEMP367386,Imaran,Iyer,Imaran Iyer,Male,1967-07-19,imaran.iyer1303@bankai.com,3247250583,64,Retail Banking,Credit Analyst,235.0,2014-07-07,26,88714,Permanent,3.1,Active
1304,BKAIEMP803619,Harrison,Banerjee,Harrison Banerjee,Male,1990-07-13,harrison.banerjee1304@bankai.com,1158760545,17,Retail Banking,Customer Service Executive,473.0,2019-07-06,7,26525,Permanent,4.2,Active
1305,BKAIEMP783517,Krish,Tata,Krish Tata,Male,1992-07-12,krish.tata1305@bankai.com,7694535365,92,Corporate Banking,Clerk,29.0,2013-07-07,0,23752,Permanent,3.6,Active
1306,BKAIEMP440904,Ronith,Raju,Ronith Raju,Male,1979-07-16,ronith.raju1306@bankai.com,1634212545,49,Human Resources,Relationship Manager,564.0,2012-07-07,23,58208,Permanent,2.9,Active
1307,BKAIEMP613711,Ojas,Mohan,Ojas Mohan,Male,1974-07-17,ojas.mohan1307@bankai.com,5269255966,36,Risk Management,Customer Service Executive,101.0,2018-07-06,15,25100,Permanent,2.9,Active
1308,BKAIEMP403114,Dayita,Khatri,Dayita Khatri,Female,1992-07-12,dayita.khatri1308@bankai.com,7423591426,53,Corporate Banking,Operations Executive,589.0,2022-07-05,33,39287,Permanent,3.6,Active
1309,BKAIEMP464739,Libni,Hayre,Libni Hayre,Female,1986-07-14,libni.hayre1309@bankai.com,2614543079,83,Operations,Customer Service Executive,921.0,2020-07-05,29,34031,Permanent,4.9,Active
1310,BKAIEMP117978,Isaiah,Chawla,Isaiah Chawla,Male,1990-07-13,isaiah.chawla1310@bankai.com,0817852211,83,Compliance,Cashier,788.0,2019-07-06,8,43079,Permanent,4.8,Active
1311,BKAIEMP385015,Charita,Mand,Charita Mand,Female,1972-07-17,charita.mand1311@bankai.com,2354268744,40,Risk Management,Customer Service Executive,42.0,2024-07-04,6,43584,Contract,2.8,Active
1312,BKAIEMP997423,Yuvraj,Hari,Yuvraj Hari,Male,1966-07-19,yuvraj.hari1312@bankai.com,0865237772,74,Human Resources,Loan Officer,375.0,2006-07-09,35,67573,Contract,2.5,Active
1313,BKAIEMP540114,Neel,Ray,Neel Ray,Male,1969-07-18,neel.ray1313@bankai.com,3701400527,44,Retail Banking,Operations Executive,986.0,2020-07-05,35,36139,Permanent,3.3,Active
1314,BKAIEMP759393,Qarin,Nanda,Qarin Nanda,Male,1980-07-15,qarin.nanda1314@bankai.com,0027221425,86,Information Technology,Sales Executive,1158.0,2008-07-08,12,41694,Permanent,3.7,Active
1315,BKAIEMP474216,Simon,Bala,Simon Bala,Male,1975-07-17,simon.bala1315@bankai.com,3913681720,98,Operations,Assistant Manager,1091.0,2016-07-06,21,76159,Permanent,4.9,Active
1316,BKAIEMP342540,Ranbir,Pal,Ranbir Pal,Male,1979-07-16,ranbir.pal1316@bankai.com,2862092973,6,Operations,Customer Service Executive,957.0,2013-07-07,8,42530,Contract,2.7,Active
1317,BKAIEMP331454,Qushi,Kala,Qushi Kala,Female,1992-07-12,qushi.kala1317@bankai.com,2227393899,28,Finance,Cashier,199.0,2025-07-04,8,33403,Permanent,4.0,Active
1318,BKAIEMP319240,Qabil,Som,Qabil Som,Male,2000-07-10,qabil.som1318@bankai.com,5323661850,44,Operations,Customer Service Executive,1253.0,2023-07-05,28,28064,Permanent,4.5,Active
1319,BKAIEMP599135,Aryan,Sharaf,Aryan Sharaf,Male,1988-07-13,aryan.sharaf1319@bankai.com,8269718236,70,Loans,Operations Executive,14.0,2011-07-08,2,37089,Permanent,4.7,Active
1320,BKAIEMP100097,Yatan,Dash,Yatan Dash,Male,1978-07-16,yatan.dash1320@bankai.com,6158388217,90,Finance,Loan Officer,731.0,2012-07-07,17,45767,Permanent,2.7,Active
1321,BKAIEMP962258,Kai,Rau,Kai Rau,Male,1995-07-12,kai.rau1321@bankai.com,3574223322,30,Retail Banking,Loan Officer,368.0,2020-07-05,11,48701,Permanent,3.2,Active
1322,BKAIEMP223602,Chatresh,Master,Chatresh Master,Male,1992-07-12,chatresh.master1322@bankai.com,2589222560,47,Customer Service,Customer Service Executive,885.0,2022-07-05,2,27073,Permanent,2.9,Active
1323,BKAIEMP817686,Om,Kakar,Om Kakar,Male,1979-07-16,om.kakar1323@bankai.com,0637311804,14,Corporate Banking,Assistant Manager,323.0,2020-07-05,11,62399,Permanent,2.8,Active
1324,BKAIEMP848392,Damini,Keer,Damini Keer,Female,1970-07-18,damini.keer1324@bankai.com,7538418520,87,Human Resources,Loan Officer,1212.0,2008-07-08,33,56630,Permanent,2.9,Inactive
1325,BKAIEMP545525,Gagan,Rattan,Gagan Rattan,Male,1994-07-12,gagan.rattan1325@bankai.com,8463975615,79,Compliance,Customer Service Executive,572.0,2016-07-06,28,33527,Permanent,4.8,Active
1326,BKAIEMP493767,Radhika,Nagar,Radhika Nagar,Female,1971-07-18,radhika.nagar1326@bankai.com,9121516411,60,Corporate Banking,Relationship Manager,1191.0,2023-07-05,18,53308,Permanent,3.1,Active
1327,BKAIEMP513775,Upadhriti,Magar,Upadhriti Magar,Female,1968-07-18,upadhriti.magar1327@bankai.com,9196939578,92,Loans,Relationship Manager,109.0,2010-07-08,30,56782,Permanent,3.1,Active
1328,BKAIEMP177775,Bhanumati,Sood,Bhanumati Sood,Female,1990-07-13,bhanumati.sood1328@bankai.com,2042620197,69,Human Resources,Customer Service Executive,172.0,2016-07-06,34,42205,Permanent,3.1,Active
1329,BKAIEMP614335,Falan,Mohanty,Falan Mohanty,Male,1992-07-12,falan.mohanty1329@bankai.com,3936967897,18,Operations,Relationship Manager,1304.0,2024-07-04,27,78944,Permanent,3.6,Active
1330,BKAIEMP583287,Warjas,Kale,Warjas Kale,Male,1995-07-12,warjas.kale1330@bankai.com,2677319227,88,Customer Service,Assistant Manager,692.0,2026-07-04,20,61084,Permanent,4.5,Active
1331,BKAIEMP187696,Omkaar,Wali,Omkaar Wali,Male,1985-07-14,omkaar.wali1331@bankai.com,8653394319,22,Information Technology,Sales Executive,167.0,2024-07-04,1,52542,Permanent,4.9,Active
1332,BKAIEMP160028,Nilima,Guha,Nilima Guha,Female,1967-07-19,nilima.guha1332@bankai.com,8952312021,4,Loans,Customer Service Executive,724.0,2016-07-06,23,37420,Permanent,4.5,Active
1333,BKAIEMP189171,Advik,Palla,Advik Palla,Male,1971-07-18,advik.palla1333@bankai.com,6449747000,19,Information Technology,Loan Officer,1181.0,2009-07-08,10,66246,Permanent,3.8,Active
1334,BKAIEMP625772,Vincent,Randhawa,Vincent Randhawa,Male,1966-07-19,vincent.randhawa1334@bankai.com,4867649797,6,Finance,Sales Executive,778.0,2011-07-08,18,31323,Permanent,3.7,Active
1335,BKAIEMP496252,Harrison,Rajan,Harrison Rajan,Male,1983-07-15,harrison.rajan1335@bankai.com,6045006355,82,Finance,Customer Service Executive,182.0,2015-07-07,15,41904,Permanent,2.9,Active
1336,BKAIEMP636538,Anirudh,Raju,Anirudh Raju,Male,1991-07-13,anirudh.raju1336@bankai.com,9692771195,42,Finance,Cashier,101.0,2015-07-07,17,35162,Permanent,4.5,Active
1337,BKAIEMP155613,Isaac,Nagi,Isaac Nagi,Male,1979-07-16,isaac.nagi1337@bankai.com,0597025512,27,Operations,Operations Executive,841.0,2007-07-09,30,50126,Permanent,4.0,Active
1338,BKAIEMP293741,Samuel,Jhaveri,Samuel Jhaveri,Male,1997-07-11,samuel.jhaveri1338@bankai.com,4315948989,9,Retail Banking,Customer Service Executive,549.0,2025-07-04,33,29011,Permanent,3.1,Active
1339,BKAIEMP374315,Priya,Manda,Priya Manda,Female,1989-07-13,priya.manda1339@bankai.com,6345443441,83,Loans,Credit Analyst,1122.0,2011-07-08,0,82666,Permanent,3.1,Active
1340,BKAIEMP519124,Siya,Konda,Siya Konda,Female,1988-07-13,siya.konda1340@bankai.com,4497439464,32,Loans,Relationship Manager,135.0,2022-07-05,4,71219,Permanent,3.2,Active
1341,BKAIEMP527442,Frederick,Dhingra,Frederick Dhingra,Male,1986-07-14,frederick.dhingra1341@bankai.com,0958629739,21,Retail Banking,Customer Service Executive,498.0,2013-07-07,19,29276,Permanent,4.3,Active
1342,BKAIEMP186159,Krishna,Chaudhry,Krishna Chaudhry,Male,1976-07-16,krishna.chaudhry1342@bankai.com,2109720217,6,Risk Management,Loan Officer,598.0,2006-07-09,16,60551,Permanent,4.9,Active
1343,BKAIEMP522868,Matthew,Venkataraman,Matthew Venkataraman,Male,1991-07-13,matthew.venkataraman1343@bankai.com,3465579220,93,Finance,Sales Executive,697.0,2009-07-08,11,52386,Permanent,3.0,Active
1344,BKAIEMP495597,Nidhi,Mall,Nidhi Mall,Female,1986-07-14,nidhi.mall1344@bankai.com,4612939002,53,Customer Service,Customer Service Executive,596.0,2010-07-08,30,43864,Contract,3.8,Active
1345,BKAIEMP486265,Dakshesh,Jani,Dakshesh Jani,Male,1990-07-13,dakshesh.jani1345@bankai.com,5658963595,72,Human Resources,Loan Officer,1063.0,2021-07-05,6,53050,Permanent,4.9,Active
1346,BKAIEMP139364,Upasna,Brar,Upasna Brar,Female,1987-07-14,upasna.brar1346@bankai.com,1458434566,88,Retail Banking,Assistant Manager,597.0,2019-07-06,21,66705,Permanent,3.0,Active
1347,BKAIEMP715641,Isaac,Prabhakar,Isaac Prabhakar,Male,1985-07-14,isaac.prabhakar1347@bankai.com,3423622033,91,Corporate Banking,Sales Executive,809.0,2019-07-06,16,56434,Permanent,2.8,Active
1348,BKAIEMP670821,Gavin,Lanka,Gavin Lanka,Male,2002-07-10,gavin.lanka1348@bankai.com,3104379686,78,Operations,Customer Service Executive,494.0,2008-07-08,7,27995,Permanent,3.0,Active
1349,BKAIEMP141115,Naksh,Dhaliwal,Naksh Dhaliwal,Male,1979-07-16,naksh.dhaliwal1349@bankai.com,6902177417,5,Corporate Banking,Cashier,172.0,2007-07-09,14,41544,Permanent,4.9,Inactive
1350,BKAIEMP916749,Matthew,Johal,Matthew Johal,Male,1970-07-18,matthew.johal1350@bankai.com,0238502289,93,Human Resources,Clerk,18.0,2026-07-04,26,25028,Permanent,2.6,Active
1351,BKAIEMP217455,Omkaar,Golla,Omkaar Golla,Male,1970-07-18,omkaar.golla1351@bankai.com,5233282930,17,Information Technology,Cashier,1073.0,2026-07-04,26,33008,Permanent,3.3,Active
1352,BKAIEMP859984,Noah,Rattan,Noah Rattan,Male,1979-07-16,noah.rattan1352@bankai.com,3303033467,1,Information Technology,Operations Executive,438.0,2014-07-07,7,42055,Permanent,3.4,Active
1353,BKAIEMP651510,Tanish,Shan,Tanish Shan,Male,1969-07-18,tanish.shan1353@bankai.com,0762799553,37,Corporate Banking,Customer Service Executive,1105.0,2017-07-06,7,32400,Permanent,3.8,Active
1354,BKAIEMP304163,Qasim,Kade,Qasim Kade,Male,1995-07-12,qasim.kade1354@bankai.com,1239847230,93,Loans,Relationship Manager,442.0,2007-07-09,26,78151,Permanent,3.1,Active
1355,BKAIEMP138255,Arin,Datta,Arin Datta,Male,1987-07-14,arin.datta1355@bankai.com,7190172224,17,Human Resources,Assistant Manager,1098.0,2013-07-07,16,84482,Permanent,3.4,Active
1356,BKAIEMP549492,Urvashi,Sachdev,Urvashi Sachdev,Female,1978-07-16,urvashi.sachdev1356@bankai.com,8717754619,96,Retail Banking,Loan Officer,1064.0,2023-07-05,25,42635,Permanent,3.6,Active
1357,BKAIEMP645528,Arya,Raju,Arya Raju,Female,1992-07-12,arya.raju1357@bankai.com,8387272581,47,Risk Management,Clerk,815.0,2007-07-09,3,23448,Permanent,4.4,Active
1358,BKAIEMP204800,Anmol,Oza,Anmol Oza,Male,1994-07-12,anmol.oza1358@bankai.com,6844823733,99,Operations,Assistant Manager,521.0,2016-07-06,13,71658,Permanent,3.6,Active
1359,BKAIEMP545092,Girik,Chaudhry,Girik Chaudhry,Male,1970-07-18,girik.chaudhry1359@bankai.com,1101878035,83,Loans,Relationship Manager,1273.0,2020-07-05,31,79373,Permanent,3.2,Active
1360,BKAIEMP105199,Aryan,Borah,Aryan Borah,Male,1972-07-17,aryan.borah1360@bankai.com,0740392519,58,Operations,Loan Officer,702.0,2017-07-06,35,50559,Permanent,4.2,Active
1361,BKAIEMP322256,Raagini,Gokhale,Raagini Gokhale,Female,1991-07-13,raagini.gokhale1361@bankai.com,1712227643,83,Finance,Relationship Manager,1259.0,2023-07-05,2,48499,Permanent,3.4,Active
1362,BKAIEMP486130,Gavin,Gade,Gavin Gade,Male,1969-07-18,gavin.gade1362@bankai.com,5422162654,75,Corporate Banking,Sales Executive,593.0,2017-07-06,32,48811,Permanent,2.5,Inactive
1363,BKAIEMP522424,Indali,Agarwal,Indali Agarwal,Female,1967-07-19,indali.agarwal1363@bankai.com,3444704887,91,Information Technology,Customer Service Executive,1278.0,2006-07-09,10,38786,Permanent,3.9,Active
1364,BKAIEMP772922,Oni,Arora,Oni Arora,Female,1967-07-19,oni.arora1364@bankai.com,7020596851,98,Information Technology,Loan Officer,935.0,2024-07-04,35,69223,Permanent,3.8,Active
1365,BKAIEMP254069,Udarsh,Taneja,Udarsh Taneja,Male,1984-07-14,udarsh.taneja1365@bankai.com,9266329563,73,Corporate Banking,Clerk,603.0,2026-07-04,15,34653,Permanent,3.3,Active
1366,BKAIEMP299623,Yadavi,Som,Yadavi Som,Female,1999-07-11,yadavi.som1366@bankai.com,2259206165,24,Operations,Relationship Manager,603.0,2022-07-05,11,73172,Permanent,3.9,Active
1367,BKAIEMP595952,Ekalinga,Bala,Ekalinga Bala,Male,1996-07-11,ekalinga.bala1367@bankai.com,9229411563,51,Corporate Banking,Operations Executive,937.0,2013-07-07,35,31000,Permanent,2.9,Active
1368,BKAIEMP645252,Nathan,Mutti,Nathan Mutti,Male,1967-07-19,nathan.mutti1368@bankai.com,3637262942,29,Finance,Clerk,1357.0,2007-07-09,14,27927,Permanent,4.7,Active
1369,BKAIEMP976579,Baljiwan,Nayak,Baljiwan Nayak,Male,1987-07-14,baljiwan.nayak1369@bankai.com,9808513313,1,Finance,Customer Service Executive,835.0,2023-07-05,1,29668,Permanent,3.9,Active
1370,BKAIEMP525964,Laban,Warrior,Laban Warrior,Male,1968-07-18,laban.warrior1370@bankai.com,2112212154,98,Finance,Sales Executive,1116.0,2022-07-05,9,44226,Permanent,2.7,Active
1371,BKAIEMP969494,Faraj,Saran,Faraj Saran,Male,1992-07-12,faraj.saran1371@bankai.com,8764019185,2,Human Resources,Cashier,987.0,2013-07-07,4,28219,Permanent,4.2,Active
1372,BKAIEMP886874,Ayush,Ramachandran,Ayush Ramachandran,Male,1998-07-11,ayush.ramachandran1372@bankai.com,4200629877,33,Operations,Customer Service Executive,547.0,2014-07-07,21,42742,Permanent,4.0,Active
1373,BKAIEMP996151,Nirja,Verma,Nirja Verma,Female,2004-07-09,nirja.verma1373@bankai.com,6646419623,22,Compliance,Loan Officer,459.0,2026-07-04,2,35426,Permanent,3.8,Active
1374,BKAIEMP222456,Ekta,Sarin,Ekta Sarin,Female,1981-07-15,ekta.sarin1374@bankai.com,2132041042,65,Operations,Cashier,154.0,2024-07-04,3,31335,Permanent,3.3,Active
1375,BKAIEMP493416,Janani,Chowdhury,Janani Chowdhury,Female,1972-07-17,janani.chowdhury1375@bankai.com,7891179726,8,Information Technology,Assistant Manager,1328.0,2018-07-06,4,62624,Permanent,4.0,Active
1376,BKAIEMP760117,Liam,Vyas,Liam Vyas,Male,1972-07-17,liam.vyas1376@bankai.com,2831800366,26,Information Technology,Cashier,908.0,2006-07-09,11,38472,Permanent,2.6,Active
1377,BKAIEMP562054,Aarav,Bhatia,Aarav Bhatia,Male,1977-07-16,aarav.bhatia1377@bankai.com,5328538631,77,Customer Service,Loan Officer,801.0,2021-07-05,31,38813,Permanent,3.6,Active
1378,BKAIEMP725278,Nihal,Gola,Nihal Gola,Male,1997-07-11,nihal.gola1378@bankai.com,3838058269,45,Retail Banking,Sales Executive,1138.0,2024-07-04,8,54440,Permanent,4.3,Active
1379,BKAIEMP692887,Bhavani,Bhasin,Bhavani Bhasin,Female,1967-07-19,bhavani.bhasin1379@bankai.com,6862763328,9,Customer Service,Credit Analyst,47.0,2014-07-07,10,84339,Permanent,3.2,Inactive
1380,BKAIEMP239110,Reyansh,Jani,Reyansh Jani,Male,1985-07-14,reyansh.jani1380@bankai.com,7618518626,46,Loans,Cashier,415.0,2015-07-07,5,38150,Permanent,3.9,Active
1381,BKAIEMP810968,Teerth,Mody,Teerth Mody,Male,1999-07-11,teerth.mody1381@bankai.com,0132823392,11,Information Technology,Sales Executive,335.0,2026-07-04,10,42446,Permanent,4.4,Active
1382,BKAIEMP590448,Isaac,Palla,Isaac Palla,Male,1974-07-17,isaac.palla1382@bankai.com,7918750677,70,Information Technology,Customer Service Executive,707.0,2014-07-07,8,28973,Permanent,3.6,Active
1383,BKAIEMP861252,Siddharth,Prabhakar,Siddharth Prabhakar,Male,1995-07-12,siddharth.prabhakar1383@bankai.com,0881431927,75,Finance,Loan Officer,98.0,2022-07-05,3,60925,Permanent,2.6,Active
1384,BKAIEMP347996,Dalbir,Sharma,Dalbir Sharma,Male,1977-07-16,dalbir.sharma1384@bankai.com,5969838457,27,Customer Service,Loan Officer,209.0,2014-07-07,3,65828,Permanent,4.8,Active
1385,BKAIEMP278591,Shivani,Puri,Shivani Puri,Female,1994-07-12,shivani.puri1385@bankai.com,6862959125,10,Retail Banking,Cashier,331.0,2006-07-09,32,28023,Permanent,4.7,Active
1386,BKAIEMP373781,Yashica,Gaba,Yashica Gaba,Female,1972-07-17,yashica.gaba1386@bankai.com,5394607429,54,Loans,Relationship Manager,1173.0,2009-07-08,12,67291,Permanent,3.7,Active
1387,BKAIEMP966473,Krish,Soman,Krish Soman,Male,1991-07-13,krish.soman1387@bankai.com,9669417996,70,Operations,Loan Officer,236.0,2010-07-08,27,46614,Permanent,5.0,Active
1388,BKAIEMP874672,Aarav,Shankar,Aarav Shankar,Male,2004-07-09,aarav.shankar1388@bankai.com,7485994641,64,Information Technology,Customer Service Executive,1116.0,2006-07-09,28,39047,Permanent,4.8,Active
1389,BKAIEMP347411,Zayyan,Mittal,Zayyan Mittal,Male,1980-07-15,zayyan.mittal1389@bankai.com,6734785369,67,Loans,Assistant Manager,32.0,2015-07-07,31,85052,Permanent,3.9,Active
1390,BKAIEMP443818,Sachi,Master,Sachi Master,Female,1995-07-12,sachi.master1390@bankai.com,4450928605,12,Risk Management,Relationship Manager,1351.0,2015-07-07,22,45972,Permanent,3.8,Active
1391,BKAIEMP868071,Finn,Rastogi,Finn Rastogi,Male,2001-07-10,finn.rastogi1391@bankai.com,7066489008,67,Loans,Loan Officer,149.0,2008-07-08,9,44092,Permanent,3.5,Active
1392,BKAIEMP910099,Jonathan,Parmer,Jonathan Parmer,Male,1988-07-13,jonathan.parmer1392@bankai.com,3088983057,31,Risk Management,Assistant Manager,1277.0,2007-07-09,34,77755,Permanent,3.9,Active
1393,BKAIEMP992204,Jagat,Som,Jagat Som,Male,1984-07-14,jagat.som1393@bankai.com,1856302750,5,Information Technology,Credit Analyst,471.0,2009-07-08,2,78386,Contract,4.0,Active
1394,BKAIEMP412619,Arin,Pai,Arin Pai,Male,1967-07-19,arin.pai1394@bankai.com,6199530564,44,Information Technology,Loan Officer,1049.0,2009-07-08,8,39326,Permanent,3.2,Active
1395,BKAIEMP829054,Gopal,Sarma,Gopal Sarma,Male,1977-07-16,gopal.sarma1395@bankai.com,6790870187,12,Finance,Cashier,367.0,2019-07-06,2,42824,Permanent,3.5,Active
1396,BKAIEMP745485,Amruta,Chowdhury,Amruta Chowdhury,Female,1977-07-16,amruta.chowdhury1396@bankai.com,6510344442,36,Risk Management,Customer Service Executive,160.0,2007-07-09,1,27080,Permanent,4.2,Active
1397,BKAIEMP257199,Ronith,Sule,Ronith Sule,Male,1966-07-19,ronith.sule1397@bankai.com,5686524062,74,Risk Management,Cashier,1036.0,2011-07-08,34,30043,Permanent,2.8,Active
1398,BKAIEMP928928,Orinder,Sarin,Orinder Sarin,Male,1971-07-18,orinder.sarin1398@bankai.com,2562221905,41,Human Resources,Clerk,2.0,2014-07-07,2,32543,Permanent,4.1,Active
1399,BKAIEMP795803,Thomas,Balan,Thomas Balan,Male,1982-07-15,thomas.balan1399@bankai.com,7476484559,97,Risk Management,Loan Officer,781.0,2007-07-09,1,56749,Permanent,3.9,Active
1400,BKAIEMP284452,Nihal,Garde,Nihal Garde,Male,1984-07-14,nihal.garde1400@bankai.com,3835071245,48,Customer Service,Loan Officer,515.0,2021-07-05,34,69313,Permanent,4.0,Active
1401,BKAIEMP294708,Fiyaz,Bhalla,Fiyaz Bhalla,Male,1990-07-13,fiyaz.bhalla1401@bankai.com,3622117327,82,Loans,Sales Executive,1400.0,2009-07-08,18,54227,Permanent,3.2,Active
1402,BKAIEMP672713,Lopa,Wason,Lopa Wason,Female,1969-07-18,lopa.wason1402@bankai.com,9585585229,14,Finance,Sales Executive,830.0,2021-07-05,12,38543,Permanent,4.2,Active
1403,BKAIEMP286540,Ekaraj,Munshi,Ekaraj Munshi,Male,1984-07-14,ekaraj.munshi1403@bankai.com,6185759171,50,Loans,Cashier,1179.0,2021-07-05,30,38226,Contract,3.1,Active
1404,BKAIEMP207186,Arjun,Patil,Arjun Patil,Male,1991-07-13,arjun.patil1404@bankai.com,9147744735,65,Corporate Banking,Customer Service Executive,1147.0,2014-07-07,23,37098,Permanent,4.9,Active
1405,BKAIEMP440133,Manthan,Sarma,Manthan Sarma,Male,2004-07-09,manthan.sarma1405@bankai.com,1715949734,79,Finance,Cashier,999.0,2017-07-06,35,33575,Permanent,3.0,Active
1406,BKAIEMP964371,Andrew,Nath,Andrew Nath,Male,1969-07-18,andrew.nath1406@bankai.com,7880331836,10,Corporate Banking,Customer Service Executive,986.0,2007-07-09,32,40867,Permanent,3.0,Active
1407,BKAIEMP190188,Jagdish,Verma,Jagdish Verma,Male,1982-07-15,jagdish.verma1407@bankai.com,6087882815,27,Risk Management,Loan Officer,630.0,2024-07-04,2,56315,Permanent,2.8,Active
1408,BKAIEMP483894,Wazir,Hegde,Wazir Hegde,Male,1966-07-19,wazir.hegde1408@bankai.com,4862515217,28,Risk Management,Relationship Manager,975.0,2010-07-08,11,51381,Permanent,3.6,Active
1409,BKAIEMP987729,Hitesh,Narang,Hitesh Narang,Male,1996-07-11,hitesh.narang1409@bankai.com,7801891567,90,Corporate Banking,Clerk,581.0,2024-07-04,17,22576,Permanent,2.9,Active
1410,BKAIEMP595858,Rayaan,Taneja,Rayaan Taneja,Male,1970-07-18,rayaan.taneja1410@bankai.com,7762969143,8,Information Technology,Clerk,270.0,2011-07-08,33,22110,Permanent,2.8,Active
1411,BKAIEMP521730,Kabir,Puri,Kabir Puri,Male,1995-07-12,kabir.puri1411@bankai.com,4509999001,18,Finance,Sales Executive,1142.0,2013-07-07,22,43634,Permanent,3.3,Active
1412,BKAIEMP665093,Onkar,Srinivasan,Onkar Srinivasan,Male,1977-07-16,onkar.srinivasan1412@bankai.com,9083521189,36,Customer Service,Sales Executive,344.0,2022-07-05,28,46145,Permanent,3.8,Inactive
1413,BKAIEMP868488,Mitali,Garde,Mitali Garde,Female,1968-07-18,mitali.garde1413@bankai.com,6488499795,55,Finance,Loan Officer,650.0,2007-07-09,21,53876,Permanent,2.8,Active
1414,BKAIEMP448436,Reva,Swaminathan,Reva Swaminathan,Female,2004-07-09,reva.swaminathan1414@bankai.com,9582819022,18,Retail Banking,Clerk,81.0,2025-07-04,27,24554,Permanent,3.4,Active
1415,BKAIEMP237497,Vihaan,Yohannan,Vihaan Yohannan,Male,1998-07-11,vihaan.yohannan1415@bankai.com,2488397170,42,Finance,Loan Officer,142.0,2020-07-05,15,35365,Permanent,3.7,Active
1416,BKAIEMP815123,Mason,Lala,Mason Lala,Male,1999-07-11,mason.lala1416@bankai.com,1436728681,37,Customer Service,Cashier,583.0,2010-07-08,11,42196,Permanent,3.5,Active
1417,BKAIEMP543623,Amruta,Kadakia,Amruta Kadakia,Female,1977-07-16,amruta.kadakia1417@bankai.com,6811939781,82,Compliance,Relationship Manager,600.0,2006-07-09,14,72084,Permanent,2.5,Active
1418,BKAIEMP486750,Abdul,Bajaj,Abdul Bajaj,Male,1987-07-14,abdul.bajaj1418@bankai.com,1779055286,27,Corporate Banking,Operations Executive,1077.0,2020-07-05,10,35664,Permanent,4.5,Active
1419,BKAIEMP309905,Indrajit,Prakash,Indrajit Prakash,Male,1967-07-19,indrajit.prakash1419@bankai.com,5880705326,19,Retail Banking,Sales Executive,1284.0,2017-07-06,8,50449,Permanent,3.4,Active
1420,BKAIEMP613317,Jai,Buch,Jai Buch,Male,1995-07-12,jai.buch1420@bankai.com,3829742551,27,Human Resources,Loan Officer,949.0,2015-07-07,16,36587,Permanent,4.4,Active
1421,BKAIEMP925148,Bhanumati,Wali,Bhanumati Wali,Female,1994-07-12,bhanumati.wali1421@bankai.com,8181045024,45,Compliance,Customer Service Executive,951.0,2016-07-06,11,33530,Permanent,3.4,Active
1422,BKAIEMP441242,Sai,Boase,Sai Boase,Male,1996-07-11,sai.boase1422@bankai.com,8736627135,80,Corporate Banking,Cashier,1047.0,2012-07-07,2,37530,Permanent,3.9,Active
1423,BKAIEMP853180,Jason,Kadakia,Jason Kadakia,Male,1977-07-16,jason.kadakia1423@bankai.com,3900585615,16,Compliance,Customer Service Executive,360.0,2024-07-04,11,39980,Permanent,3.0,Active
1424,BKAIEMP978560,Chameli,Natt,Chameli Natt,Female,2004-07-09,chameli.natt1424@bankai.com,6397925511,42,Loans,Credit Analyst,354.0,2022-07-05,11,87791,Contract,4.8,Active
1425,BKAIEMP868401,Ronith,Basak,Ronith Basak,Male,1978-07-16,ronith.basak1425@bankai.com,8377270289,42,Information Technology,Relationship Manager,155.0,2006-07-09,6,64870,Permanent,3.9,Active
1426,BKAIEMP927695,Aarnav,Oza,Aarnav Oza,Male,1969-07-18,aarnav.oza1426@bankai.com,4281644161,70,Operations,Customer Service Executive,656.0,2009-07-08,15,35094,Permanent,2.8,Active
1427,BKAIEMP329497,Vihaan,Naik,Vihaan Naik,Male,1995-07-12,vihaan.naik1427@bankai.com,5846405103,51,Customer Service,Operations Executive,507.0,2026-07-04,31,48711,Permanent,4.7,Active
1428,BKAIEMP289226,Ekanta,Swaminathan,Ekanta Swaminathan,Female,1977-07-16,ekanta.swaminathan1428@bankai.com,0427636281,78,Information Technology,Cashier,899.0,2026-07-04,7,31120,Permanent,3.6,Active
1429,BKAIEMP896651,Utkarsh,D’Alia,Utkarsh D’Alia,Male,1972-07-17,utkarsh.d’alia1429@bankai.com,9530969067,64,Corporate Banking,Customer Service Executive,439.0,2011-07-08,29,35711,Permanent,4.9,Active
1430,BKAIEMP951780,Aarav,Ghose,Aarav Ghose,Male,1999-07-11,aarav.ghose1430@bankai.com,8849874551,18,Finance,Relationship Manager,814.0,2025-07-04,1,57349,Permanent,4.7,Active
1431,BKAIEMP643816,Utkarsh,Deshpande,Utkarsh Deshpande,Male,1973-07-17,utkarsh.deshpande1431@bankai.com,1743068811,65,Information Technology,Customer Service Executive,898.0,2015-07-07,29,31900,Permanent,4.3,Active
1432,BKAIEMP768390,Harrison,Mody,Harrison Mody,Male,1971-07-18,harrison.mody1432@bankai.com,9881873877,51,Retail Banking,Cashier,83.0,2020-07-05,15,25568,Permanent,3.3,Active
1433,BKAIEMP214798,Jackson,Kala,Jackson Kala,Male,1976-07-16,jackson.kala1433@bankai.com,4770413090,9,Finance,Sales Executive,334.0,2020-07-05,20,58573,Permanent,4.7,Active
1434,BKAIEMP917071,Gopal,Vala,Gopal Vala,Male,1968-07-18,gopal.vala1434@bankai.com,0282625420,96,Finance,Relationship Manager,1360.0,2026-07-04,10,51060,Permanent,3.7,Active
1435,BKAIEMP105151,Kamala,Chada,Kamala Chada,Female,1969-07-18,kamala.chada1435@bankai.com,5772044100,54,Compliance,Relationship Manager,170.0,2020-07-05,12,77759,Permanent,4.9,Active
1436,BKAIEMP221173,Chandresh,Kale,Chandresh Kale,Male,1992-07-12,chandresh.kale1436@bankai.com,4538109794,21,Corporate Banking,Relationship Manager,1407.0,2012-07-07,9,71877,Permanent,4.2,Active
1437,BKAIEMP221565,Lakshit,Shroff,Lakshit Shroff,Male,1998-07-11,lakshit.shroff1437@bankai.com,9872649632,49,Risk Management,Operations Executive,215.0,2022-07-05,5,35921,Permanent,4.0,Active
1438,BKAIEMP896867,Yug,Misra,Yug Misra,Male,1977-07-16,yug.misra1438@bankai.com,2404326118,32,Operations,Cashier,1276.0,2020-07-05,33,26213,Permanent,3.0,Active
1439,BKAIEMP577462,Gopal,Mody,Gopal Mody,Male,1986-07-14,gopal.mody1439@bankai.com,8616307028,100,Human Resources,Branch Manager,,2023-07-05,11,109612,Permanent,3.2,Active
1440,BKAIEMP755725,Ayaan,Doshi,Ayaan Doshi,Male,1972-07-17,ayaan.doshi1440@bankai.com,0953662195,18,Finance,Sales Executive,18.0,2008-07-08,25,51788,Permanent,2.8,Active
1441,BKAIEMP834659,Alexander,Anne,Alexander Anne,Male,1982-07-15,alexander.anne1441@bankai.com,7795001732,45,Risk Management,Branch Manager,,2024-07-04,12,175872,Permanent,4.8,Active
1442,BKAIEMP963495,Agastya,Shenoy,Agastya Shenoy,Male,2004-07-09,agastya.shenoy1442@bankai.com,9713072211,100,Corporate Banking,Cashier,469.0,2012-07-07,31,28887,Permanent,3.0,Active
1443,BKAIEMP421855,Ansh,Upadhyay,Ansh Upadhyay,Male,1997-07-11,ansh.upadhyay1443@bankai.com,1672210454,28,Retail Banking,Customer Service Executive,532.0,2024-07-04,24,30117,Permanent,5.0,Active
1444,BKAIEMP602593,Christopher,Ganesh,Christopher Ganesh,Male,1991-07-13,christopher.ganesh1444@bankai.com,7074436023,72,Compliance,Cashier,570.0,2025-07-04,10,30451,Permanent,2.7,Active
1445,BKAIEMP532371,Hiral,Patel,Hiral Patel,Female,1991-07-13,hiral.patel1445@bankai.com,1602523941,17,Loans,Cashier,577.0,2010-07-08,1,28507,Permanent,3.2,Active
1446,BKAIEMP332612,Madhavi,Mody,Madhavi Mody,Female,1987-07-14,madhavi.mody1446@bankai.com,7269032655,5,Operations,Operations Executive,121.0,2023-07-05,0,30552,Permanent,4.8,Active
1447,BKAIEMP486469,Wahab,Rege,Wahab Rege,Male,1978-07-16,wahab.rege1447@bankai.com,7948024559,40,Information Technology,Credit Analyst,133.0,2015-07-07,28,79020,Permanent,4.4,Active
1448,BKAIEMP363487,Rayaan,Bansal,Rayaan Bansal,Male,1975-07-17,rayaan.bansal1448@bankai.com,1191589126,14,Loans,Sales Executive,515.0,2012-07-07,15,44227,Permanent,2.6,Active
1449,BKAIEMP140611,Samuel,Kumer,Samuel Kumer,Male,1992-07-12,samuel.kumer1449@bankai.com,8686237600,4,Risk Management,Sales Executive,1135.0,2019-07-06,7,33289,Permanent,3.2,Active
1450,BKAIEMP670816,Nachiket,Shan,Nachiket Shan,Male,2005-07-09,nachiket.shan1450@bankai.com,0837819190,67,Corporate Banking,Cashier,1373.0,2015-07-07,2,39672,Permanent,4.0,Active
1451,BKAIEMP585968,Dhruv,Chada,Dhruv Chada,Male,2000-07-10,dhruv.chada1451@bankai.com,4006983692,26,Human Resources,Cashier,87.0,2013-07-07,3,39842,Permanent,2.6,Active
1452,BKAIEMP478662,Liam,Zachariah,Liam Zachariah,Male,1972-07-17,liam.zachariah1452@bankai.com,8647082139,36,Compliance,Clerk,615.0,2020-07-05,18,28563,Permanent,4.3,Active
1453,BKAIEMP653776,Laksh,Sankaran,Laksh Sankaran,Male,1983-07-15,laksh.sankaran1453@bankai.com,2021237205,58,Risk Management,Relationship Manager,1441.0,2013-07-07,34,61630,Permanent,3.0,Active
1454,BKAIEMP736446,Ikbal,Agate,Ikbal Agate,Male,1980-07-15,ikbal.agate1454@bankai.com,0088634673,21,Compliance,Clerk,521.0,2013-07-07,12,28449,Permanent,2.9,Active
1455,BKAIEMP833455,Aarnav,Aggarwal,Aarnav Aggarwal,Male,1975-07-17,aarnav.aggarwal1455@bankai.com,1416009169,3,Retail Banking,Loan Officer,118.0,2018-07-06,8,61409,Permanent,2.8,Active
1456,BKAIEMP933726,Yug,Jaggi,Yug Jaggi,Male,1998-07-11,yug.jaggi1456@bankai.com,9897906085,7,Compliance,Assistant Manager,1206.0,2011-07-08,4,81841,Permanent,4.8,Active
1457,BKAIEMP670297,Unnati,Srinivasan,Unnati Srinivasan,Female,1970-07-18,unnati.srinivasan1457@bankai.com,6300099843,9,Information Technology,Loan Officer,1434.0,2006-07-09,15,52665,Permanent,3.3,Active
1458,BKAIEMP144351,Chasmum,Konda,Chasmum Konda,Female,1989-07-13,chasmum.konda1458@bankai.com,1181519854,79,Information Technology,Loan Officer,1028.0,2025-07-04,11,54505,Permanent,4.0,Active
1459,BKAIEMP616763,Nilima,Doctor,Nilima Doctor,Female,1991-07-13,nilima.doctor1459@bankai.com,3401535346,83,Corporate Banking,Sales Executive,407.0,2012-07-07,33,49343,Permanent,2.8,Active
1460,BKAIEMP530846,Naveen,Prashad,Naveen Prashad,Male,1981-07-15,naveen.prashad1460@bankai.com,4946672010,13,Loans,Operations Executive,443.0,2011-07-08,6,39393,Contract,3.7,Active
1461,BKAIEMP558116,Abhiram,Dewan,Abhiram Dewan,Male,1994-07-12,abhiram.dewan1461@bankai.com,8223879402,27,Human Resources,Sales Executive,1372.0,2008-07-08,20,49500,Permanent,3.9,Active
1462,BKAIEMP846048,Oscar,Tella,Oscar Tella,Male,1989-07-13,oscar.tella1462@bankai.com,7452735364,22,Risk Management,Sales Executive,1353.0,2022-07-05,4,30862,Permanent,2.6,Active
1463,BKAIEMP193347,Vasana,Badal,Vasana Badal,Female,1979-07-16,vasana.badal1463@bankai.com,4129182851,8,Loans,Sales Executive,1354.0,2026-07-04,6,50670,Permanent,4.1,Active
1464,BKAIEMP346636,Bhavya,Goda,Bhavya Goda,Female,1982-07-15,bhavya.goda1464@bankai.com,5904610079,88,Information Technology,Clerk,1171.0,2010-07-08,5,31756,Permanent,5.0,Active
1465,BKAIEMP566046,Libni,Sandhu,Libni Sandhu,Female,2004-07-09,libni.sandhu1465@bankai.com,0012838271,94,Human Resources,Credit Analyst,1032.0,2006-07-09,5,88512,Contract,4.8,Active
1466,BKAIEMP518383,Irya,Datta,Irya Datta,Female,1989-07-13,irya.datta1466@bankai.com,1512048507,39,Human Resources,Sales Executive,284.0,2021-07-05,34,54832,Permanent,4.9,Active
1467,BKAIEMP698828,Isaac,Kuruvilla,Isaac Kuruvilla,Male,1977-07-16,isaac.kuruvilla1467@bankai.com,6042276346,65,Finance,Operations Executive,897.0,2026-07-04,14,47665,Permanent,4.5,Active
1468,BKAIEMP798964,Chaitanya,Natarajan,Chaitanya Natarajan,Male,2000-07-10,chaitanya.natarajan1468@bankai.com,0573472435,24,Operations,Cashier,779.0,2008-07-08,30,27789,Permanent,3.5,Active
1469,BKAIEMP623957,Yatan,Rout,Yatan Rout,Male,1968-07-18,yatan.rout1469@bankai.com,2512726708,35,Loans,Clerk,1229.0,2013-07-07,32,31169,Permanent,2.9,Active
1470,BKAIEMP796866,Parth,Ratta,Parth Ratta,Male,2002-07-10,parth.ratta1470@bankai.com,2419768784,35,Retail Banking,Clerk,1206.0,2015-07-07,30,25757,Permanent,3.1,Active
1471,BKAIEMP547898,Vinaya,Buch,Vinaya Buch,Female,2003-07-10,vinaya.buch1471@bankai.com,9035006184,64,Human Resources,Cashier,1316.0,2019-07-06,22,30800,Permanent,4.2,Active
1472,BKAIEMP471240,Matthew,Dhingra,Matthew Dhingra,Male,1999-07-11,matthew.dhingra1472@bankai.com,3543404668,100,Compliance,Loan Officer,1190.0,2006-07-09,24,61093,Permanent,4.1,Active
1473,BKAIEMP975651,Chameli,Nayar,Chameli Nayar,Female,1966-07-19,chameli.nayar1473@bankai.com,4952549206,49,Risk Management,Operations Executive,1120.0,2019-07-06,18,53604,Permanent,4.0,Active
1474,BKAIEMP565511,David,Chaudhuri,David Chaudhuri,Male,2005-07-09,david.chaudhuri1474@bankai.com,3881827306,20,Human Resources,Loan Officer,693.0,2023-07-05,4,60292,Permanent,5.0,Active
1475,BKAIEMP388586,Pahal,Mani,Pahal Mani,Female,1971-07-18,pahal.mani1475@bankai.com,1884968066,70,Loans,Sales Executive,1.0,2010-07-08,26,48804,Contract,4.4,Active
1476,BKAIEMP743909,Chandran,Chaudhuri,Chandran Chaudhuri,Male,2003-07-10,chandran.chaudhuri1476@bankai.com,2125434123,56,Loans,Operations Executive,530.0,2014-07-07,14,45713,Permanent,5.0,Active
1477,BKAIEMP753513,Atharv,Mukhopadhyay,Atharv Mukhopadhyay,Male,2001-07-10,atharv.mukhopadhyay1477@bankai.com,0372186003,12,Customer Service,Assistant Manager,152.0,2020-07-05,1,87187,Permanent,4.7,Inactive
1478,BKAIEMP960617,Charles,Sekhon,Charles Sekhon,Male,1992-07-12,charles.sekhon1478@bankai.com,1140034713,92,Risk Management,Customer Service Executive,222.0,2019-07-06,10,31990,Permanent,3.5,Active
1479,BKAIEMP436821,Viraj,Sachdeva,Viraj Sachdeva,Male,1970-07-18,viraj.sachdeva1479@bankai.com,1625908419,66,Corporate Banking,Loan Officer,821.0,2016-07-06,16,36437,Permanent,3.4,Active
1480,BKAIEMP230620,Omya,Patla,Omya Patla,Female,1966-07-19,omya.patla1480@bankai.com,1137535821,13,Risk Management,Cashier,652.0,2006-07-09,16,26034,Permanent,4.2,Active
1481,BKAIEMP592879,Zarna,Sawhney,Zarna Sawhney,Female,1975-07-17,zarna.sawhney1481@bankai.com,7279037161,96,Corporate Banking,Cashier,1057.0,2022-07-05,4,33476,Permanent,3.9,Active
1482,BKAIEMP520169,Christopher,Singhal,Christopher Singhal,Male,1976-07-16,christopher.singhal1482@bankai.com,2399647718,71,Loans,Customer Service Executive,199.0,2018-07-06,0,27608,Permanent,3.5,Active
1483,BKAIEMP752788,Ishaan,Baria,Ishaan Baria,Male,1994-07-12,ishaan.baria1483@bankai.com,6810248085,51,Risk Management,Loan Officer,543.0,2009-07-08,20,62668,Permanent,3.8,Active
1484,BKAIEMP830311,Amol,Aurora,Amol Aurora,Male,1966-07-19,amol.aurora1484@bankai.com,4432362216,71,Compliance,Clerk,639.0,2010-07-08,25,28244,Permanent,4.2,Active
1485,BKAIEMP942613,Rayaan,Pandey,Rayaan Pandey,Male,2002-07-10,rayaan.pandey1485@bankai.com,4670675169,15,Corporate Banking,Customer Service Executive,1257.0,2022-07-05,20,44631,Permanent,2.6,Active
1486,BKAIEMP828515,Qabil,Dhar,Qabil Dhar,Male,2003-07-10,qabil.dhar1486@bankai.com,5016426107,45,Corporate Banking,Cashier,145.0,2011-07-08,24,27575,Permanent,4.3,Active
1487,BKAIEMP946729,Qabil,Batra,Qabil Batra,Male,1980-07-15,qabil.batra1487@bankai.com,2431983924,27,Risk Management,Operations Executive,644.0,2019-07-06,35,43460,Contract,4.1,Active
1488,BKAIEMP497392,Bachittar,Kannan,Bachittar Kannan,Male,1974-07-17,bachittar.kannan1488@bankai.com,0416910530,1,Retail Banking,Cashier,51.0,2007-07-09,3,43756,Permanent,2.8,Active
1489,BKAIEMP494616,Balendra,Purohit,Balendra Purohit,Male,1981-07-15,balendra.purohit1489@bankai.com,5864633953,88,Customer Service,Relationship Manager,1141.0,2007-07-09,18,73502,Permanent,3.5,Active
1490,BKAIEMP430036,Chakradhar,Aggarwal,Chakradhar Aggarwal,Male,1978-07-16,chakradhar.aggarwal1490@bankai.com,0147642789,47,Compliance,Relationship Manager,908.0,2016-07-06,19,46912,Permanent,4.5,Active
1491,BKAIEMP944381,Warinder,Koshy,Warinder Koshy,Male,1967-07-19,warinder.koshy1491@bankai.com,5128177512,4,Risk Management,Loan Officer,268.0,2019-07-06,32,59217,Permanent,3.5,Active
1492,BKAIEMP452853,Yuvraj,Toor,Yuvraj Toor,Male,1987-07-14,yuvraj.toor1492@bankai.com,5542609723,7,Corporate Banking,Customer Service Executive,813.0,2006-07-09,26,35944,Permanent,3.4,Active
1493,BKAIEMP268049,Manbir,Master,Manbir Master,Male,1994-07-12,manbir.master1493@bankai.com,5467720517,16,Loans,Clerk,312.0,2017-07-06,27,24966,Contract,4.5,Active
1494,BKAIEMP425704,Ishani,Bhat,Ishani Bhat,Female,1980-07-15,ishani.bhat1494@bankai.com,1564783703,18,Finance,Operations Executive,1256.0,2024-07-04,30,42784,Permanent,2.7,Active
1495,BKAIEMP954888,Nikita,Kari,Nikita Kari,Female,1989-07-13,nikita.kari1495@bankai.com,2741485726,69,Human Resources,Assistant Manager,1310.0,2014-07-07,32,61965,Permanent,4.8,Active
1496,BKAIEMP604575,Gabriel,Natarajan,Gabriel Natarajan,Male,1974-07-17,gabriel.natarajan1496@bankai.com,6862728840,72,Loans,Customer Service Executive,402.0,2024-07-04,25,30665,Permanent,4.7,Active
1497,BKAIEMP567785,Ladli,Deshpande,Ladli Deshpande,Female,1997-07-11,ladli.deshpande1497@bankai.com,7632713538,92,Risk Management,Credit Analyst,539.0,2021-07-05,17,77852,Permanent,4.3,Active
1498,BKAIEMP871139,Ekapad,Parmar,Ekapad Parmar,Male,1975-07-17,ekapad.parmar1498@bankai.com,3868790604,44,Operations,Customer Service Executive,881.0,2015-07-07,14,44291,Permanent,4.7,Active
1499,BKAIEMP486395,Jackson,Goda,Jackson Goda,Male,1989-07-13,jackson.goda1499@bankai.com,5534050892,66,Loans,Cashier,635.0,2022-07-05,10,29043,Permanent,4.2,Active
1500,BKAIEMP149439,Shaurya,Chacko,Shaurya Chacko,Male,2003-07-10,shaurya.chacko1500@bankai.com,9764053567,87,Risk Management,Loan Officer,522.0,2017-07-06,17,59079,Permanent,3.7,Active
1501,BKAIEMP216815,Vedika,Tata,Vedika Tata,Female,1997-07-11,vedika.tata1501@bankai.com,5426190384,25,Loans,Sales Executive,1461.0,2012-07-07,4,39354,Permanent,4.0,Active
1502,BKAIEMP572645,Jagrati,Rau,Jagrati Rau,Female,1977-07-16,jagrati.rau1502@bankai.com,7320222711,100,Risk Management,Operations Executive,423.0,2019-07-06,5,51774,Permanent,4.1,Active
1503,BKAIEMP665073,Yash,Sandhu,Yash Sandhu,Male,1981-07-15,yash.sandhu1503@bankai.com,7162042985,88,Loans,Assistant Manager,150.0,2011-07-08,35,71587,Permanent,4.1,Active
1504,BKAIEMP358933,Tamanna,Kaul,Tamanna Kaul,Female,2003-07-10,tamanna.kaul1504@bankai.com,5216903922,33,Finance,Customer Service Executive,1464.0,2006-07-09,24,31368,Permanent,4.0,Active
1505,BKAIEMP970049,Abhimanyu,Chandran,Abhimanyu Chandran,Male,1996-07-11,abhimanyu.chandran1505@bankai.com,2647106801,35,Information Technology,Operations Executive,470.0,2016-07-06,32,37520,Permanent,2.5,Active
1506,BKAIEMP639704,Janaki,Buch,Janaki Buch,Female,2001-07-10,janaki.buch1506@bankai.com,3705004933,92,Risk Management,Sales Executive,903.0,2011-07-08,6,46552,Permanent,4.8,Active
1507,BKAIEMP366750,Gavin,Kulkarni,Gavin Kulkarni,Male,1982-07-15,gavin.kulkarni1507@bankai.com,6931729476,34,Customer Service,Relationship Manager,876.0,2025-07-04,16,79847,Permanent,3.8,Active
1508,BKAIEMP572211,Indrajit,Bali,Indrajit Bali,Male,1970-07-18,indrajit.bali1508@bankai.com,5402599851,14,Retail Banking,Customer Service Executive,1315.0,2006-07-09,13,35502,Permanent,4.0,Active
1509,BKAIEMP665042,Isaiah,Datta,Isaiah Datta,Male,1981-07-15,isaiah.datta1509@bankai.com,2728129163,80,Information Technology,Customer Service Executive,1187.0,2013-07-07,16,44212,Permanent,4.4,Active
1510,BKAIEMP429779,Upadhriti,Bhargava,Upadhriti Bhargava,Female,1975-07-17,upadhriti.bhargava1510@bankai.com,6676527284,75,Loans,Customer Service Executive,982.0,2023-07-05,19,33986,Permanent,4.2,Active
1511,BKAIEMP884019,Yash,Lanka,Yash Lanka,Male,1981-07-15,yash.lanka1511@bankai.com,0708864067,91,Customer Service,Sales Executive,359.0,2018-07-06,34,34331,Permanent,4.6,Active
1512,BKAIEMP349841,Frado,Basu,Frado Basu,Male,1969-07-18,frado.basu1512@bankai.com,1929022154,14,Loans,Relationship Manager,231.0,2006-07-09,15,77765,Permanent,4.8,Active
1513,BKAIEMP642198,Meera,Lad,Meera Lad,Female,1973-07-17,meera.lad1513@bankai.com,9322533320,7,Information Technology,Relationship Manager,1141.0,2020-07-05,11,55995,Permanent,2.6,Active
1514,BKAIEMP117068,Bahadurjit,Baria,Bahadurjit Baria,Male,2001-07-10,bahadurjit.baria1514@bankai.com,5550193545,89,Human Resources,Relationship Manager,791.0,2012-07-07,0,73440,Permanent,2.6,Active
1515,BKAIEMP940997,Yashawini,Mane,Yashawini Mane,Female,1975-07-17,yashawini.mane1515@bankai.com,9333243629,92,Risk Management,Customer Service Executive,250.0,2026-07-04,35,42948,Permanent,3.2,Active
1516,BKAIEMP679896,Amara,Palan,Amara Palan,Female,1987-07-14,amara.palan1516@bankai.com,1244129075,41,Operations,Loan Officer,1314.0,2024-07-04,15,68445,Permanent,4.5,Active
1517,BKAIEMP772676,Ekani,Bhalla,Ekani Bhalla,Female,1997-07-11,ekani.bhalla1517@bankai.com,2376317749,25,Finance,Operations Executive,634.0,2013-07-07,35,49290,Permanent,4.2,Active
1518,BKAIEMP579245,Bachittar,Aurora,Bachittar Aurora,Male,1980-07-15,bachittar.aurora1518@bankai.com,2941937591,24,Retail Banking,Operations Executive,758.0,2018-07-06,1,40794,Contract,4.0,Active
1519,BKAIEMP557086,Rudra,Sekhon,Rudra Sekhon,Male,1978-07-16,rudra.sekhon1519@bankai.com,3175362647,86,Risk Management,Branch Manager,,2013-07-07,2,125215,Permanent,2.5,Active
1520,BKAIEMP843397,Sudiksha,Krishnamurthy,Sudiksha Krishnamurthy,Female,2000-07-10,sudiksha.krishnamurthy1520@bankai.com,1209617300,91,Operations,Loan Officer,578.0,2026-07-04,5,64295,Permanent,2.8,Active
1521,BKAIEMP143995,Zinal,Luthra,Zinal Luthra,Female,1972-07-17,zinal.luthra1521@bankai.com,2403211535,79,Retail Banking,Customer Service Executive,753.0,2009-07-08,30,31378,Permanent,3.9,Active
1522,BKAIEMP267044,Champak,Madan,Champak Madan,Male,1981-07-15,champak.madan1522@bankai.com,2191430877,78,Compliance,Customer Service Executive,32.0,2010-07-08,25,32670,Permanent,3.9,Active
1523,BKAIEMP815263,Kalpit,Shukla,Kalpit Shukla,Male,1974-07-17,kalpit.shukla1523@bankai.com,5422188345,79,Corporate Banking,Relationship Manager,746.0,2026-07-04,33,69313,Permanent,3.6,Active
1524,BKAIEMP124509,Hemangini,Amble,Hemangini Amble,Female,1967-07-19,hemangini.amble1524@bankai.com,8770676933,31,Loans,Customer Service Executive,46.0,2024-07-04,24,29348,Permanent,4.3,Inactive
1525,BKAIEMP705355,Tanveer,Pandya,Tanveer Pandya,Male,1970-07-18,tanveer.pandya1525@bankai.com,5902578464,24,Risk Management,Clerk,31.0,2017-07-06,33,23288,Permanent,2.5,Active
1526,BKAIEMP176377,Yashasvi,Parmer,Yashasvi Parmer,Female,1976-07-16,yashasvi.parmer1526@bankai.com,8256726208,47,Finance,Cashier,1046.0,2016-07-06,8,28859,Permanent,3.6,Active
1527,BKAIEMP503803,Dev,Ganguly,Dev Ganguly,Male,1967-07-19,dev.ganguly1527@bankai.com,4355196282,24,Corporate Banking,Relationship Manager,198.0,2009-07-08,18,54480,Permanent,4.0,Active
1528,BKAIEMP270623,Aarna,Cherian,Aarna Cherian,Female,1996-07-11,aarna.cherian1528@bankai.com,5624728639,78,Compliance,Cashier,685.0,2010-07-08,11,44255,Permanent,2.6,Active
1529,BKAIEMP379341,Chandani,Gara,Chandani Gara,Female,1997-07-11,chandani.gara1529@bankai.com,3414992900,14,Human Resources,Credit Analyst,710.0,2017-07-06,23,74434,Permanent,4.6,Active
1530,BKAIEMP232465,Harinakshi,Sawhney,Harinakshi Sawhney,Female,1982-07-15,harinakshi.sawhney1530@bankai.com,2660450956,64,Retail Banking,Relationship Manager,1455.0,2008-07-08,9,46183,Contract,2.6,Active
1531,BKAIEMP529925,William,Mane,William Mane,Male,1988-07-13,william.mane1531@bankai.com,0391019335,7,Compliance,Operations Executive,352.0,2020-07-05,21,34456,Permanent,4.7,Inactive
1532,BKAIEMP856148,Gaurang,Desai,Gaurang Desai,Male,1988-07-13,gaurang.desai1532@bankai.com,4711936006,1,Retail Banking,Credit Analyst,183.0,2011-07-08,20,84089,Permanent,4.8,Active
1533,BKAIEMP352046,Vihaan,Sunder,Vihaan Sunder,Male,2000-07-10,vihaan.sunder1533@bankai.com,5646160762,18,Risk Management,Loan Officer,149.0,2014-07-07,28,59454,Permanent,2.7,Active
1534,BKAIEMP195909,Zansi,Pandya,Zansi Pandya,Female,1998-07-11,zansi.pandya1534@bankai.com,0953723461,74,Finance,Customer Service Executive,3.0,2007-07-09,3,30832,Permanent,4.7,Active
1535,BKAIEMP548165,Jasmit,Choudhry,Jasmit Choudhry,Female,2000-07-10,jasmit.choudhry1535@bankai.com,3610944164,96,Retail Banking,Assistant Manager,1524.0,2015-07-07,11,67451,Contract,4.7,Active
1536,BKAIEMP134422,Saumya,Palla,Saumya Palla,Female,1976-07-16,saumya.palla1536@bankai.com,4137277685,10,Risk Management,Relationship Manager,1216.0,2016-07-06,2,45963,Permanent,3.7,Active
1537,BKAIEMP701885,Udyati,Joshi,Udyati Joshi,Female,1986-07-14,udyati.joshi1537@bankai.com,9429046175,72,Finance,Customer Service Executive,1432.0,2017-07-06,32,32438,Permanent,2.9,Active
1538,BKAIEMP999115,Thomas,Bahri,Thomas Bahri,Male,1979-07-16,thomas.bahri1538@bankai.com,7999324202,45,Loans,Customer Service Executive,1219.0,2018-07-06,13,34143,Contract,4.4,Active
1539,BKAIEMP248112,Vamakshi,Morar,Vamakshi Morar,Female,1975-07-17,vamakshi.morar1539@bankai.com,4172345653,26,Customer Service,Clerk,1103.0,2024-07-04,32,25493,Permanent,4.3,Active
1540,BKAIEMP912314,Joshua,Sen,Joshua Sen,Male,1970-07-18,joshua.sen1540@bankai.com,2548536268,85,Information Technology,Assistant Manager,826.0,2019-07-06,22,82433,Permanent,3.7,Active
1541,BKAIEMP559119,Vinaya,Ghose,Vinaya Ghose,Female,1989-07-13,vinaya.ghose1541@bankai.com,8641009538,68,Operations,Sales Executive,691.0,2022-07-05,23,43784,Permanent,3.5,Active
1542,BKAIEMP569557,Krish,Ghosh,Krish Ghosh,Male,1993-07-12,krish.ghosh1542@bankai.com,6435990093,76,Human Resources,Assistant Manager,449.0,2018-07-06,27,89196,Permanent,3.9,Active
1543,BKAIEMP501211,Karan,Sane,Karan Sane,Male,1986-07-14,karan.sane1543@bankai.com,4761437884,52,Loans,Relationship Manager,1107.0,2025-07-04,14,66682,Permanent,3.6,Active
1544,BKAIEMP570795,Atharv,Randhawa,Atharv Randhawa,Male,1966-07-19,atharv.randhawa1544@bankai.com,1875646726,43,Finance,Assistant Manager,164.0,2015-07-07,23,73011,Permanent,3.9,Active
1545,BKAIEMP902852,Bahadurjit,Pillai,Bahadurjit Pillai,Male,1985-07-14,bahadurjit.pillai1545@bankai.com,1858990027,14,Retail Banking,Assistant Manager,1011.0,2006-07-09,21,82932,Permanent,2.6,Inactive
1546,BKAIEMP204980,Christopher,Apte,Christopher Apte,Male,1976-07-16,christopher.apte1546@bankai.com,5078604356,100,Human Resources,Loan Officer,795.0,2023-07-05,5,36251,Permanent,4.5,Active
1547,BKAIEMP276360,Andrew,Kari,Andrew Kari,Male,2004-07-09,andrew.kari1547@bankai.com,7469833067,52,Information Technology,Cashier,760.0,2019-07-06,11,35326,Permanent,4.8,Active
1548,BKAIEMP186709,Samaksh,Sinha,Samaksh Sinha,Male,1997-07-11,samaksh.sinha1548@bankai.com,8222667941,24,Compliance,Relationship Manager,643.0,2008-07-08,0,68418,Permanent,2.6,Active
1549,BKAIEMP182774,Upkaar,Trivedi,Upkaar Trivedi,Male,1985-07-14,upkaar.trivedi1549@bankai.com,5385906739,15,Finance,Sales Executive,440.0,2021-07-05,3,59704,Permanent,4.9,Active
1550,BKAIEMP133544,Frado,Varma,Frado Varma,Male,1977-07-16,frado.varma1550@bankai.com,6055049221,37,Retail Banking,Loan Officer,1009.0,2023-07-05,21,64028,Permanent,4.6,Active
1551,BKAIEMP775192,Siddharth,Brahmbhatt,Siddharth Brahmbhatt,Male,2004-07-09,siddharth.brahmbhatt1551@bankai.com,7066320162,30,Corporate Banking,Clerk,99.0,2026-07-04,23,28433,Permanent,4.2,Active
1552,BKAIEMP823548,Gopal,Goel,Gopal Goel,Male,1968-07-18,gopal.goel1552@bankai.com,9827182653,16,Retail Banking,Operations Executive,569.0,2015-07-07,13,34130,Contract,4.7,Active
1553,BKAIEMP167538,Veer,Ahuja,Veer Ahuja,Male,2001-07-10,veer.ahuja1553@bankai.com,4942694203,70,Customer Service,Operations Executive,1284.0,2007-07-09,18,33073,Contract,5.0,Active
1554,BKAIEMP476621,Caleb,Khanna,Caleb Khanna,Male,1983-07-15,caleb.khanna1554@bankai.com,4901459967,98,Operations,Credit Analyst,766.0,2008-07-08,34,72312,Permanent,3.4,Active
1555,BKAIEMP775414,Gaurav,Bhatt,Gaurav Bhatt,Male,2004-07-09,gaurav.bhatt1555@bankai.com,8730549824,51,Information Technology,Clerk,878.0,2009-07-08,0,22963,Permanent,3.5,Active
1556,BKAIEMP602249,Liam,Korpal,Liam Korpal,Male,1973-07-17,liam.korpal1556@bankai.com,2178167806,35,Loans,Operations Executive,1468.0,2020-07-05,15,51699,Permanent,4.6,Active
1557,BKAIEMP121507,Dakshesh,Oza,Dakshesh Oza,Male,2005-07-09,dakshesh.oza1557@bankai.com,1649281503,51,Compliance,Clerk,939.0,2014-07-07,14,34431,Permanent,2.9,Active
1558,BKAIEMP176418,Wazir,Bhagat,Wazir Bhagat,Male,1974-07-17,wazir.bhagat1558@bankai.com,6407030880,28,Risk Management,Customer Service Executive,642.0,2018-07-06,0,29260,Permanent,3.0,Active
1559,BKAIEMP758229,Fariq,Ratti,Fariq Ratti,Male,1994-07-12,fariq.ratti1559@bankai.com,8296824485,85,Information Technology,Relationship Manager,1439.0,2022-07-05,3,59341,Permanent,3.3,Active
1560,BKAIEMP699070,Ethan,Varty,Ethan Varty,Male,2003-07-10,ethan.varty1560@bankai.com,9274116806,83,Risk Management,Operations Executive,1387.0,2025-07-04,2,41670,Permanent,4.1,Active
1561,BKAIEMP354778,Reyansh,Choudhary,Reyansh Choudhary,Male,2005-07-09,reyansh.choudhary1561@bankai.com,7662080820,20,Corporate Banking,Cashier,182.0,2014-07-07,16,37864,Permanent,4.5,Active
1562,BKAIEMP578715,Vedant,Bhandari,Vedant Bhandari,Male,1984-07-14,vedant.bhandari1562@bankai.com,6344435962,97,Information Technology,Credit Analyst,1140.0,2009-07-08,21,79566,Permanent,3.9,Active
1563,BKAIEMP426825,Xavier,Ahuja,Xavier Ahuja,Male,1995-07-12,xavier.ahuja1563@bankai.com,2042425369,51,Retail Banking,Operations Executive,473.0,2019-07-06,27,43732,Permanent,4.7,Active
1564,BKAIEMP470905,Garima,Kapoor,Garima Kapoor,Female,1972-07-17,garima.kapoor1564@bankai.com,5302849760,24,Corporate Banking,Relationship Manager,524.0,2012-07-07,23,75367,Permanent,4.2,Active
1565,BKAIEMP982747,Vanya,Acharya,Vanya Acharya,Female,1995-07-12,vanya.acharya1565@bankai.com,4365240553,29,Human Resources,Relationship Manager,13.0,2021-07-05,22,57389,Permanent,4.9,Active
1566,BKAIEMP170805,Chaaya,Walia,Chaaya Walia,Female,1983-07-15,chaaya.walia1566@bankai.com,5403648821,68,Corporate Banking,Operations Executive,1070.0,2008-07-08,10,46018,Permanent,4.2,Active
1567,BKAIEMP557735,Zaid,Kothari,Zaid Kothari,Male,1992-07-12,zaid.kothari1567@bankai.com,4662323606,69,Finance,Operations Executive,681.0,2009-07-08,32,48042,Permanent,4.0,Active
1568,BKAIEMP275614,Zarna,Reddy,Zarna Reddy,Female,1999-07-11,zarna.reddy1568@bankai.com,9125949722,49,Human Resources,Operations Executive,1059.0,2025-07-04,30,53226,Permanent,5.0,Active
1569,BKAIEMP170431,Rishi,Gour,Rishi Gour,Male,1970-07-18,rishi.gour1569@bankai.com,6992066617,49,Information Technology,Customer Service Executive,317.0,2010-07-08,13,44067,Permanent,2.9,Active
1570,BKAIEMP789288,Gaurang,Gulati,Gaurang Gulati,Male,1999-07-11,gaurang.gulati1570@bankai.com,6999299833,66,Loans,Credit Analyst,345.0,2011-07-08,3,60650,Permanent,2.9,Active
1571,BKAIEMP241841,Ryan,Varma,Ryan Varma,Male,1996-07-11,ryan.varma1571@bankai.com,7792560413,8,Customer Service,Relationship Manager,182.0,2018-07-06,14,63267,Permanent,3.2,Active
1572,BKAIEMP884096,Aryan,Virk,Aryan Virk,Male,1998-07-11,aryan.virk1572@bankai.com,9315398391,9,Risk Management,Operations Executive,738.0,2008-07-08,33,49740,Permanent,4.3,Active
1573,BKAIEMP137870,Aashi,Balan,Aashi Balan,Female,1992-07-12,aashi.balan1573@bankai.com,1440762914,7,Customer Service,Operations Executive,1464.0,2022-07-05,8,37176,Permanent,2.8,Active
1574,BKAIEMP355537,Balendra,Kalla,Balendra Kalla,Male,1982-07-15,balendra.kalla1574@bankai.com,1038975287,92,Operations,Clerk,85.0,2022-07-05,6,30246,Permanent,3.3,Active
1575,BKAIEMP461165,Teerth,Narang,Teerth Narang,Male,1967-07-19,teerth.narang1575@bankai.com,4224059208,30,Compliance,Relationship Manager,936.0,2012-07-07,3,68321,Permanent,4.0,Active
1576,BKAIEMP783421,Jack,Balasubramanian,Jack Balasubramanian,Male,1995-07-12,jack.balasubramanian1576@bankai.com,6691948962,77,Corporate Banking,Operations Executive,852.0,2024-07-04,1,45390,Permanent,4.7,Active
1577,BKAIEMP328767,Reva,Ratti,Reva Ratti,Female,1998-07-11,reva.ratti1577@bankai.com,0175307966,4,Customer Service,Customer Service Executive,508.0,2009-07-08,33,34040,Permanent,3.5,Active
1578,BKAIEMP224272,Ojas,Srinivasan,Ojas Srinivasan,Male,1979-07-16,ojas.srinivasan1578@bankai.com,4043474125,63,Retail Banking,Sales Executive,1027.0,2025-07-04,12,42022,Permanent,4.7,Active
1579,BKAIEMP582874,Wridesh,Mutti,Wridesh Mutti,Male,2003-07-10,wridesh.mutti1579@bankai.com,1007773217,50,Operations,Clerk,1435.0,2014-07-07,25,24506,Permanent,3.8,Active
1580,BKAIEMP916634,Shaurya,Chadha,Shaurya Chadha,Male,1989-07-13,shaurya.chadha1580@bankai.com,0259991938,39,Retail Banking,Loan Officer,904.0,2013-07-07,18,60658,Contract,4.2,Active
1581,BKAIEMP460489,Victor,Baria,Victor Baria,Male,2005-07-09,victor.baria1581@bankai.com,4244474890,39,Information Technology,Loan Officer,772.0,2021-07-05,26,64728,Permanent,4.6,Active
1582,BKAIEMP409872,Agastya,Sawhney,Agastya Sawhney,Male,1996-07-11,agastya.sawhney1582@bankai.com,2351076519,33,Operations,Sales Executive,842.0,2022-07-05,5,57156,Permanent,4.9,Active
1583,BKAIEMP812169,Pranav,Chakraborty,Pranav Chakraborty,Male,1973-07-17,pranav.chakraborty1583@bankai.com,3289514563,66,Retail Banking,Customer Service Executive,1094.0,2011-07-08,6,44468,Contract,4.0,Active
1584,BKAIEMP859541,Bina,Pandya,Bina Pandya,Female,1986-07-14,bina.pandya1584@bankai.com,5581157449,92,Corporate Banking,Relationship Manager,1348.0,2007-07-09,15,69921,Permanent,3.0,Active
1585,BKAIEMP583323,Dalbir,Rao,Dalbir Rao,Male,1994-07-12,dalbir.rao1585@bankai.com,7700409304,47,Retail Banking,Relationship Manager,747.0,2009-07-08,18,60456,Permanent,3.2,Active
1586,BKAIEMP181315,Manya,Badami,Manya Badami,Female,2000-07-10,manya.badami1586@bankai.com,9822180396,91,Finance,Sales Executive,1370.0,2010-07-08,15,46367,Permanent,3.4,Active
1587,BKAIEMP823338,Jagdish,Varkey,Jagdish Varkey,Male,1969-07-18,jagdish.varkey1587@bankai.com,8864078802,87,Customer Service,Cashier,1023.0,2016-07-06,24,39861,Permanent,4.3,Active
1588,BKAIEMP309052,Pallavi,Chana,Pallavi Chana,Female,1982-07-15,pallavi.chana1588@bankai.com,4693335623,31,Risk Management,Operations Executive,760.0,2008-07-08,21,45472,Contract,3.2,Active
1589,BKAIEMP946088,Vinaya,Mital,Vinaya Mital,Female,2001-07-10,vinaya.mital1589@bankai.com,0880670898,56,Operations,Operations Executive,575.0,2022-07-05,24,32591,Permanent,3.2,Active
1590,BKAIEMP979515,Frado,Barman,Frado Barman,Male,1966-07-19,frado.barman1590@bankai.com,9918431132,40,Human Resources,Branch Manager,,2024-07-04,21,134786,Permanent,3.5,Active
1591,BKAIEMP516363,Chasmum,Nayak,Chasmum Nayak,Female,1986-07-14,chasmum.nayak1591@bankai.com,8580526321,58,Loans,Cashier,232.0,2019-07-06,24,25443,Permanent,5.0,Active
1592,BKAIEMP378601,Amol,Merchant,Amol Merchant,Male,1994-07-12,amol.merchant1592@bankai.com,2205397077,50,Corporate Banking,Operations Executive,586.0,2025-07-04,7,51879,Contract,4.1,Active
1593,BKAIEMP956244,Manbir,Srinivasan,Manbir Srinivasan,Male,1998-07-11,manbir.srinivasan1593@bankai.com,8231714619,39,Finance,Credit Analyst,633.0,2020-07-05,26,53659,Permanent,3.5,Active
1594,BKAIEMP131444,Laban,Sama,Laban Sama,Male,1971-07-18,laban.sama1594@bankai.com,6626235960,83,Corporate Banking,Relationship Manager,1016.0,2010-07-08,1,68348,Permanent,2.9,Active
1595,BKAIEMP684037,Ekapad,Rajagopalan,Ekapad Rajagopalan,Male,1988-07-13,ekapad.rajagopalan1595@bankai.com,8402578703,41,Loans,Customer Service Executive,429.0,2015-07-07,5,34154,Permanent,2.9,Active
1596,BKAIEMP985146,Arjun,Narayanan,Arjun Narayanan,Male,1974-07-17,arjun.narayanan1596@bankai.com,6306636050,7,Corporate Banking,Cashier,1019.0,2020-07-05,17,30360,Permanent,4.8,Active
1597,BKAIEMP878013,Tanish,Lata,Tanish Lata,Male,1996-07-11,tanish.lata1597@bankai.com,9891039091,29,Compliance,Cashier,948.0,2012-07-07,21,29327,Permanent,3.5,Active
1598,BKAIEMP392193,Akshay,Dhar,Akshay Dhar,Male,2002-07-10,akshay.dhar1598@bankai.com,2094523759,83,Retail Banking,Cashier,1564.0,2006-07-09,7,36701,Permanent,4.5,Active
1599,BKAIEMP441294,Jack,Choudhury,Jack Choudhury,Male,1972-07-17,jack.choudhury1599@bankai.com,6009860275,85,Retail Banking,Credit Analyst,75.0,2026-07-04,23,59960,Permanent,4.2,Active
1600,BKAIEMP794752,Kabir,Mahajan,Kabir Mahajan,Male,1993-07-12,kabir.mahajan1600@bankai.com,0548944538,16,Risk Management,Relationship Manager,55.0,2007-07-09,29,64734,Permanent,3.9,Active
1601,BKAIEMP654787,Adweta,Dara,Adweta Dara,Female,2000-07-10,adweta.dara1601@bankai.com,5583445662,64,Loans,Relationship Manager,72.0,2020-07-05,25,52970,Permanent,4.1,Active
1602,BKAIEMP855861,Falan,Dasgupta,Falan Dasgupta,Male,2004-07-09,falan.dasgupta1602@bankai.com,9705660361,77,Loans,Operations Executive,1179.0,2006-07-09,11,45880,Permanent,3.4,Active
1603,BKAIEMP346028,Udyati,Balasubramanian,Udyati Balasubramanian,Female,1996-07-11,udyati.balasubramanian1603@bankai.com,0472660235,22,Loans,Cashier,1311.0,2012-07-07,13,32433,Permanent,3.0,Active
1604,BKAIEMP994292,Qabil,Bala,Qabil Bala,Male,1975-07-17,qabil.bala1604@bankai.com,5301731671,89,Operations,Branch Manager,,2015-07-07,23,119556,Permanent,3.6,Active
1605,BKAIEMP196089,Oscar,Vyas,Oscar Vyas,Male,2002-07-10,oscar.vyas1605@bankai.com,9052244133,71,Compliance,Assistant Manager,94.0,2010-07-08,25,66141,Permanent,3.7,Active
1606,BKAIEMP499646,Vaishnavi,Lanka,Vaishnavi Lanka,Female,2003-07-10,vaishnavi.lanka1606@bankai.com,6453157905,13,Retail Banking,Sales Executive,1007.0,2023-07-05,12,35110,Permanent,3.4,Active
1607,BKAIEMP810694,Chaaya,Vohra,Chaaya Vohra,Female,1970-07-18,chaaya.vohra1607@bankai.com,6469365618,81,Loans,Customer Service Executive,1447.0,2024-07-04,35,41154,Permanent,4.6,Active
1608,BKAIEMP917208,Yachana,Lalla,Yachana Lalla,Female,1980-07-15,yachana.lalla1608@bankai.com,6805702377,62,Operations,Loan Officer,665.0,2012-07-07,16,52213,Permanent,3.0,Active
1609,BKAIEMP248514,Jason,Ahuja,Jason Ahuja,Male,1995-07-12,jason.ahuja1609@bankai.com,9220956733,92,Human Resources,Operations Executive,35.0,2006-07-09,9,33477,Permanent,3.2,Inactive
1610,BKAIEMP852201,Wriddhish,Kala,Wriddhish Kala,Male,1994-07-12,wriddhish.kala1610@bankai.com,3964402825,23,Finance,Clerk,830.0,2025-07-04,9,28177,Permanent,4.7,Inactive
1611,BKAIEMP508537,Victor,Puri,Victor Puri,Male,1990-07-13,victor.puri1611@bankai.com,4277392385,82,Compliance,Cashier,502.0,2024-07-04,3,28759,Permanent,3.2,Active
1612,BKAIEMP106619,Jagdish,Gopal,Jagdish Gopal,Male,1974-07-17,jagdish.gopal1612@bankai.com,9140169332,86,Finance,Relationship Manager,470.0,2009-07-08,15,64981,Permanent,4.1,Active
1613,BKAIEMP912403,Ekapad,Kala,Ekapad Kala,Male,1981-07-15,ekapad.kala1613@bankai.com,7199829075,23,Risk Management,Customer Service Executive,1354.0,2025-07-04,14,41669,Permanent,4.2,Active
1614,BKAIEMP504872,Lipika,Oommen,Lipika Oommen,Female,2001-07-10,lipika.oommen1614@bankai.com,6075699913,41,Customer Service,Cashier,976.0,2025-07-04,23,36846,Permanent,3.9,Active
1615,BKAIEMP190678,Amruta,Aggarwal,Amruta Aggarwal,Female,1978-07-16,amruta.aggarwal1615@bankai.com,4332262277,93,Customer Service,Customer Service Executive,148.0,2024-07-04,23,43554,Permanent,4.2,Active
1616,BKAIEMP704223,Harsh,Borra,Harsh Borra,Male,1981-07-15,harsh.borra1616@bankai.com,8066470703,76,Operations,Customer Service Executive,1211.0,2016-07-06,5,39773,Permanent,3.4,Active
1617,BKAIEMP119042,Jagat,Radhakrishnan,Jagat Radhakrishnan,Male,1989-07-13,jagat.radhakrishnan1617@bankai.com,5952984241,22,Risk Management,Branch Manager,,2021-07-05,8,177380,Permanent,4.1,Active
1618,BKAIEMP256941,Avi,Deo,Avi Deo,Male,1986-07-14,avi.deo1618@bankai.com,4067582676,10,Operations,Operations Executive,1171.0,2019-07-06,5,54638,Permanent,4.8,Active
1619,BKAIEMP525704,Aarav,Sani,Aarav Sani,Male,2003-07-10,aarav.sani1619@bankai.com,0036385646,73,Human Resources,Customer Service Executive,972.0,2020-07-05,29,27431,Permanent,3.7,Active
1620,BKAIEMP238256,Udarsh,Loke,Udarsh Loke,Male,1977-07-16,udarsh.loke1620@bankai.com,9793183997,84,Risk Management,Customer Service Executive,1383.0,2026-07-04,11,40085,Contract,4.2,Active
1621,BKAIEMP540775,Balvan,Kurian,Balvan Kurian,Male,1983-07-15,balvan.kurian1621@bankai.com,0995504932,31,Operations,Cashier,1293.0,2008-07-08,34,35117,Permanent,4.0,Active
1622,BKAIEMP637389,Hritik,Datta,Hritik Datta,Male,1968-07-18,hritik.datta1622@bankai.com,3946121289,82,Finance,Loan Officer,373.0,2019-07-06,1,43171,Permanent,2.9,Active
1623,BKAIEMP609911,Nitesh,Mani,Nitesh Mani,Male,1981-07-15,nitesh.mani1623@bankai.com,3400127622,35,Customer Service,Assistant Manager,1154.0,2006-07-09,22,74945,Permanent,3.2,Active
1624,BKAIEMP586819,Max,Tank,Max Tank,Male,1980-07-15,max.tank1624@bankai.com,2256787188,40,Customer Service,Relationship Manager,1116.0,2013-07-07,35,77532,Permanent,3.9,Active
1625,BKAIEMP540181,Ishani,Seshadri,Ishani Seshadri,Female,1993-07-12,ishani.seshadri1625@bankai.com,0584168061,50,Finance,Credit Analyst,874.0,2025-07-04,5,66838,Permanent,2.6,Active
1626,BKAIEMP308855,Qasim,Rattan,Qasim Rattan,Male,2003-07-10,qasim.rattan1626@bankai.com,7998460586,76,Risk Management,Operations Executive,558.0,2008-07-08,30,43979,Permanent,4.9,Active
1627,BKAIEMP244025,Rishi,Hans,Rishi Hans,Male,1969-07-18,rishi.hans1627@bankai.com,0972361080,90,Risk Management,Customer Service Executive,457.0,2016-07-06,22,31746,Permanent,3.4,Active
1628,BKAIEMP269357,Benjamin,Rajagopalan,Benjamin Rajagopalan,Male,1972-07-17,benjamin.rajagopalan1628@bankai.com,2016555786,21,Compliance,Cashier,847.0,2020-07-05,7,38977,Permanent,5.0,Active
1629,BKAIEMP981323,Ryan,Naidu,Ryan Naidu,Male,1969-07-18,ryan.naidu1629@bankai.com,5751247640,98,Finance,Credit Analyst,1253.0,2014-07-07,35,72851,Contract,3.5,Active
1630,BKAIEMP406351,Udant,Nazareth,Udant Nazareth,Male,1991-07-13,udant.nazareth1630@bankai.com,8240516654,40,Customer Service,Cashier,1609.0,2024-07-04,16,35005,Permanent,3.5,Active
1631,BKAIEMP974285,Gagan,Kunda,Gagan Kunda,Male,1989-07-13,gagan.kunda1631@bankai.com,4189974023,36,Information Technology,Operations Executive,924.0,2017-07-06,15,37419,Permanent,3.2,Active
1632,BKAIEMP279660,Tanay,Badal,Tanay Badal,Male,1996-07-11,tanay.badal1632@bankai.com,5701703630,29,Retail Banking,Operations Executive,1216.0,2016-07-06,35,46400,Permanent,4.0,Active
1633,BKAIEMP773757,Ganga,Kala,Ganga Kala,Female,1972-07-17,ganga.kala1633@bankai.com,0205089830,75,Customer Service,Clerk,205.0,2019-07-06,34,24583,Permanent,2.5,Active
1634,BKAIEMP220736,Hitesh,Luthra,Hitesh Luthra,Male,1975-07-17,hitesh.luthra1634@bankai.com,9619797972,98,Retail Banking,Relationship Manager,981.0,2016-07-06,11,64749,Permanent,3.8,Active
1635,BKAIEMP453032,Krish,Choudhary,Krish Choudhary,Male,1975-07-17,krish.choudhary1635@bankai.com,5694804507,75,Loans,Sales Executive,1593.0,2022-07-05,23,31221,Permanent,2.6,Active
1636,BKAIEMP255589,Yatan,Mistry,Yatan Mistry,Male,1966-07-19,yatan.mistry1636@bankai.com,9573940598,29,Information Technology,Loan Officer,112.0,2026-07-04,4,44269,Permanent,4.7,Active
1637,BKAIEMP449509,Aachal,Ganguly,Aachal Ganguly,Female,1980-07-15,aachal.ganguly1637@bankai.com,4203158925,46,Human Resources,Relationship Manager,1448.0,2007-07-09,29,70664,Permanent,4.0,Active
1638,BKAIEMP551143,Adweta,Sidhu,Adweta Sidhu,Female,2000-07-10,adweta.sidhu1638@bankai.com,4203197774,74,Information Technology,Clerk,448.0,2024-07-04,35,26277,Permanent,3.9,Active
1639,BKAIEMP188753,Pratyush,Pau,Pratyush Pau,Male,2001-07-10,pratyush.pau1639@bankai.com,4186482308,29,Human Resources,Cashier,1128.0,2015-07-07,14,26574,Permanent,3.2,Active
1640,BKAIEMP135112,Odika,Venkatesh,Odika Venkatesh,Female,1990-07-13,odika.venkatesh1640@bankai.com,8419623326,25,Customer Service,Relationship Manager,937.0,2017-07-06,8,57000,Permanent,3.0,Active
1641,BKAIEMP628938,Raghav,Mammen,Raghav Mammen,Male,1980-07-15,raghav.mammen1641@bankai.com,7674831730,70,Retail Banking,Customer Service Executive,67.0,2009-07-08,26,35282,Permanent,4.7,Active
1642,BKAIEMP260422,Hredhaan,Chadha,Hredhaan Chadha,Male,2000-07-10,hredhaan.chadha1642@bankai.com,1817882426,83,Compliance,Operations Executive,898.0,2017-07-06,3,32110,Permanent,3.0,Active
1643,BKAIEMP339474,Nachiket,Sachdeva,Nachiket Sachdeva,Male,1971-07-18,nachiket.sachdeva1643@bankai.com,6232723717,47,Retail Banking,Loan Officer,335.0,2021-07-05,9,53371,Permanent,3.3,Active
1644,BKAIEMP308635,Agastya,Doshi,Agastya Doshi,Male,1993-07-12,agastya.doshi1644@bankai.com,3790065487,18,Human Resources,Sales Executive,314.0,2007-07-09,10,55991,Permanent,2.8,Active
1645,BKAIEMP314340,Viraj,Sekhon,Viraj Sekhon,Male,2005-07-09,viraj.sekhon1645@bankai.com,4176755398,30,Retail Banking,Clerk,450.0,2020-07-05,13,26155,Permanent,3.6,Active
1646,BKAIEMP482940,Anmol,Sethi,Anmol Sethi,Male,2005-07-09,anmol.sethi1646@bankai.com,7815915790,57,Risk Management,Credit Analyst,291.0,2011-07-08,29,89955,Permanent,4.4,Active
1647,BKAIEMP772928,Reva,Uppal,Reva Uppal,Female,1982-07-15,reva.uppal1647@bankai.com,2683848876,27,Retail Banking,Assistant Manager,161.0,2021-07-05,17,89826,Permanent,4.0,Active
1648,BKAIEMP327315,Garima,Badal,Garima Badal,Female,1988-07-13,garima.badal1648@bankai.com,6123961219,92,Loans,Relationship Manager,96.0,2022-07-05,1,64398,Permanent,4.9,Active
1649,BKAIEMP195280,Daksha,Dubey,Daksha Dubey,Female,1976-07-16,daksha.dubey1649@bankai.com,1820706690,92,Loans,Sales Executive,335.0,2022-07-05,1,39590,Permanent,3.4,Active
1650,BKAIEMP792640,Ekaja,Kanda,Ekaja Kanda,Female,1971-07-18,ekaja.kanda1650@bankai.com,2982689334,60,Corporate Banking,Cashier,976.0,2006-07-09,16,41226,Permanent,3.2,Active
1651,BKAIEMP376519,Vasana,Batra,Vasana Batra,Female,2002-07-10,vasana.batra1651@bankai.com,5067578968,50,Finance,Customer Service Executive,1311.0,2009-07-08,11,32451,Permanent,4.8,Active
1652,BKAIEMP630358,Peter,Sehgal,Peter Sehgal,Male,2001-07-10,peter.sehgal1652@bankai.com,7731231555,24,Loans,Customer Service Executive,649.0,2007-07-09,21,26314,Permanent,4.0,Active
1653,BKAIEMP847227,Amol,Parmar,Amol Parmar,Male,1989-07-13,amol.parmar1653@bankai.com,1879938444,65,Loans,Operations Executive,507.0,2011-07-08,18,38162,Permanent,3.6,Active
1654,BKAIEMP188642,Henry,Cheema,Henry Cheema,Male,2000-07-10,henry.cheema1654@bankai.com,4147012350,7,Corporate Banking,Relationship Manager,1088.0,2012-07-07,8,78653,Permanent,4.2,Inactive
1655,BKAIEMP802136,Tristan,Comar,Tristan Comar,Male,2001-07-10,tristan.comar1655@bankai.com,6891097797,59,Retail Banking,Sales Executive,993.0,2017-07-06,3,52727,Permanent,4.1,Active
1656,BKAIEMP828178,Jack,Mittal,Jack Mittal,Male,1983-07-15,jack.mittal1656@bankai.com,5684467940,23,Information Technology,Relationship Manager,652.0,2023-07-05,16,77374,Permanent,2.9,Active
1657,BKAIEMP331013,Neha,Bains,Neha Bains,Female,1970-07-18,neha.bains1657@bankai.com,6329573783,59,Loans,Operations Executive,335.0,2026-07-04,15,41819,Permanent,2.9,Active
1658,BKAIEMP719816,Zaid,Pau,Zaid Pau,Male,1981-07-15,zaid.pau1658@bankai.com,2927318683,25,Operations,Customer Service Executive,1516.0,2026-07-04,16,42680,Permanent,3.0,Active
1659,BKAIEMP419535,Chaitanya,Narula,Chaitanya Narula,Male,1973-07-17,chaitanya.narula1659@bankai.com,4233241651,67,Compliance,Sales Executive,1042.0,2007-07-09,1,49009,Contract,2.5,Active
1660,BKAIEMP743668,Krishna,Sant,Krishna Sant,Female,1981-07-15,krishna.sant1660@bankai.com,0734467462,99,Human Resources,Branch Manager,,2015-07-07,23,99354,Permanent,4.7,Active
1661,BKAIEMP516558,Pranav,Mander,Pranav Mander,Male,1978-07-16,pranav.mander1661@bankai.com,7491617050,82,Operations,Cashier,328.0,2007-07-09,11,35372,Permanent,3.2,Active
1662,BKAIEMP267791,Champak,Ravel,Champak Ravel,Male,1983-07-15,champak.ravel1662@bankai.com,4134476094,73,Loans,Loan Officer,36.0,2013-07-07,10,40279,Permanent,3.4,Active
1663,BKAIEMP700524,Varenya,Mani,Varenya Mani,Female,1995-07-12,varenya.mani1663@bankai.com,2928643302,20,Information Technology,Relationship Manager,586.0,2023-07-05,23,49675,Permanent,4.7,Active
1664,BKAIEMP431145,Rehaan,Grover,Rehaan Grover,Male,1968-07-18,rehaan.grover1664@bankai.com,8366771966,52,Operations,Assistant Manager,893.0,2019-07-06,20,75180,Permanent,4.5,Active
1665,BKAIEMP796338,Aadi,Dewan,Aadi Dewan,Male,1994-07-12,aadi.dewan1665@bankai.com,6342022234,6,Risk Management,Customer Service Executive,773.0,2024-07-04,18,35984,Permanent,4.1,Active
1666,BKAIEMP314709,Anmol,Bora,Anmol Bora,Male,1999-07-11,anmol.bora1666@bankai.com,7683675901,29,Human Resources,Cashier,1558.0,2025-07-04,12,26428,Permanent,3.8,Active
1667,BKAIEMP285367,Bimala,Narang,Bimala Narang,Female,1996-07-11,bimala.narang1667@bankai.com,4461440923,13,Loans,Relationship Manager,1602.0,2024-07-04,5,69386,Permanent,3.8,Active
1668,BKAIEMP556592,Veer,Modi,Veer Modi,Male,1971-07-18,veer.modi1668@bankai.com,5642601863,54,Human Resources,Cashier,1023.0,2014-07-07,9,34763,Permanent,2.8,Active
1669,BKAIEMP161328,Ikbal,Bhavsar,Ikbal Bhavsar,Male,1981-07-15,ikbal.bhavsar1669@bankai.com,6955922776,40,Customer Service,Loan Officer,1537.0,2022-07-05,34,35062,Permanent,3.5,Active
1670,BKAIEMP769286,Arin,Bal,Arin Bal,Male,1972-07-17,arin.bal1670@bankai.com,8502551344,62,Operations,Clerk,643.0,2010-07-08,28,27362,Permanent,4.9,Active
1671,BKAIEMP912720,Wridesh,Dhaliwal,Wridesh Dhaliwal,Male,1998-07-11,wridesh.dhaliwal1671@bankai.com,8839047331,77,Risk Management,Sales Executive,1484.0,2022-07-05,19,37133,Permanent,3.0,Active
1672,BKAIEMP287743,Saanvi,Chacko,Saanvi Chacko,Female,2001-07-10,saanvi.chacko1672@bankai.com,7493251149,25,Loans,Cashier,36.0,2017-07-06,9,27095,Permanent,2.9,Active
1673,BKAIEMP868332,Viraj,Nadig,Viraj Nadig,Male,1974-07-17,viraj.nadig1673@bankai.com,1204095437,66,Information Technology,Clerk,1583.0,2023-07-05,18,23475,Permanent,4.0,Active
1674,BKAIEMP703316,Charvi,Varkey,Charvi Varkey,Female,1972-07-17,charvi.varkey1674@bankai.com,0858001873,13,Loans,Customer Service Executive,1053.0,2020-07-05,17,28633,Permanent,2.5,Active
1675,BKAIEMP840536,Brijesh,Nair,Brijesh Nair,Male,2005-07-09,brijesh.nair1675@bankai.com,1436786210,8,Retail Banking,Cashier,713.0,2020-07-05,10,30285,Permanent,3.0,Active
1676,BKAIEMP442504,Vasatika,Chatterjee,Vasatika Chatterjee,Female,1994-07-12,vasatika.chatterjee1676@bankai.com,9685642570,35,Operations,Branch Manager,,2010-07-08,2,120794,Permanent,2.5,Active
1677,BKAIEMP792044,Ekbal,Sangha,Ekbal Sangha,Male,1969-07-18,ekbal.sangha1677@bankai.com,3154230600,99,Information Technology,Credit Analyst,128.0,2025-07-04,10,79563,Permanent,4.2,Active
1678,BKAIEMP999462,George,Thakkar,George Thakkar,Male,1991-07-13,george.thakkar1678@bankai.com,5505224114,23,Human Resources,Cashier,424.0,2010-07-08,15,44969,Permanent,4.2,Active
1679,BKAIEMP883269,Samarth,Srinivasan,Samarth Srinivasan,Male,2000-07-10,samarth.srinivasan1679@bankai.com,1514599201,65,Finance,Sales Executive,1301.0,2023-07-05,26,58943,Permanent,3.9,Active
1680,BKAIEMP576971,Ishanvi,Venkataraman,Ishanvi Venkataraman,Female,1999-07-11,ishanvi.venkataraman1680@bankai.com,2224005392,32,Risk Management,Cashier,1131.0,2017-07-06,25,28560,Permanent,2.7,Active
1681,BKAIEMP851720,Quincy,Purohit,Quincy Purohit,Male,1967-07-19,quincy.purohit1681@bankai.com,0190113484,20,Corporate Banking,Relationship Manager,1379.0,2009-07-08,14,78298,Permanent,3.1,Active
1682,BKAIEMP654020,Chandresh,Hans,Chandresh Hans,Male,1975-07-17,chandresh.hans1682@bankai.com,2528613239,42,Retail Banking,Customer Service Executive,832.0,2011-07-08,4,41154,Permanent,4.1,Active
1683,BKAIEMP106578,Lucky,Nath,Lucky Nath,Male,1971-07-18,lucky.nath1683@bankai.com,3428644976,67,Corporate Banking,Cashier,1340.0,2018-07-06,10,33105,Permanent,4.1,Active
1684,BKAIEMP627609,Tanveer,Sanghvi,Tanveer Sanghvi,Male,1998-07-11,tanveer.sanghvi1684@bankai.com,4209536773,46,Information Technology,Cashier,859.0,2008-07-08,29,42473,Permanent,3.9,Active
1685,BKAIEMP850980,Pranit,Goel,Pranit Goel,Male,1996-07-11,pranit.goel1685@bankai.com,3561526655,90,Risk Management,Relationship Manager,772.0,2015-07-07,1,71165,Permanent,4.4,Active
1686,BKAIEMP439395,Yagnesh,Ramakrishnan,Yagnesh Ramakrishnan,Male,1977-07-16,yagnesh.ramakrishnan1686@bankai.com,5380966414,27,Customer Service,Sales Executive,1264.0,2010-07-08,8,49437,Permanent,4.9,Active
1687,BKAIEMP758793,Jeet,Ravel,Jeet Ravel,Male,2005-07-09,jeet.ravel1687@bankai.com,2474665353,98,Compliance,Loan Officer,1512.0,2017-07-06,27,43945,Permanent,4.0,Active
1688,BKAIEMP543601,Devansh,Nori,Devansh Nori,Male,1968-07-18,devansh.nori1688@bankai.com,2436792415,39,Corporate Banking,Relationship Manager,1566.0,2012-07-07,26,70975,Permanent,3.9,Active
1689,BKAIEMP367292,Veer,Sahota,Veer Sahota,Male,1970-07-18,veer.sahota1689@bankai.com,8354346858,46,Information Technology,Loan Officer,1170.0,2017-07-06,31,61583,Permanent,4.9,Active
1690,BKAIEMP218011,Agastya,Sachar,Agastya Sachar,Male,1979-07-16,agastya.sachar1690@bankai.com,6824979399,60,Operations,Customer Service Executive,592.0,2012-07-07,19,42006,Contract,3.4,Active
1691,BKAIEMP499319,Chanakya,Pandya,Chanakya Pandya,Male,1987-07-14,chanakya.pandya1691@bankai.com,8116837103,100,Information Technology,Sales Executive,1094.0,2026-07-04,6,38690,Permanent,2.5,Active
1692,BKAIEMP110394,Warjas,De,Warjas De,Male,1985-07-14,warjas.de1692@bankai.com,0720148967,22,Corporate Banking,Customer Service Executive,65.0,2021-07-05,25,38057,Permanent,3.6,Active
1693,BKAIEMP118956,Ekaraj,Raju,Ekaraj Raju,Male,1971-07-18,ekaraj.raju1693@bankai.com,9312146394,23,Customer Service,Customer Service Executive,1095.0,2018-07-06,3,36749,Permanent,4.4,Active
1694,BKAIEMP798063,Ojasvi,Mall,Ojasvi Mall,Female,2003-07-10,ojasvi.mall1694@bankai.com,9264563391,43,Compliance,Customer Service Executive,625.0,2009-07-08,12,43057,Permanent,4.0,Active
1695,BKAIEMP680210,Netra,Apte,Netra Apte,Female,1983-07-15,netra.apte1695@bankai.com,6948112664,54,Operations,Operations Executive,30.0,2022-07-05,6,44649,Permanent,4.8,Active
1696,BKAIEMP896678,Samarth,Seth,Samarth Seth,Male,1980-07-15,samarth.seth1696@bankai.com,6833539101,14,Information Technology,Customer Service Executive,1595.0,2007-07-09,24,36661,Permanent,2.5,Active
1697,BKAIEMP373740,Parth,Bala,Parth Bala,Male,1969-07-18,parth.bala1697@bankai.com,6399490133,25,Compliance,Loan Officer,1109.0,2017-07-06,35,63311,Permanent,2.6,Active
1698,BKAIEMP656604,Janaki,Soni,Janaki Soni,Female,1975-07-17,janaki.soni1698@bankai.com,7348140984,21,Risk Management,Credit Analyst,1317.0,2025-07-04,7,52046,Permanent,4.4,Active
1699,BKAIEMP384566,Urishilla,Tak,Urishilla Tak,Female,1987-07-14,urishilla.tak1699@bankai.com,0148116049,39,Customer Service,Relationship Manager,270.0,2007-07-09,14,47835,Permanent,3.2,Active
1700,BKAIEMP958259,Arjun,Muni,Arjun Muni,Male,1982-07-15,arjun.muni1700@bankai.com,0288661680,22,Customer Service,Credit Analyst,80.0,2014-07-07,25,59290,Permanent,2.8,Active
1701,BKAIEMP243578,Anmol,Koshy,Anmol Koshy,Male,1985-07-14,anmol.koshy1701@bankai.com,2134854842,55,Loans,Customer Service Executive,378.0,2021-07-05,30,29092,Permanent,3.3,Active
1702,BKAIEMP931655,Hardik,Borde,Hardik Borde,Male,2004-07-09,hardik.borde1702@bankai.com,0791791386,34,Compliance,Customer Service Executive,630.0,2011-07-08,28,37740,Permanent,3.2,Active
1703,BKAIEMP442105,Wridesh,Chaudhary,Wridesh Chaudhary,Male,1995-07-12,wridesh.chaudhary1703@bankai.com,7132194024,13,Operations,Loan Officer,1095.0,2019-07-06,27,55482,Permanent,4.6,Active
1704,BKAIEMP206564,Chaitanya,Mann,Chaitanya Mann,Male,1995-07-12,chaitanya.mann1704@bankai.com,1287452719,90,Information Technology,Operations Executive,116.0,2026-07-04,13,54281,Permanent,2.8,Active
1705,BKAIEMP348332,Qarin,Swaminathan,Qarin Swaminathan,Male,1996-07-11,qarin.swaminathan1705@bankai.com,4639138107,82,Compliance,Sales Executive,1014.0,2021-07-05,30,43946,Permanent,3.8,Active
1706,BKAIEMP846969,Ranveer,Das,Ranveer Das,Male,1985-07-14,ranveer.das1706@bankai.com,2321540131,71,Finance,Cashier,351.0,2021-07-05,20,44151,Permanent,2.9,Active
1707,BKAIEMP525805,Atharv,Roy,Atharv Roy,Male,1998-07-11,atharv.roy1707@bankai.com,2616845525,65,Finance,Sales Executive,1002.0,2015-07-07,6,50150,Permanent,2.7,Active
1708,BKAIEMP480919,Baljiwan,Agate,Baljiwan Agate,Male,1986-07-14,baljiwan.agate1708@bankai.com,5471798994,77,Corporate Banking,Sales Executive,530.0,2012-07-07,3,44880,Permanent,3.7,Active
1709,BKAIEMP412017,Tanay,Ramakrishnan,Tanay Ramakrishnan,Male,1977-07-16,tanay.ramakrishnan1709@bankai.com,8993005195,68,Customer Service,Cashier,230.0,2012-07-07,9,28902,Permanent,3.3,Active
1710,BKAIEMP988568,Sai,Joshi,Sai Joshi,Male,1967-07-19,sai.joshi1710@bankai.com,5842271726,27,Retail Banking,Relationship Manager,683.0,2019-07-06,18,77003,Permanent,2.6,Active
1711,BKAIEMP821819,Samaksh,Peri,Samaksh Peri,Male,1993-07-12,samaksh.peri1711@bankai.com,4607001441,31,Human Resources,Cashier,1231.0,2021-07-05,4,38995,Contract,3.8,Active
1712,BKAIEMP171635,Yashoda,Sama,Yashoda Sama,Female,1983-07-15,yashoda.sama1712@bankai.com,4087100668,23,Compliance,Sales Executive,1113.0,2011-07-08,35,36432,Permanent,4.6,Active
1713,BKAIEMP228164,Chandresh,Sunder,Chandresh Sunder,Male,1977-07-16,chandresh.sunder1713@bankai.com,8207623811,89,Customer Service,Assistant Manager,837.0,2016-07-06,11,87254,Permanent,4.8,Active
1714,BKAIEMP152431,Ishwar,Dhar,Ishwar Dhar,Male,1999-07-11,ishwar.dhar1714@bankai.com,2282408475,66,Information Technology,Sales Executive,220.0,2015-07-07,32,43921,Permanent,3.0,Active
1715,BKAIEMP564197,Praneel,Mishra,Praneel Mishra,Male,1981-07-15,praneel.mishra1715@bankai.com,0410847913,21,Information Technology,Assistant Manager,1657.0,2014-07-07,30,79295,Contract,5.0,Active
1716,BKAIEMP494338,Krishna,Palan,Krishna Palan,Female,1978-07-16,krishna.palan1716@bankai.com,5357228920,34,Finance,Relationship Manager,108.0,2007-07-09,16,46900,Permanent,2.8,Active
1717,BKAIEMP657099,Pranit,Suri,Pranit Suri,Male,1991-07-13,pranit.suri1717@bankai.com,9783028010,88,Finance,Cashier,336.0,2023-07-05,1,27784,Permanent,3.5,Active
1718,BKAIEMP508800,Mitali,Narayan,Mitali Narayan,Female,1988-07-13,mitali.narayan1718@bankai.com,4195281447,95,Human Resources,Relationship Manager,1591.0,2010-07-08,18,64499,Permanent,4.8,Active
1719,BKAIEMP559318,Maanas,Dave,Maanas Dave,Male,1995-07-12,maanas.dave1719@bankai.com,2188930635,72,Finance,Cashier,1688.0,2011-07-08,23,35767,Permanent,3.9,Active
1720,BKAIEMP983516,Ishaan,Shetty,Ishaan Shetty,Male,1968-07-18,ishaan.shetty1720@bankai.com,2139743699,7,Loans,Customer Service Executive,294.0,2024-07-04,7,39454,Permanent,3.7,Active
1721,BKAIEMP959834,Neel,Padmanabhan,Neel Padmanabhan,Male,1997-07-11,neel.padmanabhan1721@bankai.com,5994084290,39,Human Resources,Customer Service Executive,1107.0,2020-07-05,4,44937,Permanent,3.6,Active
1722,BKAIEMP413785,Aryan,Misra,Aryan Misra,Male,1989-07-13,aryan.misra1722@bankai.com,2898606106,43,Corporate Banking,Cashier,1618.0,2018-07-06,33,31753,Permanent,4.4,Active
1723,BKAIEMP187031,Kavya,Kaur,Kavya Kaur,Female,1994-07-12,kavya.kaur1723@bankai.com,4570165276,93,Operations,Clerk,1308.0,2026-07-04,6,25439,Permanent,3.4,Active
1724,BKAIEMP739374,Bakhshi,Mistry,Bakhshi Mistry,Male,1974-07-17,bakhshi.mistry1724@bankai.com,2530843769,69,Corporate Banking,Operations Executive,564.0,2016-07-06,15,48888,Permanent,4.6,Active
1725,BKAIEMP973877,Rushil,Merchant,Rushil Merchant,Male,1999-07-11,rushil.merchant1725@bankai.com,4772508423,57,Compliance,Credit Analyst,1182.0,2025-07-04,10,74274,Permanent,3.9,Active
1726,BKAIEMP193774,Hitesh,Mitra,Hitesh Mitra,Male,1985-07-14,hitesh.mitra1726@bankai.com,0417241553,96,Human Resources,Relationship Manager,1103.0,2026-07-04,23,75453,Contract,2.5,Active
1727,BKAIEMP120945,Nihal,Warrior,Nihal Warrior,Male,1998-07-11,nihal.warrior1727@bankai.com,5749062796,16,Information Technology,Relationship Manager,494.0,2008-07-08,25,50231,Permanent,4.9,Active
1728,BKAIEMP240929,Gayathri,Pillay,Gayathri Pillay,Female,1985-07-14,gayathri.pillay1728@bankai.com,0333295945,45,Corporate Banking,Clerk,499.0,2013-07-07,19,22692,Permanent,4.2,Active
1729,BKAIEMP852016,Naveen,Yogi,Naveen Yogi,Male,1998-07-11,naveen.yogi1729@bankai.com,8630402966,6,Customer Service,Relationship Manager,672.0,2025-07-04,32,53888,Permanent,4.3,Active
1730,BKAIEMP620292,Chakradev,Savant,Chakradev Savant,Male,1992-07-12,chakradev.savant1730@bankai.com,1742922041,49,Risk Management,Cashier,287.0,2012-07-07,33,27584,Permanent,3.4,Active
1731,BKAIEMP353749,Gaurang,Dar,Gaurang Dar,Male,1966-07-19,gaurang.dar1731@bankai.com,3926693706,8,Retail Banking,Loan Officer,1284.0,2016-07-06,22,56086,Contract,4.9,Active
1732,BKAIEMP572239,Amol,Kale,Amol Kale,Male,1990-07-13,amol.kale1732@bankai.com,3928048502,12,Finance,Cashier,791.0,2014-07-07,18,32844,Permanent,3.9,Active
1733,BKAIEMP404272,Charvi,Bava,Charvi Bava,Female,1990-07-13,charvi.bava1733@bankai.com,9333593797,51,Information Technology,Relationship Manager,88.0,2022-07-05,24,78296,Permanent,3.7,Active
1734,BKAIEMP902904,Aarav,Bhardwaj,Aarav Bhardwaj,Male,1981-07-15,aarav.bhardwaj1734@bankai.com,2956162256,53,Retail Banking,Relationship Manager,703.0,2019-07-06,26,64332,Permanent,2.7,Active
1735,BKAIEMP180261,Qarin,Pandya,Qarin Pandya,Male,2003-07-10,qarin.pandya1735@bankai.com,0799230453,14,Information Technology,Sales Executive,1427.0,2012-07-07,26,40594,Permanent,3.0,Active
1736,BKAIEMP968467,Sanya,Sidhu,Sanya Sidhu,Female,1989-07-13,sanya.sidhu1736@bankai.com,8145647437,6,Finance,Credit Analyst,255.0,2025-07-04,26,62380,Permanent,3.9,Active
1737,BKAIEMP610243,Neelima,Pandit,Neelima Pandit,Female,1979-07-16,neelima.pandit1737@bankai.com,9117766650,27,Risk Management,Branch Manager,,2022-07-05,9,156730,Permanent,3.2,Active
1738,BKAIEMP720733,Shaurya,Bhavsar,Shaurya Bhavsar,Male,1985-07-14,shaurya.bhavsar1738@bankai.com,0928157806,28,Retail Banking,Relationship Manager,1179.0,2013-07-07,14,47942,Permanent,3.5,Active
1739,BKAIEMP697339,Garima,Deo,Garima Deo,Female,1994-07-12,garima.deo1739@bankai.com,1167870676,23,Human Resources,Customer Service Executive,1099.0,2018-07-06,0,41683,Permanent,3.2,Active
1740,BKAIEMP971532,Ekanta,Dora,Ekanta Dora,Female,1984-07-14,ekanta.dora1740@bankai.com,7185921268,69,Compliance,Relationship Manager,279.0,2011-07-08,15,53079,Permanent,4.7,Active
1741,BKAIEMP225638,Triya,Kannan,Triya Kannan,Female,1999-07-11,triya.kannan1741@bankai.com,1142943000,97,Risk Management,Sales Executive,1719.0,2018-07-06,35,55416,Permanent,4.6,Active
1742,BKAIEMP168163,Krisha,Yogi,Krisha Yogi,Female,1973-07-17,krisha.yogi1742@bankai.com,3132465986,64,Operations,Customer Service Executive,1124.0,2011-07-08,33,39522,Permanent,3.4,Active
1743,BKAIEMP897946,Edhitha,Srinivas,Edhitha Srinivas,Female,1975-07-17,edhitha.srinivas1743@bankai.com,1783765915,58,Retail Banking,Relationship Manager,1699.0,2018-07-06,18,51179,Permanent,2.5,Active
1744,BKAIEMP302376,Anvi,Chandra,Anvi Chandra,Female,1973-07-17,anvi.chandra1744@bankai.com,4065266426,82,Risk Management,Clerk,48.0,2021-07-05,22,30928,Permanent,2.8,Active
1745,BKAIEMP171114,Azad,Dhawan,Azad Dhawan,Male,1995-07-12,azad.dhawan1745@bankai.com,2455337565,30,Corporate Banking,Assistant Manager,1252.0,2025-07-04,16,83729,Permanent,3.6,Active
1746,BKAIEMP159346,Samesh,Lad,Samesh Lad,Male,1974-07-17,samesh.lad1746@bankai.com,8496224945,89,Information Technology,Loan Officer,1718.0,2018-07-06,1,41534,Permanent,2.9,Active
1747,BKAIEMP162387,Tanvi,Devi,Tanvi Devi,Female,1966-07-19,tanvi.devi1747@bankai.com,0692965685,62,Information Technology,Sales Executive,634.0,2023-07-05,4,50784,Contract,2.9,Active
1748,BKAIEMP597726,Ucchal,Date,Ucchal Date,Female,1996-07-11,ucchal.date1748@bankai.com,6729350979,96,Risk Management,Assistant Manager,524.0,2008-07-08,35,73332,Permanent,2.9,Active
1749,BKAIEMP294534,Ekapad,Bora,Ekapad Bora,Male,1987-07-14,ekapad.bora1749@bankai.com,9146502234,2,Customer Service,Loan Officer,1705.0,2006-07-09,9,49023,Permanent,2.7,Active
1750,BKAIEMP501155,Aarush,Mangat,Aarush Mangat,Male,1972-07-17,aarush.mangat1750@bankai.com,7972518407,56,Corporate Banking,Assistant Manager,1409.0,2014-07-07,19,67048,Permanent,2.5,Active
1751,BKAIEMP258803,Ekalinga,Chander,Ekalinga Chander,Male,2003-07-10,ekalinga.chander1751@bankai.com,7823372094,5,Information Technology,Customer Service Executive,687.0,2019-07-06,3,37809,Permanent,3.5,Active
1752,BKAIEMP711731,Yagnesh,Ratta,Yagnesh Ratta,Male,2004-07-09,yagnesh.ratta1752@bankai.com,0636328630,2,Finance,Relationship Manager,953.0,2011-07-08,34,65512,Permanent,2.7,Active
1753,BKAIEMP127259,Faqid,Bala,Faqid Bala,Male,1976-07-16,faqid.bala1753@bankai.com,8484264833,28,Information Technology,Sales Executive,946.0,2024-07-04,0,36209,Permanent,2.6,Active
1754,BKAIEMP952489,Rayaan,Bajaj,Rayaan Bajaj,Male,1981-07-15,rayaan.bajaj1754@bankai.com,8967136054,73,Retail Banking,Relationship Manager,1523.0,2010-07-08,34,75973,Permanent,4.1,Active
1755,BKAIEMP431573,Ekalinga,Bajwa,Ekalinga Bajwa,Male,1988-07-13,ekalinga.bajwa1755@bankai.com,6490132495,96,Risk Management,Assistant Manager,1623.0,2023-07-05,16,76252,Permanent,2.9,Active
1756,BKAIEMP576879,Ridhi,Bedi,Ridhi Bedi,Female,1989-07-13,ridhi.bedi1756@bankai.com,1154617580,40,Operations,Cashier,834.0,2025-07-04,0,29741,Permanent,4.4,Active
1757,BKAIEMP478059,Zaitra,Upadhyay,Zaitra Upadhyay,Female,1996-07-11,zaitra.upadhyay1757@bankai.com,4410404315,12,Risk Management,Credit Analyst,32.0,2022-07-05,11,72434,Permanent,4.8,Active
1758,BKAIEMP711677,Onkar,Borra,Onkar Borra,Male,1988-07-13,onkar.borra1758@bankai.com,5381483747,40,Compliance,Clerk,1634.0,2011-07-08,1,24953,Permanent,2.6,Active
1759,BKAIEMP198957,Aryan,Hegde,Aryan Hegde,Male,1991-07-13,aryan.hegde1759@bankai.com,9016856471,17,Compliance,Customer Service Executive,838.0,2024-07-04,20,40257,Permanent,3.3,Active
1760,BKAIEMP461702,Lekha,Banik,Lekha Banik,Female,1983-07-15,lekha.banik1760@bankai.com,9027169883,75,Human Resources,Customer Service Executive,719.0,2023-07-05,17,37526,Permanent,2.8,Active
1761,BKAIEMP709686,Chakradhar,Chhabra,Chakradhar Chhabra,Male,2000-07-10,chakradhar.chhabra1761@bankai.com,8668611997,22,Risk Management,Clerk,1107.0,2014-07-07,34,34410,Permanent,4.3,Active
1762,BKAIEMP548748,Yoshita,Jaggi,Yoshita Jaggi,Female,1973-07-17,yoshita.jaggi1762@bankai.com,2617050583,87,Risk Management,Loan Officer,260.0,2020-07-05,35,65383,Permanent,2.6,Active
1763,BKAIEMP124783,Pranav,Zacharia,Pranav Zacharia,Male,1973-07-17,pranav.zacharia1763@bankai.com,9565728535,96,Operations,Loan Officer,898.0,2009-07-08,16,40804,Contract,2.8,Active
1764,BKAIEMP189919,Finn,Mandal,Finn Mandal,Male,1978-07-16,finn.mandal1764@bankai.com,6621775801,39,Retail Banking,Sales Executive,104.0,2014-07-07,8,48719,Permanent,4.4,Active
1765,BKAIEMP512130,Unnati,Sangha,Unnati Sangha,Female,1967-07-19,unnati.sangha1765@bankai.com,9303028532,94,Loans,Clerk,1708.0,2020-07-05,12,34868,Permanent,3.1,Active
1766,BKAIEMP628660,Rehaan,Sani,Rehaan Sani,Male,1995-07-12,rehaan.sani1766@bankai.com,4515025285,16,Operations,Loan Officer,1176.0,2010-07-08,2,61884,Permanent,3.6,Active
1767,BKAIEMP308983,Kashvi,Agrawal,Kashvi Agrawal,Female,1974-07-17,kashvi.agrawal1767@bankai.com,3089720738,88,Loans,Relationship Manager,30.0,2015-07-07,10,66551,Permanent,3.0,Active
1768,BKAIEMP495211,Wahab,Shah,Wahab Shah,Male,1990-07-13,wahab.shah1768@bankai.com,1842527863,38,Risk Management,Branch Manager,,2012-07-07,33,121361,Permanent,4.0,Active
1769,BKAIEMP227211,Aayush,Savant,Aayush Savant,Male,1989-07-13,aayush.savant1769@bankai.com,2102423447,16,Risk Management,Operations Executive,1635.0,2026-07-04,5,30758,Permanent,4.6,Active
1770,BKAIEMP960251,Wyatt,Sekhon,Wyatt Sekhon,Male,1990-07-13,wyatt.sekhon1770@bankai.com,1961997165,18,Compliance,Operations Executive,413.0,2012-07-07,9,54319,Permanent,4.2,Active
1771,BKAIEMP507062,Ryan,Rau,Ryan Rau,Male,2005-07-09,ryan.rau1771@bankai.com,6409968334,70,Finance,Cashier,615.0,2009-07-08,2,27693,Contract,4.7,Active
1772,BKAIEMP142604,Qadim,Doshi,Qadim Doshi,Male,2002-07-10,qadim.doshi1772@bankai.com,4265379322,3,Information Technology,Loan Officer,1672.0,2008-07-08,15,68754,Permanent,3.0,Active
1773,BKAIEMP567318,Leela,Kohli,Leela Kohli,Female,2000-07-10,leela.kohli1773@bankai.com,7054736015,13,Human Resources,Operations Executive,175.0,2016-07-06,15,33029,Permanent,3.9,Active
1774,BKAIEMP257371,Benjamin,Narasimhan,Benjamin Narasimhan,Male,2004-07-09,benjamin.narasimhan1774@bankai.com,1016260080,25,Customer Service,Customer Service Executive,1649.0,2026-07-04,19,27241,Permanent,3.3,Active
1775,BKAIEMP493280,Hemang,Lal,Hemang Lal,Male,1969-07-18,hemang.lal1775@bankai.com,5978335488,78,Information Technology,Assistant Manager,513.0,2017-07-06,20,79071,Permanent,3.2,Active
1776,BKAIEMP161404,Chaitanya,Grover,Chaitanya Grover,Male,1970-07-18,chaitanya.grover1776@bankai.com,4967914638,18,Customer Service,Operations Executive,1319.0,2026-07-04,6,34563,Permanent,3.8,Active
1777,BKAIEMP638274,Jagdish,Dugal,Jagdish Dugal,Male,1977-07-16,jagdish.dugal1777@bankai.com,3172665282,77,Customer Service,Credit Analyst,3.0,2022-07-05,14,75629,Permanent,3.8,Active
1778,BKAIEMP242546,Ojas,Lalla,Ojas Lalla,Male,1976-07-16,ojas.lalla1778@bankai.com,7240002086,30,Finance,Loan Officer,1305.0,2020-07-05,20,61973,Permanent,4.9,Active
1779,BKAIEMP191425,Saanvi,Badal,Saanvi Badal,Female,1995-07-12,saanvi.badal1779@bankai.com,1908543271,80,Corporate Banking,Branch Manager,,2009-07-08,18,108283,Permanent,3.3,Active
1780,BKAIEMP924497,Hardik,Keer,Hardik Keer,Male,1985-07-14,hardik.keer1780@bankai.com,6369301000,45,Information Technology,Clerk,37.0,2017-07-06,11,32904,Permanent,3.5,Active
1781,BKAIEMP158071,Jacob,Bhatti,Jacob Bhatti,Male,1989-07-13,jacob.bhatti1781@bankai.com,8104802835,55,Risk Management,Customer Service Executive,49.0,2025-07-04,14,27793,Permanent,3.1,Active
1782,BKAIEMP310243,Gautam,Bedi,Gautam Bedi,Male,1997-07-11,gautam.bedi1782@bankai.com,0437661366,73,Risk Management,Assistant Manager,141.0,2015-07-07,11,62935,Permanent,4.1,Active
1783,BKAIEMP871152,Benjamin,Dey,Benjamin Dey,Male,1978-07-16,benjamin.dey1783@bankai.com,6815947470,56,Finance,Cashier,460.0,2018-07-06,31,35225,Permanent,2.6,Active
1784,BKAIEMP539313,Chaitanya,Bansal,Chaitanya Bansal,Male,1991-07-13,chaitanya.bansal1784@bankai.com,8330967397,82,Customer Service,Credit Analyst,785.0,2026-07-04,28,57017,Permanent,3.3,Active
1785,BKAIEMP867441,Ekaraj,Chandra,Ekaraj Chandra,Male,1986-07-14,ekaraj.chandra1785@bankai.com,4269376501,63,Loans,Operations Executive,532.0,2019-07-06,13,41459,Permanent,3.6,Active
1786,BKAIEMP893627,Wriddhish,Chaudhari,Wriddhish Chaudhari,Male,1999-07-11,wriddhish.chaudhari1786@bankai.com,7628836368,96,Loans,Relationship Manager,1692.0,2012-07-07,20,57010,Permanent,5.0,Active
1787,BKAIEMP468136,Chameli,Ranganathan,Chameli Ranganathan,Female,1980-07-15,chameli.ranganathan1787@bankai.com,7629226667,20,Loans,Operations Executive,566.0,2024-07-04,24,50362,Permanent,4.7,Active
1788,BKAIEMP928487,Gunbir,Sem,Gunbir Sem,Male,1966-07-19,gunbir.sem1788@bankai.com,1652289890,38,Compliance,Customer Service Executive,957.0,2024-07-04,17,30231,Permanent,4.1,Active
1789,BKAIEMP945442,Jai,Nadkarni,Jai Nadkarni,Male,1973-07-17,jai.nadkarni1789@bankai.com,2559777265,39,Human Resources,Clerk,1159.0,2011-07-08,6,26937,Contract,2.8,Active
1790,BKAIEMP422162,Manbir,Bakshi,Manbir Bakshi,Male,1979-07-16,manbir.bakshi1790@bankai.com,8580501417,95,Risk Management,Relationship Manager,1122.0,2022-07-05,3,52239,Permanent,3.3,Active
1791,BKAIEMP271575,Warhi,Guha,Warhi Guha,Female,1983-07-15,warhi.guha1791@bankai.com,2956518871,33,Information Technology,Customer Service Executive,1610.0,2021-07-05,22,25563,Contract,4.1,Active
1792,BKAIEMP205985,Tanish,Baral,Tanish Baral,Male,1966-07-19,tanish.baral1792@bankai.com,5009244928,64,Operations,Sales Executive,1120.0,2009-07-08,7,32631,Permanent,3.7,Active
1793,BKAIEMP453750,Owen,Sheth,Owen Sheth,Male,1968-07-18,owen.sheth1793@bankai.com,3029301125,37,Human Resources,Loan Officer,1791.0,2010-07-08,14,46715,Permanent,3.8,Active
1794,BKAIEMP524832,Shivani,Banik,Shivani Banik,Female,1989-07-13,shivani.banik1794@bankai.com,4290695222,100,Retail Banking,Customer Service Executive,712.0,2023-07-05,25,28301,Contract,3.0,Active
1795,BKAIEMP186257,Jagrati,Dani,Jagrati Dani,Female,1994-07-12,jagrati.dani1795@bankai.com,6200730242,32,Retail Banking,Loan Officer,243.0,2014-07-07,17,38339,Permanent,4.4,Active
1796,BKAIEMP249188,Kai,Seth,Kai Seth,Male,1999-07-11,kai.seth1796@bankai.com,3740571446,92,Human Resources,Clerk,789.0,2025-07-04,31,22957,Permanent,2.7,Active
1797,BKAIEMP184076,Yug,Kumer,Yug Kumer,Male,2000-07-10,yug.kumer1797@bankai.com,6873544534,36,Retail Banking,Cashier,28.0,2020-07-05,3,34758,Permanent,3.7,Active
1798,BKAIEMP718338,Ranveer,Sanghvi,Ranveer Sanghvi,Male,1976-07-16,ranveer.sanghvi1798@bankai.com,5834834835,98,Human Resources,Operations Executive,850.0,2025-07-04,6,54550,Permanent,4.1,Active
1799,BKAIEMP816956,Turvi,Talwar,Turvi Talwar,Female,1966-07-19,turvi.talwar1799@bankai.com,6648532077,97,Retail Banking,Operations Executive,1479.0,2010-07-08,22,38466,Permanent,4.1,Active
1800,BKAIEMP482372,Aarnav,Trivedi,Aarnav Trivedi,Male,2005-07-09,aarnav.trivedi1800@bankai.com,3269834436,81,Corporate Banking,Sales Executive,158.0,2020-07-05,21,44337,Permanent,3.3,Active
1801,BKAIEMP685222,Amol,Parekh,Amol Parekh,Male,1972-07-17,amol.parekh1801@bankai.com,4505092846,87,Compliance,Cashier,1071.0,2026-07-04,10,40455,Permanent,3.7,Active
1802,BKAIEMP210922,Ati,Shankar,Ati Shankar,Female,1978-07-16,ati.shankar1802@bankai.com,4293907737,4,Human Resources,Cashier,1414.0,2010-07-08,26,28639,Permanent,3.7,Active
1803,BKAIEMP363522,Krishna,Pai,Krishna Pai,Male,1975-07-17,krishna.pai1803@bankai.com,3801625851,63,Corporate Banking,Relationship Manager,1097.0,2020-07-05,24,76795,Permanent,3.1,Active
1804,BKAIEMP290904,Aarnav,Mital,Aarnav Mital,Male,1987-07-14,aarnav.mital1804@bankai.com,0281435312,71,Retail Banking,Sales Executive,1380.0,2009-07-08,0,42004,Permanent,3.7,Inactive
1805,BKAIEMP801633,Jackson,Kapur,Jackson Kapur,Male,1987-07-14,jackson.kapur1805@bankai.com,9531112359,25,Loans,Relationship Manager,437.0,2014-07-07,16,57204,Permanent,4.6,Active
1806,BKAIEMP678275,Sai,Parmar,Sai Parmar,Male,1983-07-15,sai.parmar1806@bankai.com,7428662510,59,Customer Service,Clerk,816.0,2011-07-08,24,22326,Permanent,3.6,Active
1807,BKAIEMP357853,Isaac,Wadhwa,Isaac Wadhwa,Male,1969-07-18,isaac.wadhwa1807@bankai.com,8554514609,47,Loans,Customer Service Executive,184.0,2016-07-06,7,26799,Permanent,4.6,Active
1808,BKAIEMP603675,Ojasvi,Chandra,Ojasvi Chandra,Female,2005-07-09,ojasvi.chandra1808@bankai.com,7455537062,28,Operations,Cashier,746.0,2025-07-04,0,42127,Permanent,4.7,Active
1809,BKAIEMP750120,Darika,Sagar,Darika Sagar,Female,1971-07-18,darika.sagar1809@bankai.com,3374612157,29,Information Technology,Operations Executive,281.0,2017-07-06,7,47754,Permanent,3.8,Active
1810,BKAIEMP729865,Simon,Kurian,Simon Kurian,Male,2001-07-10,simon.kurian1810@bankai.com,2608481876,2,Finance,Credit Analyst,1758.0,2019-07-06,27,53070,Permanent,3.4,Active
1811,BKAIEMP506988,Ayushman,Samra,Ayushman Samra,Male,1987-07-14,ayushman.samra1811@bankai.com,1963039951,52,Operations,Cashier,474.0,2007-07-09,35,35813,Permanent,3.9,Active
1812,BKAIEMP622892,Nachiket,Nayak,Nachiket Nayak,Male,1979-07-16,nachiket.nayak1812@bankai.com,5998226731,34,Loans,Sales Executive,1005.0,2010-07-08,17,56878,Permanent,4.5,Active
1813,BKAIEMP453328,Ishwar,Wali,Ishwar Wali,Male,1985-07-14,ishwar.wali1813@bankai.com,4851420259,96,Corporate Banking,Cashier,281.0,2009-07-08,35,27502,Permanent,4.8,Active
1814,BKAIEMP902241,Qadim,Batra,Qadim Batra,Male,1969-07-18,qadim.batra1814@bankai.com,8231342755,64,Human Resources,Loan Officer,202.0,2016-07-06,23,58742,Permanent,3.4,Active
1815,BKAIEMP268586,George,Bhatt,George Bhatt,Male,1991-07-13,george.bhatt1815@bankai.com,5490443183,94,Risk Management,Customer Service Executive,39.0,2022-07-05,29,34687,Permanent,3.6,Active
1816,BKAIEMP910721,Ria,Kar,Ria Kar,Female,1976-07-16,ria.kar1816@bankai.com,0297711506,60,Loans,Operations Executive,76.0,2015-07-07,27,32118,Permanent,2.6,Active
1817,BKAIEMP502940,Vinaya,Date,Vinaya Date,Female,1989-07-13,vinaya.date1817@bankai.com,5173281629,97,Compliance,Cashier,1089.0,2006-07-09,23,32532,Permanent,4.3,Active
1818,BKAIEMP655825,Yash,Karnik,Yash Karnik,Male,2004-07-09,yash.karnik1818@bankai.com,2198369157,100,Loans,Loan Officer,906.0,2017-07-06,14,39777,Permanent,3.8,Active
1819,BKAIEMP269866,Wyatt,Comar,Wyatt Comar,Male,1969-07-18,wyatt.comar1819@bankai.com,5298770745,23,Finance,Relationship Manager,532.0,2014-07-07,3,79608,Permanent,2.9,Active
1820,BKAIEMP570490,Rachit,Hegde,Rachit Hegde,Male,1979-07-16,rachit.hegde1820@bankai.com,4450020268,55,Customer Service,Sales Executive,279.0,2026-07-04,2,44592,Permanent,3.4,Active
1821,BKAIEMP454688,Anay,Kala,Anay Kala,Male,1992-07-12,anay.kala1821@bankai.com,5029586760,94,Human Resources,Assistant Manager,822.0,2011-07-08,13,73682,Permanent,3.4,Active
1822,BKAIEMP976500,Aarna,Jha,Aarna Jha,Female,1975-07-17,aarna.jha1822@bankai.com,6754182368,78,Retail Banking,Cashier,833.0,2026-07-04,32,33626,Permanent,4.8,Inactive
1823,BKAIEMP827629,Baljiwan,Kohli,Baljiwan Kohli,Male,1984-07-14,baljiwan.kohli1823@bankai.com,7210513346,100,Finance,Loan Officer,1593.0,2019-07-06,3,52020,Permanent,4.5,Active
1824,BKAIEMP597303,Nilima,Dutta,Nilima Dutta,Female,1993-07-12,nilima.dutta1824@bankai.com,0138825320,74,Risk Management,Customer Service Executive,1521.0,2024-07-04,9,35727,Permanent,3.6,Active
1825,BKAIEMP531482,Sara,Virk,Sara Virk,Female,1977-07-16,sara.virk1825@bankai.com,6360389173,8,Compliance,Loan Officer,1025.0,2007-07-09,20,65367,Permanent,3.3,Active
1826,BKAIEMP352958,Viraj,Uppal,Viraj Uppal,Male,1972-07-17,viraj.uppal1826@bankai.com,7672000521,34,Loans,Assistant Manager,1731.0,2021-07-05,1,75625,Permanent,3.5,Active
1827,BKAIEMP840469,Warjas,Andra,Warjas Andra,Male,1994-07-12,warjas.andra1827@bankai.com,1634850895,23,Loans,Relationship Manager,988.0,2023-07-05,3,51974,Permanent,4.6,Active
1828,BKAIEMP615710,Veer,Ahuja,Veer Ahuja,Male,1999-07-11,veer.ahuja1828@bankai.com,1191944545,55,Loans,Cashier,118.0,2017-07-06,7,30164,Permanent,3.9,Active
1829,BKAIEMP343992,Ekavir,Rana,Ekavir Rana,Male,2003-07-10,ekavir.rana1829@bankai.com,5619276713,48,Loans,Customer Service Executive,213.0,2013-07-07,35,43959,Permanent,4.0,Active
1830,BKAIEMP696261,Zashil,Tella,Zashil Tella,Male,1970-07-18,zashil.tella1830@bankai.com,2639561266,2,Corporate Banking,Credit Analyst,1824.0,2018-07-06,26,62083,Permanent,3.2,Active
1831,BKAIEMP572464,Advik,Pradhan,Advik Pradhan,Male,1976-07-16,advik.pradhan1831@bankai.com,7371388740,98,Retail Banking,Customer Service Executive,443.0,2024-07-04,4,38109,Contract,3.6,Active
1832,BKAIEMP405350,Mitali,Rai,Mitali Rai,Female,1968-07-18,mitali.rai1832@bankai.com,4466276330,26,Operations,Operations Executive,379.0,2013-07-07,2,45035,Permanent,4.8,Active
1833,BKAIEMP267677,Veer,Saha,Veer Saha,Male,1969-07-18,veer.saha1833@bankai.com,4215248319,36,Compliance,Relationship Manager,888.0,2019-07-06,28,45349,Permanent,4.9,Active
1834,BKAIEMP163822,Hemang,Sagar,Hemang Sagar,Male,1995-07-12,hemang.sagar1834@bankai.com,7046568969,45,Information Technology,Credit Analyst,1493.0,2007-07-09,16,86047,Permanent,4.2,Active
1835,BKAIEMP894936,Hritik,Purohit,Hritik Purohit,Male,1974-07-17,hritik.purohit1835@bankai.com,0048379363,24,Human Resources,Relationship Manager,1764.0,2024-07-04,10,55490,Permanent,2.8,Active
1836,BKAIEMP162389,Gautam,Dhillon,Gautam Dhillon,Male,1997-07-11,gautam.dhillon1836@bankai.com,2706593410,56,Risk Management,Assistant Manager,927.0,2014-07-07,27,81164,Permanent,2.9,Active
1837,BKAIEMP716680,Elijah,Chandra,Elijah Chandra,Male,1974-07-17,elijah.chandra1837@bankai.com,8722824718,34,Information Technology,Loan Officer,1534.0,2006-07-09,13,59486,Permanent,4.3,Active
1838,BKAIEMP539034,Dakshesh,Sekhon,Dakshesh Sekhon,Male,1974-07-17,dakshesh.sekhon1838@bankai.com,0757898497,47,Risk Management,Loan Officer,1734.0,2026-07-04,0,46117,Permanent,2.5,Active
1839,BKAIEMP723925,Udarsh,Bhandari,Udarsh Bhandari,Male,2003-07-10,udarsh.bhandari1839@bankai.com,2217114865,22,Loans,Clerk,1581.0,2024-07-04,10,28085,Permanent,4.9,Active
1840,BKAIEMP668552,Champak,Warrior,Champak Warrior,Male,1969-07-18,champak.warrior1840@bankai.com,0617356316,5,Information Technology,Assistant Manager,462.0,2021-07-05,16,89450,Permanent,4.9,Active
1841,BKAIEMP474887,Vihaan,Peri,Vihaan Peri,Male,2001-07-10,vihaan.peri1841@bankai.com,7261694963,6,Loans,Clerk,1659.0,2015-07-07,15,32681,Permanent,3.4,Inactive
1842,BKAIEMP454046,Balendra,Chakrabarti,Balendra Chakrabarti,Male,1987-07-14,balendra.chakrabarti1842@bankai.com,8999068201,43,Retail Banking,Credit Analyst,463.0,2014-07-07,14,88069,Permanent,3.9,Active
1843,BKAIEMP891730,Balvan,Sandhu,Balvan Sandhu,Male,1990-07-13,balvan.sandhu1843@bankai.com,5321633613,25,Loans,Relationship Manager,604.0,2019-07-06,12,70828,Permanent,4.0,Active
1844,BKAIEMP776446,Zansi,Narayan,Zansi Narayan,Female,1991-07-13,zansi.narayan1844@bankai.com,9004903729,16,Loans,Assistant Manager,1704.0,2018-07-06,34,84663,Permanent,2.9,Active
1845,BKAIEMP428263,Ojas,Thakur,Ojas Thakur,Male,1966-07-19,ojas.thakur1845@bankai.com,5639981274,77,Information Technology,Cashier,275.0,2025-07-04,25,28863,Permanent,4.9,Active
1846,BKAIEMP391352,Elijah,Nagy,Elijah Nagy,Male,1995-07-12,elijah.nagy1846@bankai.com,1741925814,9,Retail Banking,Cashier,787.0,2021-07-05,23,44506,Permanent,3.2,Active
1847,BKAIEMP714420,Chatresh,Gopal,Chatresh Gopal,Male,1997-07-11,chatresh.gopal1847@bankai.com,6018639945,24,Risk Management,Cashier,915.0,2024-07-04,6,32506,Permanent,3.4,Active
1848,BKAIEMP596450,Jeremiah,Nadkarni,Jeremiah Nadkarni,Male,1985-07-14,jeremiah.nadkarni1848@bankai.com,1563093079,20,Human Resources,Cashier,1290.0,2014-07-07,17,33253,Permanent,4.7,Active
1849,BKAIEMP570358,Arin,Sangha,Arin Sangha,Male,1991-07-13,arin.sangha1849@bankai.com,5987240899,4,Retail Banking,Customer Service Executive,1170.0,2008-07-08,7,30188,Permanent,4.7,Active
1850,BKAIEMP300332,Wyatt,Guha,Wyatt Guha,Male,1995-07-12,wyatt.guha1850@bankai.com,1668113397,91,Corporate Banking,Relationship Manager,129.0,2015-07-07,3,60091,Permanent,3.4,Active
1851,BKAIEMP205242,Akshay,Sridhar,Akshay Sridhar,Male,1968-07-18,akshay.sridhar1851@bankai.com,1734024222,82,Corporate Banking,Operations Executive,614.0,2019-07-06,8,51829,Permanent,3.8,Active
1852,BKAIEMP373603,Zaitra,Karpe,Zaitra Karpe,Female,1976-07-16,zaitra.karpe1852@bankai.com,6323654018,78,Loans,Cashier,767.0,2018-07-06,8,29302,Permanent,2.7,Active
1853,BKAIEMP834435,Lipika,Ganguly,Lipika Ganguly,Female,1971-07-18,lipika.ganguly1853@bankai.com,8420243509,15,Information Technology,Loan Officer,370.0,2026-07-04,20,54825,Permanent,3.7,Active
1854,BKAIEMP319120,Parth,Chand,Parth Chand,Male,1990-07-13,parth.chand1854@bankai.com,8615640994,97,Loans,Cashier,1207.0,2008-07-08,12,43290,Permanent,2.7,Active
1855,BKAIEMP851212,Pushti,Hans,Pushti Hans,Female,1971-07-18,pushti.hans1855@bankai.com,3705424519,86,Customer Service,Relationship Manager,888.0,2018-07-06,29,48757,Permanent,3.3,Active
1856,BKAIEMP301437,Sanya,Borra,Sanya Borra,Female,1971-07-18,sanya.borra1856@bankai.com,0356594299,22,Finance,Operations Executive,1433.0,2013-07-07,33,53284,Permanent,2.8,Active
1857,BKAIEMP605681,Jai,Srinivasan,Jai Srinivasan,Male,1997-07-11,jai.srinivasan1857@bankai.com,6696922953,85,Information Technology,Customer Service Executive,1596.0,2021-07-05,25,36875,Permanent,3.0,Active
1858,BKAIEMP923903,Charita,Krishna,Charita Krishna,Female,1968-07-18,charita.krishna1858@bankai.com,1839093424,51,Loans,Operations Executive,1138.0,2021-07-05,5,35656,Permanent,3.4,Active
1859,BKAIEMP276163,Ranbir,Samra,Ranbir Samra,Male,1986-07-14,ranbir.samra1859@bankai.com,8346334889,58,Loans,Cashier,1132.0,2013-07-07,25,31183,Permanent,3.1,Active
1860,BKAIEMP931435,Hemang,Sodhi,Hemang Sodhi,Male,1995-07-12,hemang.sodhi1860@bankai.com,1866940865,32,Customer Service,Sales Executive,179.0,2017-07-06,10,48668,Permanent,4.0,Active
1861,BKAIEMP278510,Jeet,Goda,Jeet Goda,Male,1977-07-16,jeet.goda1861@bankai.com,9285507435,6,Loans,Customer Service Executive,840.0,2014-07-07,25,25008,Permanent,4.6,Active
1862,BKAIEMP551211,Gautami,Virk,Gautami Virk,Female,1993-07-12,gautami.virk1862@bankai.com,9470396964,24,Corporate Banking,Clerk,978.0,2017-07-06,23,32600,Permanent,4.3,Active
1863,BKAIEMP357541,Chanakya,Singhal,Chanakya Singhal,Male,1982-07-15,chanakya.singhal1863@bankai.com,5047188300,98,Operations,Operations Executive,1104.0,2007-07-09,14,35820,Permanent,3.2,Active
1864,BKAIEMP993573,Laksh,Deshpande,Laksh Deshpande,Male,2005-07-09,laksh.deshpande1864@bankai.com,3449668667,89,Retail Banking,Customer Service Executive,860.0,2026-07-04,24,42330,Permanent,3.7,Active
1865,BKAIEMP971317,Kai,Shan,Kai Shan,Male,2002-07-10,kai.shan1865@bankai.com,6170690149,61,Risk Management,Cashier,1783.0,2022-07-05,26,37809,Permanent,4.3,Active
1866,BKAIEMP339357,Agastya,Kale,Agastya Kale,Male,1976-07-16,agastya.kale1866@bankai.com,7156756650,23,Operations,Branch Manager,,2018-07-06,20,145529,Permanent,4.6,Active
1867,BKAIEMP307856,Yashawini,Sami,Yashawini Sami,Female,1979-07-16,yashawini.sami1867@bankai.com,1674492343,15,Retail Banking,Customer Service Executive,1317.0,2007-07-09,13,33486,Permanent,2.7,Active
1868,BKAIEMP507989,Nihal,Bahl,Nihal Bahl,Male,1983-07-15,nihal.bahl1868@bankai.com,5056693754,36,Customer Service,Relationship Manager,239.0,2020-07-05,6,75131,Permanent,3.7,Active
1869,BKAIEMP888583,Gaurav,Saran,Gaurav Saran,Male,2003-07-10,gaurav.saran1869@bankai.com,7892571402,55,Operations,Cashier,1619.0,2018-07-06,26,44805,Permanent,4.1,Active
1870,BKAIEMP596376,Neel,Swaminathan,Neel Swaminathan,Male,1985-07-14,neel.swaminathan1870@bankai.com,2648163849,44,Corporate Banking,Cashier,1048.0,2009-07-08,4,39463,Permanent,2.7,Active
1871,BKAIEMP414341,Atharv,Rajan,Atharv Rajan,Male,1994-07-12,atharv.rajan1871@bankai.com,5853010127,6,Loans,Customer Service Executive,588.0,2009-07-08,11,32182,Permanent,3.2,Active
1872,BKAIEMP462126,Osha,Chad,Osha Chad,Female,1978-07-16,osha.chad1872@bankai.com,0485277586,100,Finance,Relationship Manager,1631.0,2020-07-05,17,77832,Permanent,3.9,Active
1873,BKAIEMP407675,Sara,Narang,Sara Narang,Female,1971-07-18,sara.narang1873@bankai.com,2036344439,48,Operations,Branch Manager,,2014-07-07,22,107932,Permanent,3.9,Active
1874,BKAIEMP869594,Ranbir,Konda,Ranbir Konda,Male,1988-07-13,ranbir.konda1874@bankai.com,1812335761,9,Retail Banking,Relationship Manager,7.0,2007-07-09,27,67210,Permanent,4.7,Active
1875,BKAIEMP282851,Imaran,Dash,Imaran Dash,Male,2000-07-10,imaran.dash1875@bankai.com,4457762626,51,Customer Service,Operations Executive,481.0,2016-07-06,17,49332,Permanent,4.6,Active
1876,BKAIEMP374569,Nirja,Barman,Nirja Barman,Female,1978-07-16,nirja.barman1876@bankai.com,7475944348,7,Customer Service,Cashier,1001.0,2006-07-09,4,38453,Permanent,3.2,Active
1877,BKAIEMP322590,Raagini,Gupta,Raagini Gupta,Female,1976-07-16,raagini.gupta1877@bankai.com,7403767687,7,Risk Management,Customer Service Executive,1491.0,2014-07-07,17,27698,Permanent,3.6,Active
1878,BKAIEMP534208,Falguni,Bajaj,Falguni Bajaj,Female,1976-07-16,falguni.bajaj1878@bankai.com,6751497534,17,Risk Management,Sales Executive,1547.0,2019-07-06,16,43242,Permanent,4.5,Active
1879,BKAIEMP644700,Warinder,Johal,Warinder Johal,Male,1982-07-15,warinder.johal1879@bankai.com,0990009406,67,Information Technology,Customer Service Executive,1170.0,2025-07-04,5,26959,Permanent,3.7,Active
1880,BKAIEMP423030,Zehaan,Doctor,Zehaan Doctor,Male,1984-07-14,zehaan.doctor1880@bankai.com,4453856535,6,Compliance,Relationship Manager,1331.0,2009-07-08,33,70235,Permanent,4.9,Active
1881,BKAIEMP138278,Tripti,Sani,Tripti Sani,Female,1991-07-13,tripti.sani1881@bankai.com,0047091103,91,Operations,Cashier,910.0,2018-07-06,21,38920,Permanent,3.1,Active
1882,BKAIEMP123334,Shivansh,Brahmbhatt,Shivansh Brahmbhatt,Male,1980-07-15,shivansh.brahmbhatt1882@bankai.com,9989965118,61,Corporate Banking,Cashier,1123.0,2022-07-05,13,30997,Permanent,3.6,Active
1883,BKAIEMP913801,Hritik,Sem,Hritik Sem,Male,2000-07-10,hritik.sem1883@bankai.com,6614477618,79,Retail Banking,Customer Service Executive,1580.0,2010-07-08,17,39815,Permanent,3.8,Active
1884,BKAIEMP506019,Aadi,Mand,Aadi Mand,Male,1975-07-17,aadi.mand1884@bankai.com,9666829052,97,Operations,Cashier,1173.0,2013-07-07,2,31696,Permanent,4.5,Active
1885,BKAIEMP892659,Rachit,Badal,Rachit Badal,Male,1975-07-17,rachit.badal1885@bankai.com,4233029276,52,Retail Banking,Sales Executive,1520.0,2016-07-06,32,56175,Contract,3.3,Active
1886,BKAIEMP245750,Liam,Srivastava,Liam Srivastava,Male,1998-07-11,liam.srivastava1886@bankai.com,9862214051,89,Compliance,Loan Officer,121.0,2018-07-06,8,62694,Permanent,4.4,Active
1887,BKAIEMP526911,Rishi,Puri,Rishi Puri,Male,1980-07-15,rishi.puri1887@bankai.com,4747338914,27,Loans,Operations Executive,1719.0,2025-07-04,1,54986,Permanent,4.4,Active
1888,BKAIEMP597619,Geetika,Lal,Geetika Lal,Female,1993-07-12,geetika.lal1888@bankai.com,4420359441,75,Information Technology,Credit Analyst,364.0,2010-07-08,0,55248,Permanent,3.9,Active
1889,BKAIEMP539017,Zayyan,Srivastava,Zayyan Srivastava,Male,1985-07-14,zayyan.srivastava1889@bankai.com,5186647741,99,Operations,Relationship Manager,1583.0,2019-07-06,9,75385,Permanent,4.3,Active
1890,BKAIEMP740413,Qadim,Bose,Qadim Bose,Male,1989-07-13,qadim.bose1890@bankai.com,0258534658,22,Risk Management,Sales Executive,1203.0,2017-07-06,19,35168,Permanent,4.3,Active
1891,BKAIEMP807339,Qabil,Ganesh,Qabil Ganesh,Male,1990-07-13,qabil.ganesh1891@bankai.com,7895599098,42,Customer Service,Customer Service Executive,1408.0,2006-07-09,5,44710,Permanent,2.8,Active
1892,BKAIEMP128085,Raghav,Narayanan,Raghav Narayanan,Male,1981-07-15,raghav.narayanan1892@bankai.com,8167592383,77,Loans,Clerk,131.0,2007-07-09,28,27570,Permanent,3.6,Active
1893,BKAIEMP384745,Nachiket,Walia,Nachiket Walia,Male,1991-07-13,nachiket.walia1893@bankai.com,8003814634,72,Human Resources,Customer Service Executive,1521.0,2018-07-06,10,33039,Permanent,4.2,Active
1894,BKAIEMP588540,Nachiket,Dugar,Nachiket Dugar,Male,1971-07-18,nachiket.dugar1894@bankai.com,9597309121,15,Risk Management,Sales Executive,966.0,2010-07-08,4,58181,Contract,3.5,Active
1895,BKAIEMP460437,Warinder,Hans,Warinder Hans,Male,1972-07-17,warinder.hans1895@bankai.com,1146133155,75,Retail Banking,Customer Service Executive,211.0,2014-07-07,7,33277,Permanent,4.0,Active
1896,BKAIEMP197678,Azad,Nagi,Azad Nagi,Male,1984-07-14,azad.nagi1896@bankai.com,0304407781,1,Operations,Sales Executive,920.0,2025-07-04,32,33749,Permanent,4.8,Inactive
1897,BKAIEMP150252,Samar,Patel,Samar Patel,Male,1992-07-12,samar.patel1897@bankai.com,5576634541,4,Human Resources,Loan Officer,1289.0,2009-07-08,28,37060,Permanent,4.7,Active
1898,BKAIEMP654373,Chandran,Dhaliwal,Chandran Dhaliwal,Male,1995-07-12,chandran.dhaliwal1898@bankai.com,9945206419,77,Risk Management,Relationship Manager,1127.0,2021-07-05,9,64397,Permanent,4.6,Active
1899,BKAIEMP579873,Damini,Raja,Damini Raja,Female,1996-07-11,damini.raja1899@bankai.com,9100822421,67,Human Resources,Customer Service Executive,1352.0,2008-07-08,1,36104,Contract,3.0,Active
1900,BKAIEMP666060,Sathvik,Thakur,Sathvik Thakur,Male,2005-07-09,sathvik.thakur1900@bankai.com,2175626996,55,Information Technology,Assistant Manager,1404.0,2023-07-05,26,83567,Permanent,4.7,Active
1901,BKAIEMP238864,Gunbir,Madan,Gunbir Madan,Male,2005-07-09,gunbir.madan1901@bankai.com,9100593257,72,Retail Banking,Cashier,1087.0,2022-07-05,25,25548,Permanent,2.8,Active
1902,BKAIEMP304072,Vasatika,Bawa,Vasatika Bawa,Female,1989-07-13,vasatika.bawa1902@bankai.com,2200748597,36,Customer Service,Relationship Manager,448.0,2016-07-06,26,70001,Permanent,3.0,Active
1903,BKAIEMP106154,Vedika,Das,Vedika Das,Female,2000-07-10,vedika.das1903@bankai.com,9514520580,23,Retail Banking,Operations Executive,1507.0,2017-07-06,31,51689,Contract,2.9,Active
1904,BKAIEMP714011,Adweta,Rai,Adweta Rai,Female,2000-07-10,adweta.rai1904@bankai.com,4802240654,20,Operations,Relationship Manager,940.0,2015-07-07,1,61295,Permanent,3.9,Active
1905,BKAIEMP362065,Ryan,Om,Ryan Om,Male,1966-07-19,ryan.om1905@bankai.com,9041898566,49,Compliance,Sales Executive,2.0,2022-07-05,3,54714,Permanent,3.4,Active
1906,BKAIEMP469025,Charvi,Ramachandran,Charvi Ramachandran,Female,1983-07-15,charvi.ramachandran1906@bankai.com,5623887888,29,Risk Management,Operations Executive,524.0,2010-07-08,2,54703,Permanent,3.8,Active
1907,BKAIEMP354879,Simon,Khanna,Simon Khanna,Male,1980-07-15,simon.khanna1907@bankai.com,3606229011,90,Customer Service,Clerk,1722.0,2010-07-08,1,30958,Permanent,3.4,Active
1908,BKAIEMP487384,Aayush,Mammen,Aayush Mammen,Male,1988-07-13,aayush.mammen1908@bankai.com,9471990380,92,Risk Management,Cashier,842.0,2022-07-05,33,31474,Contract,3.1,Active
1909,BKAIEMP527559,Kabir,Verma,Kabir Verma,Male,1987-07-14,kabir.verma1909@bankai.com,3829441914,75,Corporate Banking,Cashier,265.0,2015-07-07,33,44053,Permanent,4.5,Active
1910,BKAIEMP241440,Radhika,Kaul,Radhika Kaul,Female,2002-07-10,radhika.kaul1910@bankai.com,7283951673,33,Loans,Customer Service Executive,1239.0,2010-07-08,11,37679,Permanent,4.9,Active
1911,BKAIEMP176201,Indrajit,Date,Indrajit Date,Male,1976-07-16,indrajit.date1911@bankai.com,7084886865,73,Information Technology,Cashier,836.0,2021-07-05,25,31197,Permanent,3.4,Inactive
1912,BKAIEMP716549,Geetika,Pillai,Geetika Pillai,Female,1967-07-19,geetika.pillai1912@bankai.com,2828018323,94,Human Resources,Clerk,508.0,2020-07-05,9,27252,Permanent,4.3,Active
1913,BKAIEMP572844,Tejas,Uppal,Tejas Uppal,Male,1966-07-19,tejas.uppal1913@bankai.com,6846767809,24,Finance,Customer Service Executive,1877.0,2013-07-07,31,25404,Permanent,3.1,Active
1914,BKAIEMP737543,Imaran,Srinivasan,Imaran Srinivasan,Male,1990-07-13,imaran.srinivasan1914@bankai.com,4959752135,13,Finance,Clerk,410.0,2007-07-09,16,30648,Permanent,4.9,Active
1915,BKAIEMP130755,Neel,Padmanabhan,Neel Padmanabhan,Male,2005-07-09,neel.padmanabhan1915@bankai.com,9289748741,9,Customer Service,Relationship Manager,610.0,2025-07-04,0,75566,Contract,2.9,Active
1916,BKAIEMP877195,Sanya,Dugar,Sanya Dugar,Female,1991-07-13,sanya.dugar1916@bankai.com,7511997645,5,Customer Service,Assistant Manager,1498.0,2008-07-08,19,62317,Permanent,2.8,Active
1917,BKAIEMP766441,Tanvi,Parekh,Tanvi Parekh,Female,1971-07-18,tanvi.parekh1917@bankai.com,1564196789,61,Loans,Cashier,68.0,2008-07-08,9,42699,Permanent,3.3,Active
1918,BKAIEMP411271,Aryan,Jhaveri,Aryan Jhaveri,Male,2005-07-09,aryan.jhaveri1918@bankai.com,8201630159,43,Information Technology,Operations Executive,1453.0,2006-07-09,8,34958,Permanent,3.0,Active
1919,BKAIEMP547349,Logan,Dhillon,Logan Dhillon,Male,1978-07-16,logan.dhillon1919@bankai.com,8483492766,78,Corporate Banking,Customer Service Executive,1275.0,2018-07-06,31,43307,Permanent,3.5,Active
1920,BKAIEMP956114,Joshua,Sarin,Joshua Sarin,Male,2003-07-10,joshua.sarin1920@bankai.com,1804033480,84,Finance,Clerk,824.0,2009-07-08,34,24157,Permanent,2.7,Active
1921,BKAIEMP745594,Theodore,Khurana,Theodore Khurana,Male,1979-07-16,theodore.khurana1921@bankai.com,8667155446,53,Corporate Banking,Clerk,1918.0,2010-07-08,28,29055,Permanent,4.9,Active
1922,BKAIEMP990843,Ganga,Ramaswamy,Ganga Ramaswamy,Female,2005-07-09,ganga.ramaswamy1922@bankai.com,9674627205,40,Operations,Credit Analyst,1629.0,2017-07-06,18,82161,Permanent,4.3,Active
1923,BKAIEMP792559,Bhavika,Chhabra,Bhavika Chhabra,Female,1966-07-19,bhavika.chhabra1923@bankai.com,8567285021,41,Risk Management,Customer Service Executive,199.0,2026-07-04,30,26698,Permanent,3.7,Active
1924,BKAIEMP165126,Jason,Bahri,Jason Bahri,Male,1991-07-13,jason.bahri1924@bankai.com,7558212626,54,Corporate Banking,Clerk,1552.0,2008-07-08,22,34481,Permanent,4.9,Active
1925,BKAIEMP719484,Qasim,Rao,Qasim Rao,Male,1993-07-12,qasim.rao1925@bankai.com,8446078907,67,Compliance,Customer Service Executive,397.0,2020-07-05,4,40060,Permanent,3.2,Active
1926,BKAIEMP987754,Chandresh,Thaman,Chandresh Thaman,Male,1977-07-16,chandresh.thaman1926@bankai.com,7755129441,37,Human Resources,Clerk,1248.0,2026-07-04,17,34775,Permanent,3.6,Active
1927,BKAIEMP912087,Pallavi,Jha,Pallavi Jha,Female,1991-07-13,pallavi.jha1927@bankai.com,6498283859,41,Corporate Banking,Cashier,1891.0,2026-07-04,8,40415,Permanent,2.7,Active
1928,BKAIEMP821484,Tristan,Saraf,Tristan Saraf,Male,1970-07-18,tristan.saraf1928@bankai.com,6590705549,100,Finance,Cashier,184.0,2011-07-08,2,32828,Contract,2.9,Active
1929,BKAIEMP301940,Indrajit,Sankaran,Indrajit Sankaran,Male,1989-07-13,indrajit.sankaran1929@bankai.com,7156922094,5,Information Technology,Loan Officer,1667.0,2024-07-04,24,58200,Permanent,3.4,Active
1930,BKAIEMP436551,Samaksh,Khosla,Samaksh Khosla,Male,1977-07-16,samaksh.khosla1930@bankai.com,1535977100,34,Customer Service,Operations Executive,1472.0,2007-07-09,6,42858,Permanent,3.1,Active
1931,BKAIEMP961151,Lajita,Shere,Lajita Shere,Female,1975-07-17,lajita.shere1931@bankai.com,3494314872,1,Retail Banking,Assistant Manager,584.0,2026-07-04,31,79262,Permanent,4.6,Active
1932,BKAIEMP665786,Vivaan,Tella,Vivaan Tella,Male,1988-07-13,vivaan.tella1932@bankai.com,6413547416,3,Operations,Credit Analyst,1238.0,2009-07-08,7,59804,Permanent,4.5,Active
1933,BKAIEMP904446,Vivaan,Kala,Vivaan Kala,Male,2003-07-10,vivaan.kala1933@bankai.com,2328555809,31,Human Resources,Cashier,762.0,2009-07-08,10,43175,Permanent,4.9,Active
1934,BKAIEMP660126,Matthew,Sura,Matthew Sura,Male,1971-07-18,matthew.sura1934@bankai.com,8166028413,2,Loans,Assistant Manager,803.0,2016-07-06,28,65159,Permanent,3.3,Inactive
1935,BKAIEMP313619,Hredhaan,Mittal,Hredhaan Mittal,Male,1990-07-13,hredhaan.mittal1935@bankai.com,0407146971,44,Risk Management,Operations Executive,271.0,2020-07-05,13,31818,Contract,4.0,Active
1936,BKAIEMP156016,Yash,Korpal,Yash Korpal,Male,1978-07-16,yash.korpal1936@bankai.com,1855950837,63,Retail Banking,Assistant Manager,1036.0,2007-07-09,32,78297,Permanent,4.9,Active
1937,BKAIEMP728605,Andrew,Das,Andrew Das,Male,1966-07-19,andrew.das1937@bankai.com,0396101759,12,Human Resources,Customer Service Executive,1719.0,2006-07-09,7,34245,Permanent,2.7,Active
1938,BKAIEMP496961,Urvashi,Banik,Urvashi Banik,Female,1999-07-11,urvashi.banik1938@bankai.com,7949078692,13,Finance,Relationship Manager,1101.0,2018-07-06,24,67184,Permanent,3.4,Active
1939,BKAIEMP722853,Chandran,Rao,Chandran Rao,Male,1980-07-15,chandran.rao1939@bankai.com,1593896763,5,Customer Service,Customer Service Executive,932.0,2021-07-05,7,29808,Permanent,3.1,Active
1940,BKAIEMP481008,Yagnesh,Khatri,Yagnesh Khatri,Male,1988-07-13,yagnesh.khatri1940@bankai.com,5896070722,38,Compliance,Cashier,1488.0,2025-07-04,17,42426,Permanent,4.2,Active
1941,BKAIEMP887181,Krishna,Chada,Krishna Chada,Male,2001-07-10,krishna.chada1941@bankai.com,3513901430,38,Risk Management,Relationship Manager,1528.0,2024-07-04,28,67213,Permanent,3.9,Active
1942,BKAIEMP238695,Gayathri,Tailor,Gayathri Tailor,Female,1979-07-16,gayathri.tailor1942@bankai.com,9366357967,24,Operations,Sales Executive,670.0,2008-07-08,26,42318,Contract,3.4,Inactive
1943,BKAIEMP415838,Advay,Hayre,Advay Hayre,Male,2004-07-09,advay.hayre1943@bankai.com,0735658260,17,Finance,Cashier,996.0,2009-07-08,34,39693,Permanent,4.8,Active
1944,BKAIEMP512479,Gautam,Sagar,Gautam Sagar,Male,1990-07-13,gautam.sagar1944@bankai.com,7941288669,6,Risk Management,Credit Analyst,811.0,2019-07-06,3,78440,Permanent,3.4,Active
1945,BKAIEMP378902,Devansh,Hayre,Devansh Hayre,Male,2005-07-09,devansh.hayre1945@bankai.com,1425261197,80,Human Resources,Customer Service Executive,1204.0,2023-07-05,27,25358,Permanent,4.0,Active
1946,BKAIEMP770139,Osha,Mohan,Osha Mohan,Female,2004-07-09,osha.mohan1946@bankai.com,5744653255,19,Finance,Assistant Manager,278.0,2026-07-04,15,79933,Permanent,2.9,Active
1947,BKAIEMP829928,Dayamai,Verma,Dayamai Verma,Female,1967-07-19,dayamai.verma1947@bankai.com,8513673805,47,Operations,Operations Executive,1757.0,2023-07-05,29,48824,Permanent,3.0,Active
1948,BKAIEMP145086,Chandresh,Kalita,Chandresh Kalita,Male,1997-07-11,chandresh.kalita1948@bankai.com,6841847146,60,Finance,Operations Executive,1879.0,2011-07-08,27,39675,Permanent,3.1,Active
1949,BKAIEMP434519,Baljiwan,Lal,Baljiwan Lal,Male,1987-07-14,baljiwan.lal1949@bankai.com,3354011272,96,Human Resources,Clerk,1239.0,2017-07-06,2,33362,Permanent,3.3,Active
1950,BKAIEMP226642,Abdul,Hayre,Abdul Hayre,Male,1970-07-18,abdul.hayre1950@bankai.com,8764770906,77,Risk Management,Branch Manager,,2015-07-07,35,172477,Permanent,3.0,Active
1951,BKAIEMP525873,Kashish,Shroff,Kashish Shroff,Female,1995-07-12,kashish.shroff1951@bankai.com,2950767162,22,Information Technology,Operations Executive,1627.0,2015-07-07,25,34895,Permanent,4.0,Active
1952,BKAIEMP951042,Ansh,Manda,Ansh Manda,Male,1979-07-16,ansh.manda1952@bankai.com,8041869303,14,Risk Management,Cashier,1722.0,2022-07-05,15,35144,Permanent,2.6,Active
1953,BKAIEMP525831,Nitesh,Rattan,Nitesh Rattan,Male,2004-07-09,nitesh.rattan1953@bankai.com,9674199160,17,Operations,Customer Service Executive,724.0,2024-07-04,26,36992,Permanent,2.6,Active
1954,BKAIEMP341591,Advaith,Ram,Advaith Ram,Male,2000-07-10,advaith.ram1954@bankai.com,9097034251,55,Compliance,Branch Manager,,2023-07-05,28,131423,Permanent,3.4,Active
1955,BKAIEMP416902,David,Biswas,David Biswas,Male,2001-07-10,david.biswas1955@bankai.com,8913682967,27,Operations,Relationship Manager,1210.0,2016-07-06,16,65158,Permanent,3.2,Active
1956,BKAIEMP324179,Harita,Dalal,Harita Dalal,Female,1999-07-11,harita.dalal1956@bankai.com,3193625260,88,Finance,Operations Executive,1423.0,2012-07-07,23,49120,Permanent,4.3,Active
1957,BKAIEMP768178,Udyati,Bakshi,Udyati Bakshi,Female,1969-07-18,udyati.bakshi1957@bankai.com,5480293358,69,Risk Management,Assistant Manager,891.0,2017-07-06,33,87774,Permanent,4.0,Active
1958,BKAIEMP304271,Gopal,Butala,Gopal Butala,Male,1985-07-14,gopal.butala1958@bankai.com,6573517454,92,Information Technology,Relationship Manager,1014.0,2018-07-06,15,75146,Permanent,4.9,Active
1959,BKAIEMP882334,Orinder,Das,Orinder Das,Male,1975-07-17,orinder.das1959@bankai.com,2140128331,61,Corporate Banking,Operations Executive,1111.0,2018-07-06,15,38007,Permanent,4.5,Active
1960,BKAIEMP553495,Wridesh,Arora,Wridesh Arora,Male,1974-07-17,wridesh.arora1960@bankai.com,5971771703,31,Operations,Assistant Manager,389.0,2022-07-05,23,82616,Permanent,4.2,Active
1961,BKAIEMP403138,Zashil,Seth,Zashil Seth,Male,1989-07-13,zashil.seth1961@bankai.com,9412460516,6,Loans,Relationship Manager,1779.0,2009-07-08,25,53740,Permanent,4.4,Active
1962,BKAIEMP494329,Oeshi,Joshi,Oeshi Joshi,Female,1966-07-19,oeshi.joshi1962@bankai.com,7684187677,76,Loans,Credit Analyst,529.0,2021-07-05,29,78789,Permanent,3.1,Active
1963,BKAIEMP247525,Rishi,Mammen,Rishi Mammen,Male,2003-07-10,rishi.mammen1963@bankai.com,4597317303,18,Operations,Operations Executive,1405.0,2021-07-05,21,30710,Permanent,3.1,Inactive
1964,BKAIEMP898118,Shivansh,Seth,Shivansh Seth,Male,1994-07-12,shivansh.seth1964@bankai.com,7451048480,67,Customer Service,Customer Service Executive,601.0,2022-07-05,14,31960,Contract,3.7,Active
1965,BKAIEMP938541,Ikbal,Dada,Ikbal Dada,Male,1975-07-17,ikbal.dada1965@bankai.com,5605427079,43,Finance,Relationship Manager,1766.0,2024-07-04,0,66512,Permanent,4.2,Active
1966,BKAIEMP439327,Mason,Sood,Mason Sood,Male,1978-07-16,mason.sood1966@bankai.com,1110797647,73,Information Technology,Credit Analyst,1275.0,2024-07-04,28,63221,Permanent,3.1,Active
1967,BKAIEMP357797,Ubika,Om,Ubika Om,Female,1992-07-12,ubika.om1967@bankai.com,2897226934,87,Loans,Cashier,378.0,2013-07-07,18,29933,Permanent,3.7,Active
1968,BKAIEMP861241,Advik,Jani,Advik Jani,Male,1973-07-17,advik.jani1968@bankai.com,9846856066,90,Retail Banking,Clerk,1956.0,2014-07-07,26,28583,Contract,4.3,Active
1969,BKAIEMP479066,Tanvi,Bir,Tanvi Bir,Female,2002-07-10,tanvi.bir1969@bankai.com,8268709777,31,Risk Management,Branch Manager,,2025-07-04,35,133916,Permanent,2.9,Active
1970,BKAIEMP863285,Vivaan,Baria,Vivaan Baria,Male,2003-07-10,vivaan.baria1970@bankai.com,9962637792,82,Compliance,Customer Service Executive,1621.0,2017-07-06,5,26757,Permanent,3.7,Active
1971,BKAIEMP630935,Ayaan,Sarma,Ayaan Sarma,Male,1995-07-12,ayaan.sarma1971@bankai.com,5128962206,55,Compliance,Cashier,861.0,2022-07-05,23,37165,Permanent,2.5,Active
1972,BKAIEMP357016,Isha,Gade,Isha Gade,Female,1980-07-15,isha.gade1972@bankai.com,3302399344,25,Human Resources,Branch Manager,,2015-07-07,2,173138,Permanent,4.5,Active
1973,BKAIEMP864336,Amrita,Purohit,Amrita Purohit,Female,2001-07-10,amrita.purohit1973@bankai.com,3069523578,37,Information Technology,Loan Officer,918.0,2018-07-06,26,55647,Permanent,4.1,Active
1974,BKAIEMP884923,Michael,Chana,Michael Chana,Male,1969-07-18,michael.chana1974@bankai.com,8537006448,70,Customer Service,Relationship Manager,1725.0,2007-07-09,31,50071,Permanent,4.8,Active
1975,BKAIEMP953402,Wriddhish,Oak,Wriddhish Oak,Male,1985-07-14,wriddhish.oak1975@bankai.com,1198042554,2,Customer Service,Operations Executive,1224.0,2020-07-05,20,34683,Permanent,4.4,Active
1976,BKAIEMP719160,Neel,Kota,Neel Kota,Male,1989-07-13,neel.kota1976@bankai.com,6425507868,49,Corporate Banking,Relationship Manager,268.0,2023-07-05,14,55285,Permanent,4.0,Active
1977,BKAIEMP445552,Rushil,Bala,Rushil Bala,Male,1966-07-19,rushil.bala1977@bankai.com,0392213170,37,Human Resources,Customer Service Executive,1911.0,2016-07-06,6,32470,Permanent,2.5,Active
1978,BKAIEMP244148,Sai,Sachdeva,Sai Sachdeva,Male,1993-07-12,sai.sachdeva1978@bankai.com,9928798728,76,Human Resources,Cashier,1441.0,2017-07-06,10,41308,Permanent,4.6,Active
1979,BKAIEMP882786,Jeremiah,Dugar,Jeremiah Dugar,Male,1973-07-17,jeremiah.dugar1979@bankai.com,9562917964,90,Compliance,Cashier,132.0,2010-07-08,29,41422,Permanent,4.8,Active
1980,BKAIEMP160616,Aayush,Keer,Aayush Keer,Male,1984-07-14,aayush.keer1980@bankai.com,2888070051,85,Human Resources,Customer Service Executive,1737.0,2017-07-06,30,27208,Permanent,2.6,Active
1981,BKAIEMP703491,Widisha,Muni,Widisha Muni,Female,1982-07-15,widisha.muni1981@bankai.com,1202201754,52,Customer Service,Relationship Manager,958.0,2008-07-08,16,62761,Permanent,4.4,Active
1982,BKAIEMP694929,Rushil,Majumdar,Rushil Majumdar,Male,1981-07-15,rushil.majumdar1982@bankai.com,9210466275,25,Human Resources,Cashier,495.0,2026-07-04,17,39574,Permanent,3.5,Active
1983,BKAIEMP537445,Harinakshi,Ravi,Harinakshi Ravi,Female,2000-07-10,harinakshi.ravi1983@bankai.com,4420360785,50,Risk Management,Assistant Manager,272.0,2026-07-04,9,63242,Permanent,3.4,Active
1984,BKAIEMP446600,Harrison,Arya,Harrison Arya,Male,1974-07-17,harrison.arya1984@bankai.com,8723836806,86,Human Resources,Customer Service Executive,1940.0,2014-07-07,17,35566,Permanent,4.4,Active
1985,BKAIEMP367141,Oliver,Sehgal,Oliver Sehgal,Male,1975-07-17,oliver.sehgal1985@bankai.com,3267148581,56,Customer Service,Clerk,12.0,2026-07-04,11,22856,Permanent,3.6,Active
1986,BKAIEMP405314,Charvi,Patla,Charvi Patla,Female,2002-07-10,charvi.patla1986@bankai.com,1967972092,46,Corporate Banking,Sales Executive,850.0,2014-07-07,8,41563,Permanent,2.8,Active
1987,BKAIEMP907235,Dhruv,Batra,Dhruv Batra,Male,1973-07-17,dhruv.batra1987@bankai.com,8285233297,76,Information Technology,Loan Officer,968.0,2017-07-06,4,35323,Permanent,4.6,Active
1988,BKAIEMP117813,Hardik,Sood,Hardik Sood,Male,1973-07-17,hardik.sood1988@bankai.com,8291585511,100,Operations,Credit Analyst,1714.0,2016-07-06,27,80798,Permanent,4.3,Active
1989,BKAIEMP752435,Vamakshi,Chacko,Vamakshi Chacko,Female,1986-07-14,vamakshi.chacko1989@bankai.com,9207574142,35,Loans,Cashier,1877.0,2020-07-05,2,41799,Permanent,2.7,Active
1990,BKAIEMP741165,Jagat,Sabharwal,Jagat Sabharwal,Male,1971-07-18,jagat.sabharwal1990@bankai.com,6259188312,29,Retail Banking,Operations Executive,1247.0,2018-07-06,34,54468,Permanent,3.2,Active
1991,BKAIEMP963683,Umang,Keer,Umang Keer,Male,1967-07-19,umang.keer1991@bankai.com,7724434354,61,Information Technology,Cashier,993.0,2008-07-08,4,40957,Permanent,3.2,Inactive
1992,BKAIEMP508148,Yug,Gala,Yug Gala,Male,1966-07-19,yug.gala1992@bankai.com,5715643802,35,Human Resources,Relationship Manager,27.0,2017-07-06,23,65825,Permanent,3.7,Active
1993,BKAIEMP413686,Jeevika,Madan,Jeevika Madan,Female,1973-07-17,jeevika.madan1993@bankai.com,4247960009,2,Information Technology,Operations Executive,660.0,2011-07-08,31,50978,Permanent,3.1,Active
1994,BKAIEMP147350,Bachittar,Saini,Bachittar Saini,Male,1997-07-11,bachittar.saini1994@bankai.com,7376242662,85,Risk Management,Cashier,3.0,2021-07-05,35,33223,Permanent,4.1,Active
1995,BKAIEMP470959,Faraj,Bali,Faraj Bali,Male,1972-07-17,faraj.bali1995@bankai.com,6930914015,77,Loans,Loan Officer,681.0,2010-07-08,5,53374,Permanent,4.7,Active
1996,BKAIEMP201050,Darika,Comar,Darika Comar,Female,1969-07-18,darika.comar1996@bankai.com,2264147569,96,Compliance,Relationship Manager,1362.0,2012-07-07,14,75878,Permanent,3.6,Active
1997,BKAIEMP169933,Kiaan,Dass,Kiaan Dass,Male,1973-07-17,kiaan.dass1997@bankai.com,3598474229,55,Customer Service,Clerk,1862.0,2010-07-08,19,33823,Permanent,2.5,Active
1998,BKAIEMP924922,Turvi,Sagar,Turvi Sagar,Female,1972-07-17,turvi.sagar1998@bankai.com,7153902262,51,Human Resources,Sales Executive,1651.0,2018-07-06,20,33474,Permanent,2.9,Active
1999,BKAIEMP132640,Saksham,Nair,Saksham Nair,Male,1982-07-15,saksham.nair1999@bankai.com,0329909006,93,Human Resources,Clerk,772.0,2007-07-09,27,34398,Permanent,3.6,Active
2000,BKAIEMP990562,Bahadurjit,Muni,Bahadurjit Muni,Male,1977-07-16,bahadurjit.muni2000@bankai.com,2787355404,25,Retail Banking,Customer Service Executive,787.0,2014-07-07,6,30957,Permanent,3.0,Active
